order_id,order_number,shipping_date,order_date,order_status,order_total,total_price,address_id,customer_id
0,0,2024-11-10,2024-11-11,completed,3,16951500.0,3,1
1,1,2024-02-21,2024-07-08,cancelled,1,8142000.0,4,3
2,2,2024-10-09,2024-11-02,completed,2,34071920.0,2,3
3,3,2024-02-17,2024-07-09,completed,3,2881000.0,4,2
4,4,2024-05-08,2024-09-25,completed,2,43440000.0,1,3
5,5,2024-06-04,2024-10-10,completed,1,6314700.0,1,3
6,6,2024-09-15,2024-10-25,completed,1,1578000.0,3,2
7,7,2024-06-09,2024-08-29,completed,3,3754900.0,2,1
8,8,2024-01-31,2024-02-23,completed,2,3277560.0,3,2
9,9,2024-05-12,2024-07-07,completed,2,7334000.0,3,2
10,10,2024-11-09,2024-11-10,cancelled,1,3680640.0,4,1
11,11,2024-09-08,2024-11-05,completed,2,5352000.0,1,2
12,12,2024-04-12,2024-07-10,completed,1,9717460.0,4,1
13,13,2024-07-19,2024-08-08,completed,1,1328900.0,2,2
14,14,2024-05-27,2024-08-13,completed,1,3374000.0,3,3
15,15,2024-04-24,2024-10-19,completed,3,14640000.0,3,2
16,16,2024-08-27,2024-10-19,completed,2,5828120.0,1,1
17,17,2024-05-05,2024-07-05,completed,1,1548000.0,2,1
18,18,2024-03-15,2024-04-08,completed,3,8318700.0,3,2
19,19,2024-01-25,2024-10-19,completed,2,38468680.0,3,3
20,20,2024-08-13,2024-08-14,cancelled,1,7470000.0,2,2
21,21,2024-06-27,2024-09-28,completed,1,4958640.0,2,1
22,22,2024-11-09,2024-11-10,completed,3,18664900.0,1,2
23,23,2024-04-19,2024-11-04,completed,1,608640.0,2,1
24,24,2024-03-20,2024-05-22,completed,1,1657110.0,2,1
25,25,2024-09-26,2024-09-26,cancelled,2,8828140.0,4,1
26,26,2024-04-05,2024-06-23,completed,3,28807120.0,3,2
27,27,2024-06-27,2024-08-09,completed,3,21642600.0,4,2
28,28,2024-05-21,2024-11-09,completed,1,1052000.0,2,1
29,29,2024-11-01,2024-11-08,completed,2,20147200.0,3,1
30,30,2024-04-10,2024-04-15,cancelled,1,11723740.0,2,3
31,31,2024-03-20,2024-09-29,completed,1,7656000.0,1,3
32,32,2024-07-14,2024-08-27,completed,1,489179.99999999994,4,3
33,33,2024-02-05,2024-03-21,completed,1,3194800.0,2,2
34,34,2024-06-07,2024-07-17,cancelled,1,526000.0,2,2
35,35,2024-02-27,2024-06-10,cancelled,1,1482000.0,4,1
36,36,2024-02-19,2024-04-19,completed,3,9251100.0,1,1
37,37,2024-07-26,2024-08-13,cancelled,3,61238160.0,4,3
38,38,2024-10-17,2024-11-11,completed,3,5950480.0,3,1
39,39,2024-10-13,2024-11-05,cancelled,3,27697720.0,4,2
40,40,2024-05-05,2024-06-18,completed,1,1782200.0,3,2
41,41,2024-07-07,2024-07-13,completed,2,56843640.0,2,2
42,42,2024-08-27,2024-10-23,completed,2,1817640.0,4,3
43,43,2024-08-30,2024-09-02,completed,2,6079020.0,3,2
44,44,2024-09-08,2024-10-18,completed,3,62543800.0,3,2
45,45,2024-06-15,2024-07-20,completed,2,7697740.0,2,3
46,46,2024-04-22,2024-10-04,completed,2,4096220.0,2,2
47,47,2024-04-03,2024-04-26,completed,2,5295480.0,3,2
48,48,2024-07-15,2024-07-29,completed,2,17674000.0,2,3
49,49,2024-03-25,2024-07-30,completed,3,6152700.0,3,1
50,50,2024-02-08,2024-04-19,completed,2,3820300.0,3,1
51,51,2024-10-09,2024-10-15,completed,1,499700.0,2,3
52,52,2024-10-18,2024-10-26,completed,3,6021140.0,4,2
53,53,2024-04-15,2024-06-23,cancelled,3,16457020.0,3,2
54,54,2024-05-12,2024-08-23,cancelled,1,864800.0,4,1
55,55,2024-10-22,2024-10-26,completed,3,8917940.0,3,3
56,56,2024-09-21,2024-09-23,completed,3,6337320.0,4,3
57,57,2024-09-13,2024-10-30,completed,1,1132200.0,3,1
58,58,2024-03-12,2024-03-21,cancelled,2,6377040.0,2,3
59,59,2024-01-11,2024-04-16,completed,1,10021680.0,2,3
60,60,2024-08-12,2024-10-06,cancelled,2,9534000.0,3,1
61,61,2024-04-10,2024-07-29,completed,2,6869900.0,2,1
62,62,2024-08-07,2024-08-07,completed,1,1775760.0,4,3
63,63,2024-08-01,2024-08-25,completed,1,5430000.0,3,2
64,64,2024-08-13,2024-10-17,completed,3,9588950.0,2,1
65,65,2024-02-01,2024-04-27,cancelled,3,17480550.0,2,1
66,66,2024-06-14,2024-10-27,completed,1,1774000.0,1,3
67,67,2024-10-23,2024-11-11,completed,2,8897280.0,2,3
68,68,2024-02-13,2024-10-30,completed,2,29955000.0,2,1
69,69,2024-08-08,2024-10-20,completed,2,6724520.0,3,1
70,70,2024-06-15,2024-08-16,completed,2,36649140.0,3,2
71,71,2024-09-06,2024-10-11,completed,1,3720600.0,1,1
72,72,2024-06-14,2024-11-03,completed,3,9613400.0,2,1
73,73,2024-10-24,2024-10-25,cancelled,1,1131600.0,4,1
74,74,2024-02-17,2024-08-01,cancelled,2,3743000.0,3,3
75,75,2024-09-23,2024-10-04,completed,2,2273120.0,1,2
76,76,2024-06-18,2024-09-24,completed,2,6506500.0,4,1
77,77,2024-07-08,2024-07-25,completed,1,1037000.0,1,3
78,78,2024-01-02,2024-10-01,completed,3,23405400.0,4,3
79,79,2024-03-19,2024-04-26,completed,1,2331000.0,1,3
80,80,2024-06-17,2024-09-19,completed,2,56591800.0,3,2
81,81,2024-04-14,2024-05-28,completed,2,18571910.0,3,1
82,82,2024-02-28,2024-03-27,completed,2,7928700.0,1,2
83,83,2024-02-27,2024-08-28,completed,3,61307310.0,4,1
84,84,2024-05-15,2024-05-27,completed,2,3493060.0,4,3
85,85,2024-08-21,2024-09-13,completed,3,18232150.0,2,3
86,86,2024-10-23,2024-10-23,completed,2,6131520.0,4,2
87,87,2024-10-26,2024-10-26,completed,2,6520000.0,1,2
88,88,2024-10-30,2024-11-07,completed,1,659640.0,2,2
89,89,2024-06-07,2024-07-03,completed,2,70217280.0,4,2
90,90,2024-01-25,2024-10-08,completed,2,2562260.0,2,2
91,91,2024-05-20,2024-05-30,completed,3,20175000.0,3,1
92,92,2024-04-17,2024-04-20,completed,2,13585620.0,1,1
93,93,2024-02-26,2024-10-02,completed,2,523010000.0,4,1
94,94,2024-09-12,2024-10-24,completed,3,8282000.0,1,3
95,95,2024-07-26,2024-10-08,completed,3,8420300.0,2,1
96,96,2024-03-10,2024-06-21,completed,2,6940860.0,2,1
97,97,2024-07-23,2024-09-24,completed,3,5887180.0,2,2
98,98,2024-10-09,2024-10-18,cancelled,2,3640860.0,1,1
99,99,2024-04-11,2024-06-29,completed,3,30830000.0,4,3
100,100,2024-05-18,2024-11-11,completed,2,3136480.0,3,3
101,101,2024-03-27,2024-05-13,completed,3,8995040.0,1,2
102,102,2024-06-26,2024-10-08,completed,3,4004460.0,1,2
103,103,2024-02-13,2024-05-08,completed,1,1514880.0,2,3
104,104,2024-07-20,2024-11-11,completed,1,3960000.0,3,3
105,105,2024-02-07,2024-06-24,completed,2,6450840.0,1,1
106,106,2024-08-04,2024-09-14,completed,1,2676480.0,3,1
107,107,2024-09-21,2024-10-04,completed,2,175146680.0,4,1
108,108,2024-07-13,2024-08-15,completed,3,12201720.0,2,2
109,109,2024-07-29,2024-09-18,completed,2,1702720.0,3,2
110,110,2024-01-07,2024-07-11,completed,3,4818120.0,4,1
111,111,2024-04-08,2024-10-20,completed,1,3872960.0,1,3
112,112,2024-02-22,2024-05-26,cancelled,3,3984300.0,3,1
113,113,2024-11-09,2024-11-10,completed,2,6192380.0,3,3
114,114,2024-07-16,2024-08-19,completed,2,8867400.0,3,2
115,115,2024-01-06,2024-11-04,completed,3,24509580.0,2,1
116,116,2024-03-28,2024-07-18,completed,2,5037000.0,3,2
117,117,2024-10-13,2024-11-02,completed,1,7342080.0,2,1
118,118,2024-10-17,2024-11-04,completed,2,3925870.0,1,2
119,119,2024-01-07,2024-02-12,completed,1,26442000.0,3,2
120,120,2024-07-31,2024-10-21,completed,2,7721860.0,3,1
121,121,2024-08-01,2024-08-20,completed,1,4830000.0,2,3
122,122,2024-03-12,2024-05-24,completed,3,11406860.0,2,1
123,123,2024-10-20,2024-10-23,completed,2,24182820.0,2,3
124,124,2024-07-12,2024-08-21,completed,3,5813540.0,2,2
125,125,2024-04-08,2024-10-26,completed,2,12664410.0,2,2
126,126,2024-05-16,2024-05-16,completed,1,2192000.0,2,1
127,127,2024-05-05,2024-06-22,completed,2,6457660.0,2,3
128,128,2024-05-14,2024-05-27,completed,3,8364230.0,2,2
129,129,2024-02-18,2024-08-09,completed,1,3260000.0,4,3
130,130,2024-10-25,2024-10-31,completed,1,1139280.0,3,3
131,131,2024-11-04,2024-11-11,completed,3,9543020.0,4,2
132,132,2024-10-08,2024-10-25,completed,1,2832000.0,1,3
133,133,2024-09-22,2024-10-27,completed,2,5486480.0,1,3
134,134,2024-09-01,2024-10-23,completed,1,17034000.0,4,1
135,135,2024-09-23,2024-10-01,cancelled,1,3435000.0,1,3
136,136,2024-01-13,2024-04-16,cancelled,2,22513800.0,4,1
137,137,2024-08-05,2024-09-14,cancelled,1,526000.0,4,3
138,138,2024-07-14,2024-08-01,completed,3,6335140.0,1,1
139,139,2024-08-15,2024-10-06,completed,3,39426600.0,1,1
140,140,2024-06-24,2024-10-25,completed,3,5427640.0,3,3
141,141,2024-05-14,2024-10-20,completed,2,4429800.0,3,3
142,142,2024-05-21,2024-10-05,completed,3,8448560.0,2,2
143,143,2024-06-13,2024-07-30,completed,3,5625920.0,2,1
144,144,2024-03-29,2024-06-18,completed,2,1911120.0,4,1
145,145,2024-09-08,2024-09-21,completed,1,5091000.0,3,1
146,146,2024-06-13,2024-10-11,completed,3,9366940.0,1,3
147,147,2024-07-24,2024-10-19,completed,3,16088700.0,4,3
148,148,2024-03-28,2024-05-25,completed,1,3549000.0,2,3
149,149,2024-07-26,2024-10-15,completed,3,52722120.0,3,3
150,150,2024-01-20,2024-05-14,completed,2,6431580.0,4,2
151,151,2024-02-17,2024-03-17,completed,1,463660.0,2,2
152,152,2024-04-14,2024-05-15,completed,1,5831640.0,3,3
153,153,2024-03-31,2024-09-20,completed,2,14154000.0,4,3
154,154,2024-06-23,2024-08-14,completed,1,2110000.0,2,3
155,155,2024-01-15,2024-04-08,completed,2,3417120.0,3,1
156,156,2024-06-08,2024-10-05,completed,2,5290000.0,4,3
157,157,2024-04-07,2024-08-25,completed,2,2756650.0,3,2
158,158,2024-03-06,2024-10-22,completed,1,483920.0,4,1
159,159,2024-08-29,2024-10-11,cancelled,3,42340000.0,2,3
160,160,2024-08-11,2024-08-19,completed,2,45914160.0,1,1
161,161,2024-03-30,2024-09-23,cancelled,1,4792200.0,3,1
162,162,2024-10-27,2024-11-03,completed,3,16015400.0,1,1
163,163,2024-02-23,2024-08-16,completed,1,8682480.0,2,3
164,164,2024-05-06,2024-10-17,completed,3,7527840.0,3,2
165,165,2024-09-30,2024-09-30,completed,2,6190520.0,1,3
166,166,2024-08-09,2024-08-24,cancelled,3,19437320.0,2,2
167,167,2024-02-06,2024-09-08,completed,2,52386060.0,1,3
168,168,2024-03-30,2024-08-01,completed,3,33881300.0,4,2
169,169,2024-03-30,2024-05-22,completed,1,2625000.0,3,3
170,170,2024-07-21,2024-08-27,completed,3,6818680.0,1,2
171,171,2024-10-01,2024-10-27,completed,3,16542280.0,2,3
172,172,2024-01-09,2024-05-09,completed,3,16825140.0,2,1
173,173,2024-10-29,2024-10-31,completed,1,4820000.0,1,2
174,174,2024-05-25,2024-07-04,completed,1,2635360.0,3,1
175,175,2024-04-21,2024-10-11,completed,2,5196640.0,3,2
176,176,2024-01-20,2024-03-01,completed,1,3084000.0,2,2
177,177,2024-07-26,2024-07-28,completed,2,2647920.0,4,3
178,178,2024-01-04,2024-10-27,completed,3,6211580.0,3,1
179,179,2024-03-30,2024-09-18,completed,3,16902700.0,1,3
180,180,2024-10-18,2024-11-06,completed,1,4890000.0,1,2
181,181,2024-07-06,2024-07-09,completed,1,8287680.0,3,3
182,182,2024-05-17,2024-07-21,completed,2,21980280.0,3,1
183,183,2024-08-01,2024-10-23,cancelled,1,2966600.0,3,3
184,184,2024-09-09,2024-10-27,cancelled,2,40061000.0,2,1
185,185,2024-01-19,2024-08-17,completed,3,3735400.0,3,1
186,186,2024-02-25,2024-08-28,completed,2,5831640.0,1,3
187,187,2024-09-24,2024-10-22,completed,2,3993000.0,2,1
188,188,2024-06-18,2024-08-31,cancelled,3,11394210.0,2,1
189,189,2024-04-02,2024-07-12,completed,3,12911000.0,3,2
190,190,2024-05-08,2024-07-08,completed,2,37448920.0,2,2
191,191,2024-01-29,2024-04-25,completed,1,2395000.0,1,2
192,192,2024-05-18,2024-08-21,cancelled,1,839420.0,2,3
193,193,2024-05-18,2024-10-05,completed,3,38223300.0,1,2
194,194,2024-02-21,2024-07-24,completed,3,4066110.0,3,3
195,195,2024-01-06,2024-08-24,cancelled,3,11297320.0,2,3
196,196,2024-03-10,2024-10-15,completed,3,11943560.0,3,3
197,197,2024-05-17,2024-10-22,completed,2,2706940.0,2,1
198,198,2024-03-17,2024-09-29,completed,3,6806150.0,2,3
199,199,2024-09-11,2024-09-27,completed,2,10831680.0,4,2
200,200,2024-07-31,2024-09-22,completed,1,3549000.0,1,1
201,201,2024-02-15,2024-08-06,completed,2,1989570.0,2,3
202,202,2024-04-14,2024-06-16,cancelled,2,20974890.0,4,3
203,203,2024-01-10,2024-05-05,completed,1,7470000.0,4,2
204,204,2024-03-03,2024-05-05,completed,3,8685860.0,2,2
205,205,2024-08-12,2024-10-15,completed,1,5257800.0,3,2
206,206,2024-01-11,2024-05-07,completed,1,4932000.0,1,2
207,207,2024-03-12,2024-09-25,completed,2,1139480.0,3,3
208,208,2024-10-23,2024-11-01,completed,3,5171320.0,1,1
209,209,2024-09-12,2024-09-29,completed,3,25112920.0,1,2
210,210,2024-10-09,2024-10-13,cancelled,3,7235200.0,2,2
211,211,2024-01-19,2024-11-09,completed,1,1234000.0,1,2
212,212,2024-10-04,2024-11-03,completed,2,5642640.0,2,3
213,213,2024-05-08,2024-05-20,completed,1,3408000.0,2,1
214,214,2024-03-26,2024-07-13,completed,2,30651400.0,4,1
215,215,2024-01-30,2024-11-05,completed,2,5925900.0,1,1
216,216,2024-01-19,2024-06-27,completed,2,3337240.0,2,3
217,217,2024-01-18,2024-02-17,completed,3,49659870.0,4,1
218,218,2024-07-10,2024-10-17,completed,3,14940920.0,4,3
219,219,2024-10-04,2024-11-10,cancelled,1,829080.0,1,1
220,220,2024-04-06,2024-05-24,cancelled,2,20863800.0,3,3
221,221,2024-07-25,2024-07-27,completed,1,648210.0,2,1
222,222,2024-03-23,2024-05-04,cancelled,2,14107000.0,1,2
223,223,2024-10-09,2024-10-22,completed,2,9403950.0,3,2
224,224,2024-02-21,2024-08-14,completed,2,54875320.0,2,1
225,225,2024-05-15,2024-07-13,completed,2,9545000.0,2,3
226,226,2024-02-18,2024-08-10,completed,2,7729300.0,3,1
227,227,2024-04-03,2024-11-06,completed,3,7721670.0,2,3
228,228,2024-02-19,2024-05-14,completed,3,13753640.0,4,3
229,229,2024-07-22,2024-11-06,completed,3,5173720.0,1,3
230,230,2024-03-19,2024-04-26,completed,2,3956760.0,4,1
231,231,2024-10-21,2024-10-23,completed,2,5884000.0,1,3
232,232,2024-04-24,2024-07-20,completed,3,5818020.0,3,1
233,233,2024-07-13,2024-08-30,completed,1,24990000.0,3,3
234,234,2024-02-20,2024-02-25,completed,1,1769850.0,1,2
235,235,2024-07-15,2024-07-27,completed,2,2952400.0,4,3
236,236,2024-03-16,2024-08-06,completed,3,32829440.0,2,3
237,237,2024-11-06,2024-11-11,completed,1,4077000.0,2,2
238,238,2024-04-18,2024-07-21,completed,3,5544120.0,3,3
239,239,2024-03-04,2024-06-11,completed,1,2446000.0,3,3
240,240,2024-09-02,2024-09-05,completed,1,6350590.0,1,1
241,241,2024-06-12,2024-07-23,completed,3,33194240.0,2,1
242,242,2024-09-06,2024-10-24,completed,3,7610140.0,2,3
243,243,2024-03-22,2024-06-12,completed,2,17965800.0,3,3
244,244,2024-10-24,2024-11-05,completed,2,4146820.0,1,3
245,245,2024-07-01,2024-07-15,completed,1,1042000.0,3,2
246,246,2024-11-06,2024-11-11,completed,2,4043880.0,1,2
247,247,2024-02-06,2024-03-26,completed,3,13539640.0,2,2
248,248,2024-02-08,2024-08-12,cancelled,1,5172480.0,1,3
249,249,2024-01-21,2024-03-04,completed,1,625240.0,2,3
250,250,2024-02-27,2024-07-06,completed,1,2726000.0,3,1
251,251,2024-02-06,2024-10-21,cancelled,2,20472000.0,4,1
252,252,2024-01-24,2024-01-31,completed,3,6899350.0,2,3
253,253,2024-01-17,2024-08-20,completed,1,1578000.0,4,2
254,254,2024-09-05,2024-10-01,cancelled,1,6446000.0,4,3
255,255,2024-01-12,2024-10-23,cancelled,2,8700000.0,4,1
256,256,2024-09-14,2024-09-14,completed,2,16374360.0,3,3
257,257,2024-01-23,2024-05-11,cancelled,2,9249450.0,4,1
258,258,2024-10-28,2024-11-05,completed,1,2538000.0,3,2
259,259,2024-08-27,2024-09-20,completed,2,17052820.0,4,1
260,260,2024-02-14,2024-02-16,completed,2,21986040.0,4,2
261,261,2024-09-13,2024-10-27,completed,3,5995840.0,3,1
262,262,2024-08-29,2024-10-13,completed,3,47456100.0,2,2
263,263,2024-10-19,2024-10-28,completed,3,29654620.0,4,2
264,264,2024-01-05,2024-04-06,completed,3,7359900.0,2,2
265,265,2024-04-13,2024-08-08,completed,2,76806800.0,3,2
266,266,2024-04-13,2024-11-07,completed,3,6824440.0,3,1
267,267,2024-07-02,2024-10-26,completed,3,27071700.0,2,1
268,268,2024-01-06,2024-02-21,completed,2,5720400.0,2,1
269,269,2024-08-13,2024-09-26,completed,3,4508860.0,3,1
270,270,2024-09-05,2024-11-06,completed,2,5497710.0,1,3
271,271,2024-07-21,2024-08-20,completed,3,2042870.0,1,3
272,272,2024-07-21,2024-10-27,completed,1,70298000.0,2,2
273,273,2024-01-27,2024-07-30,completed,3,18056580.0,1,1
274,274,2024-06-07,2024-06-20,completed,1,2314800.0,4,2
275,275,2024-09-11,2024-11-11,completed,2,11367600.0,1,1
276,276,2024-03-13,2024-08-23,completed,2,9664000.0,2,3
277,277,2024-09-21,2024-09-24,completed,3,6197300.0,4,3
278,278,2024-05-16,2024-07-28,completed,3,11996000.0,4,2
279,279,2024-06-14,2024-10-25,completed,1,2985300.0,2,3
280,280,2024-11-03,2024-11-09,completed,2,7468000.0,1,1
281,281,2024-08-24,2024-09-01,completed,3,6184900.0,2,3
282,282,2024-06-17,2024-09-07,completed,1,3958000.0,4,1
283,283,2024-01-17,2024-03-13,completed,3,8475320.0,3,2
284,284,2024-08-25,2024-09-17,completed,2,7581020.0,4,1
285,285,2024-08-03,2024-08-17,cancelled,2,6462600.0,3,2
286,286,2024-03-10,2024-05-08,completed,3,38102000.0,2,2
287,287,2024-07-29,2024-10-02,completed,2,4102000.0,3,3
288,288,2024-10-15,2024-10-15,completed,1,5046000.0,4,2
289,289,2024-02-17,2024-03-20,completed,2,4035600.0,3,3
290,290,2024-07-29,2024-09-14,completed,3,7214400.0,1,1
291,291,2024-01-11,2024-05-09,completed,3,10393320.0,2,1
292,292,2024-08-07,2024-08-09,completed,3,18444000.0,1,3
293,293,2024-01-07,2024-01-13,completed,2,7047630.0,3,2
294,294,2024-02-26,2024-05-03,completed,2,6172700.0,3,3
295,295,2024-05-12,2024-10-08,completed,3,8499000.0,4,2
296,296,2024-06-21,2024-07-26,completed,2,10856640.0,4,1
297,297,2024-06-14,2024-08-31,cancelled,3,13768530.0,2,2
298,298,2024-01-07,2024-06-21,completed,3,5380980.0,3,2
299,299,2024-04-06,2024-07-21,completed,1,8142000.0,4,3
300,300,2024-04-10,2024-09-20,completed,2,14630000.0,3,3
301,301,2024-05-25,2024-07-26,completed,3,122841000.0,1,1
302,302,2024-07-26,2024-11-01,completed,3,24239840.0,1,3
303,303,2024-09-02,2024-10-31,completed,3,8108880.0,2,2
304,304,2024-09-11,2024-09-15,completed,1,3279000.0,3,1
305,305,2024-03-25,2024-05-22,completed,1,590000.0,2,2
306,306,2024-05-08,2024-10-25,cancelled,2,19666190.0,4,1
307,307,2024-05-28,2024-06-30,completed,3,17376700.0,2,1
308,308,2024-09-03,2024-09-15,completed,1,4458000.0,4,1
309,309,2024-05-11,2024-06-30,completed,2,5459200.0,3,3
310,310,2024-06-22,2024-09-04,completed,1,810810.0,1,1
311,311,2024-10-29,2024-11-01,completed,2,3136270.0,2,3
312,312,2024-09-21,2024-10-10,completed,2,6152000.0,2,2
313,313,2024-03-20,2024-11-08,completed,2,6813840.0,2,2
314,314,2024-08-16,2024-10-28,completed,3,7832820.0,1,2
315,315,2024-01-16,2024-03-08,completed,3,13200000.0,3,3
316,316,2024-11-07,2024-11-09,completed,3,9473080.0,4,3
317,317,2024-09-09,2024-10-06,completed,2,1870020.0,3,3
318,318,2024-05-22,2024-05-30,completed,2,7889980.0,4,3
319,319,2024-02-01,2024-05-25,completed,3,16951700.0,1,2
320,320,2024-09-08,2024-09-21,completed,3,9836110.0,3,1
321,321,2024-05-14,2024-10-03,completed,1,2214000.0,3,2
322,322,2024-02-01,2024-07-16,completed,2,13851000.0,1,2
323,323,2024-03-30,2024-06-07,completed,3,4914800.0,3,2
324,324,2024-03-24,2024-08-03,completed,2,6786000.0,3,3
325,325,2024-03-01,2024-03-15,completed,2,67242900.0,1,2
326,326,2024-10-27,2024-11-04,completed,3,9253820.0,2,2
327,327,2024-07-19,2024-11-01,completed,3,12684000.0,3,3
328,328,2024-11-02,2024-11-06,cancelled,3,8935270.0,1,2
329,329,2024-03-08,2024-03-09,completed,1,597600.0,4,3
330,330,2024-08-02,2024-08-27,completed,3,46163530.0,2,2
331,331,2024-05-23,2024-06-11,cancelled,1,5809440.0,2,2
332,332,2024-07-25,2024-09-16,cancelled,1,4965120.0,3,2
333,333,2024-04-18,2024-08-19,completed,2,22151000.0,1,3
334,334,2024-11-06,2024-11-11,completed,1,7566000.0,3,2
335,335,2024-02-06,2024-02-20,completed,1,36651540.0,4,1
336,336,2024-07-14,2024-10-04,completed,3,38420280.0,3,2
337,337,2024-03-12,2024-05-14,completed,3,32743000.0,1,1
338,338,2024-10-25,2024-11-07,completed,3,11545660.0,3,3
339,339,2024-02-13,2024-08-15,completed,1,16026240.0,1,2
340,340,2024-09-10,2024-09-21,completed,3,28766680.0,2,3
341,341,2024-09-24,2024-11-05,completed,1,4668000.0,2,1
342,342,2024-01-12,2024-05-05,completed,3,3462890.0,3,3
343,343,2024-01-21,2024-08-11,completed,2,4844200.0,1,1
344,344,2024-04-22,2024-07-26,completed,1,4191360.0,2,1
345,345,2024-11-05,2024-11-06,completed,2,5360000.0,2,3
346,346,2024-09-07,2024-10-28,cancelled,1,1760880.0,3,1
347,347,2024-08-17,2024-10-09,completed,3,69492880.0,2,3
348,348,2024-02-11,2024-10-29,completed,3,8918760.0,3,1
349,349,2024-08-10,2024-11-03,completed,1,4496400.0,3,2
350,350,2024-03-26,2024-10-14,completed,3,12357520.0,4,3
351,351,2024-09-13,2024-09-21,completed,1,15432000.0,3,1
352,352,2024-06-08,2024-10-29,completed,2,9555000.0,2,1
353,353,2024-06-19,2024-10-20,completed,2,3776000.0,3,2
354,354,2024-04-29,2024-09-01,cancelled,2,6631940.0,1,1
355,355,2024-08-11,2024-11-05,completed,3,32674800.0,1,2
356,356,2024-01-13,2024-11-07,completed,2,8382740.0,1,1
357,357,2024-02-14,2024-09-18,completed,3,7200000.0,2,2
358,358,2024-09-04,2024-09-09,completed,1,756000.0,4,2
359,359,2024-03-18,2024-08-06,completed,2,9756950.0,1,1
360,360,2024-04-20,2024-09-11,completed,1,1011440.0,4,1
361,361,2024-01-26,2024-06-12,completed,2,26179720.0,2,2
362,362,2024-10-27,2024-11-02,completed,3,5741520.0,3,3
363,363,2024-11-11,2024-11-11,completed,3,50749380.0,1,2
364,364,2024-10-17,2024-11-09,completed,3,5394260.0,2,2
365,365,2024-10-02,2024-10-06,completed,3,5190920.0,3,2
366,366,2024-10-01,2024-10-26,completed,3,16244320.0,1,1
367,367,2024-08-02,2024-10-26,completed,2,21891100.0,2,3
368,368,2024-09-25,2024-10-29,completed,2,12192000.0,1,1
369,369,2024-01-21,2024-05-10,completed,1,5613300.0,1,3
370,370,2024-09-12,2024-11-09,completed,1,1061060.0,1,2
371,371,2024-06-18,2024-08-28,completed,1,2660000.0,1,1
372,372,2024-07-30,2024-10-14,completed,3,6498360.0,1,3
373,373,2024-10-19,2024-11-11,completed,1,2049000.0,3,1
374,374,2024-04-12,2024-05-15,completed,3,10056960.0,4,3
375,375,2024-07-07,2024-11-03,completed,2,2511170.0,4,2
376,376,2024-09-24,2024-10-02,completed,1,632000.0,1,2
377,377,2024-06-01,2024-11-04,completed,2,5516900.0,2,2
378,378,2024-11-08,2024-11-08,completed,2,17873040.0,1,2
379,379,2024-11-07,2024-11-11,completed,2,3767760.0,1,1
380,380,2024-06-08,2024-10-05,completed,2,132874200.0,4,3
381,381,2024-05-05,2024-06-07,completed,3,18085960.0,2,1
382,382,2024-08-29,2024-09-25,completed,3,15032490.0,3,3
383,383,2024-06-17,2024-10-26,completed,3,44622690.0,4,1
384,384,2024-10-10,2024-10-28,cancelled,2,5645600.0,1,1
385,385,2024-11-06,2024-11-10,completed,3,6346480.0,3,2
386,386,2024-09-05,2024-10-17,cancelled,3,7018980.0,4,3
387,387,2024-08-01,2024-11-02,cancelled,3,9160860.0,3,1
388,388,2024-02-28,2024-06-27,cancelled,3,9376960.0,2,1
389,389,2024-02-04,2024-09-06,completed,3,27987600.0,2,1
390,390,2024-10-13,2024-11-07,completed,2,4496640.0,3,2
391,391,2024-10-24,2024-10-25,completed,2,6999090.0,2,1
392,392,2024-09-28,2024-10-20,completed,3,5334070.0,1,2
393,393,2024-09-04,2024-10-15,completed,1,3142000.0,2,3
394,394,2024-04-30,2024-07-04,completed,2,3238160.0,4,1
395,395,2024-04-18,2024-07-17,completed,2,2487980.0,2,3
396,396,2024-05-08,2024-10-13,completed,3,12477840.0,1,3
397,397,2024-05-08,2024-07-11,completed,3,21093900.0,2,3
398,398,2024-01-29,2024-04-02,completed,3,137553920.0,3,3
399,399,2024-07-16,2024-10-30,completed,1,1578000.0,4,3
400,400,2024-07-12,2024-07-18,cancelled,3,6703760.0,4,3
401,401,2024-02-16,2024-06-25,completed,2,4181880.0,2,2
402,402,2024-01-28,2024-07-17,completed,1,1517880.0,2,3
403,403,2024-02-08,2024-03-21,completed,2,54280620.0,3,3
404,404,2024-07-26,2024-11-09,completed,2,4674700.0,4,1
405,405,2024-02-13,2024-07-14,completed,2,4475300.0,3,1
406,406,2024-08-08,2024-11-05,cancelled,1,1528200.0,4,2
407,407,2024-04-27,2024-08-01,completed,2,19856800.0,4,2
408,408,2024-05-22,2024-07-04,completed,3,5279600.0,1,3
409,409,2024-02-22,2024-06-08,completed,2,1138000.0,2,3
410,410,2024-06-24,2024-07-17,cancelled,1,5505000.0,3,1
411,411,2024-05-12,2024-05-14,completed,3,7540660.0,3,1
412,412,2024-09-01,2024-11-03,completed,2,12670320.0,2,3
413,413,2024-04-13,2024-09-04,completed,2,14046720.0,1,2
414,414,2024-02-25,2024-09-25,completed,3,8918000.0,1,3
415,415,2024-04-18,2024-07-07,completed,1,4323000.0,2,1
416,416,2024-02-26,2024-11-09,completed,1,5066880.0,3,1
417,417,2024-09-25,2024-10-01,completed,1,3949000.0,3,3
418,418,2024-09-19,2024-09-28,completed,1,635000.0,1,1
419,419,2024-04-08,2024-06-22,completed,2,42702000.0,4,3
420,420,2024-02-11,2024-03-30,completed,2,115938780.0,3,1
421,421,2024-11-05,2024-11-09,completed,2,52311000.0,1,1
422,422,2024-02-13,2024-08-19,completed,2,5687520.0,1,2
423,423,2024-06-22,2024-10-04,completed,2,16287640.0,2,3
424,424,2024-07-04,2024-09-15,completed,2,6900000.0,1,1
425,425,2024-10-16,2024-10-30,completed,3,16514730.0,3,1
426,426,2024-05-05,2024-05-25,completed,3,13678620.0,2,1
427,427,2024-02-05,2024-09-03,completed,3,6942420.0,3,3
428,428,2024-09-30,2024-10-31,completed,1,2304120.0,4,3
429,429,2024-03-08,2024-10-31,cancelled,3,6665900.0,2,2
430,430,2024-10-03,2024-11-03,completed,3,3770480.0,2,3
431,431,2024-07-03,2024-09-29,completed,3,7298380.0,3,2
432,432,2024-04-18,2024-10-12,completed,2,1133000.0,3,1
433,433,2024-05-19,2024-06-19,completed,3,14360000.0,3,3
434,434,2024-07-15,2024-11-06,cancelled,3,4585000.0,2,1
435,435,2024-08-12,2024-09-30,cancelled,3,3059160.0,1,1
436,436,2024-08-31,2024-10-05,completed,2,9661280.0,3,1
437,437,2024-03-17,2024-04-14,completed,2,13293000.0,1,2
438,438,2024-01-06,2024-05-03,completed,1,4795200.0,4,1
439,439,2024-07-30,2024-11-02,completed,3,5592240.0,1,2
440,440,2024-02-18,2024-09-01,completed,1,5046860.0,4,2
441,441,2024-07-21,2024-08-30,cancelled,2,5511150.0,2,3
442,442,2024-06-07,2024-07-26,completed,2,36223220.0,4,1
443,443,2024-10-24,2024-11-03,completed,1,2027399.9999999998,4,2
444,444,2024-08-07,2024-09-04,completed,3,10891300.0,1,2
445,445,2024-04-13,2024-07-16,completed,2,11569470.0,1,1
446,446,2024-10-19,2024-10-23,completed,1,1524000.0,1,3
447,447,2024-07-18,2024-10-19,completed,3,4029960.0,3,2
448,448,2024-09-06,2024-11-10,completed,2,1004660.0,2,3
449,449,2024-06-26,2024-10-05,completed,3,17021200.0,1,2
450,450,2024-09-02,2024-11-05,completed,1,11458560.0,3,2
451,451,2024-01-22,2024-10-01,completed,3,10333000.0,4,2
452,452,2024-02-11,2024-05-23,completed,3,52470000.0,3,1
453,453,2024-04-17,2024-09-28,completed,3,15430200.0,1,2
454,454,2024-02-16,2024-06-15,completed,1,627300.0,3,3
455,455,2024-04-02,2024-08-28,completed,1,13189000.0,3,3
456,456,2024-08-04,2024-10-27,completed,3,13777540.0,4,2
457,457,2024-10-11,2024-11-02,completed,1,3366600.0,3,1
458,458,2024-03-21,2024-10-13,completed,2,5190710.0,4,2
459,459,2024-06-13,2024-09-02,cancelled,3,11181600.0,1,3
460,460,2024-03-15,2024-08-30,completed,1,2436000.0,2,1
461,461,2024-04-17,2024-07-03,cancelled,1,906360.0,1,1
462,462,2024-11-03,2024-11-04,completed,2,14937000.0,4,1
463,463,2024-01-07,2024-06-09,completed,3,148963420.0,1,2
464,464,2024-07-17,2024-08-25,completed,1,2076000.0,2,2
465,465,2024-01-08,2024-08-22,completed,2,3253720.0,1,2
466,466,2024-07-31,2024-11-05,completed,3,4900080.0,2,2
467,467,2024-03-25,2024-04-14,completed,3,9024000.0,1,2
468,468,2024-04-22,2024-08-24,completed,2,15264740.0,1,3
469,469,2024-02-18,2024-09-15,completed,1,1954000.0,4,2
470,470,2024-11-09,2024-11-09,completed,1,2900000.0,4,1
471,471,2024-03-13,2024-06-21,completed,3,26077000.0,4,3
472,472,2024-10-05,2024-10-09,completed,1,2518260.0,3,1
473,473,2024-10-12,2024-11-05,completed,2,80797040.0,4,1
474,474,2024-09-13,2024-10-05,completed,3,15442580.0,3,1
475,475,2024-05-09,2024-05-09,completed,1,2070050.0,4,2
476,476,2024-08-29,2024-08-31,cancelled,2,1805150.0,3,1
477,477,2024-06-07,2024-08-07,cancelled,2,1586000.0,2,2
478,478,2024-09-21,2024-10-17,completed,2,3398480.0,2,1
479,479,2024-01-23,2024-03-07,completed,2,4394430.0,2,1
480,480,2024-06-29,2024-10-29,completed,1,13760000.0,1,3
481,481,2024-03-11,2024-08-16,completed,1,1435980.0,2,3
482,482,2024-07-03,2024-10-19,cancelled,2,8183880.0,3,2
483,483,2024-07-28,2024-09-20,completed,3,5003900.0,1,3
484,484,2024-02-25,2024-07-26,cancelled,2,4963660.0,4,1
485,485,2024-07-16,2024-10-20,cancelled,3,111909320.0,1,3
486,486,2024-08-16,2024-11-03,completed,3,3882000.0,1,1
487,487,2024-05-26,2024-09-21,completed,3,6725100.0,2,1
488,488,2024-05-25,2024-08-04,cancelled,2,4451000.0,3,1
489,489,2024-05-23,2024-06-02,completed,2,3692050.0,3,1
490,490,2024-07-01,2024-10-18,cancelled,2,6006240.0,4,1
491,491,2024-06-09,2024-11-07,completed,2,64067000.0,2,1
492,492,2024-11-08,2024-11-11,completed,3,9901280.0,4,1
493,493,2024-09-23,2024-10-10,completed,1,1704000.0,2,2
494,494,2024-09-24,2024-10-24,completed,2,7834900.0,1,2
495,495,2024-06-13,2024-06-26,completed,2,2688000.0,3,3
496,496,2024-03-14,2024-06-27,completed,1,2836000.0,1,3
497,497,2024-05-21,2024-05-31,completed,2,3443000.0,3,3
498,498,2024-10-14,2024-10-15,completed,3,4149480.0,2,3
499,499,2024-03-17,2024-08-11,completed,2,5426000.0,2,3
500,500,2024-09-01,2024-10-10,completed,3,14697450.0,1,3
501,501,2024-04-26,2024-09-02,completed,2,3499800.0,2,1
502,502,2024-11-06,2024-11-11,completed,2,2582660.0,2,3
503,503,2024-02-11,2024-03-06,completed,3,8146620.0,2,2
504,504,2024-10-30,2024-11-08,completed,2,5488520.0,4,2
505,505,2024-07-25,2024-10-20,completed,3,14224160.0,4,3
506,506,2024-05-14,2024-06-01,completed,3,6061140.0,1,2
507,507,2024-04-29,2024-10-16,completed,1,1858000.0,1,2
508,508,2024-07-29,2024-09-05,completed,1,967840.0,1,1
509,509,2024-09-10,2024-10-17,completed,2,6385900.0,4,3
510,510,2024-07-13,2024-08-27,cancelled,2,9735000.0,1,2
511,511,2024-01-24,2024-09-26,cancelled,3,1835000.0,4,1
512,512,2024-07-28,2024-09-28,completed,2,13454750.0,1,3
513,513,2024-06-25,2024-09-24,completed,1,1413760.0,2,1
514,514,2024-06-15,2024-09-25,completed,3,25591660.0,1,1
515,515,2024-04-14,2024-08-06,completed,3,6107350.0,4,1
516,516,2024-01-16,2024-02-21,completed,3,7012760.0,4,2
517,517,2024-08-04,2024-08-18,completed,3,22013510.0,2,3
518,518,2024-07-12,2024-07-12,completed,2,3120400.0,4,1
519,519,2024-10-06,2024-11-11,completed,2,21851550.0,2,3
520,520,2024-09-23,2024-10-08,completed,3,5722770.0,2,3
521,521,2024-01-31,2024-05-26,completed,1,4913720.0,1,2
522,522,2024-09-29,2024-10-27,completed,2,17414000.0,1,1
523,523,2024-05-28,2024-08-22,completed,1,3570000.0,3,3
524,524,2024-06-05,2024-09-27,completed,1,2234000.0,4,1
525,525,2024-05-14,2024-05-29,completed,3,6055820.0,3,2
526,526,2024-08-06,2024-08-25,completed,3,4754380.0,1,1
527,527,2024-01-07,2024-01-18,completed,1,3260000.0,1,1
528,528,2024-07-09,2024-10-21,completed,1,3183000.0,4,1
529,529,2024-03-11,2024-03-29,completed,2,2344400.0,3,1
530,530,2024-01-16,2024-03-19,completed,1,4755660.0,4,1
531,531,2024-08-23,2024-10-22,completed,2,4642120.0,2,1
532,532,2024-07-14,2024-09-05,completed,3,44050640.0,3,3
533,533,2024-08-04,2024-08-08,completed,1,3702660.0,4,1
534,534,2024-10-26,2024-10-26,completed,2,1106500.0,3,1
535,535,2024-02-17,2024-08-11,cancelled,3,8352450.0,2,3
536,536,2024-11-10,2024-11-10,cancelled,2,5852000.0,2,2
537,537,2024-11-10,2024-11-10,cancelled,1,4763760.0,2,3
538,538,2024-02-18,2024-10-13,completed,3,55710900.0,1,3
539,539,2024-11-11,2024-11-11,completed,3,50835750.0,3,2
540,540,2024-07-11,2024-07-15,completed,3,11023480.0,1,1
541,541,2024-05-06,2024-05-29,completed,3,10812000.0,1,1
542,542,2024-08-24,2024-10-09,completed,2,4155040.0,3,3
543,543,2024-08-30,2024-09-04,completed,1,1972800.0,2,1
544,544,2024-09-17,2024-10-20,completed,1,3392640.0,2,1
545,545,2024-10-14,2024-10-19,completed,3,6724720.0,2,3
546,546,2024-03-06,2024-06-12,completed,1,526000.0,2,3
547,547,2024-10-29,2024-11-03,completed,2,6477230.0,3,2
548,548,2024-06-07,2024-09-25,completed,2,7100440.0,4,3
549,549,2024-05-20,2024-06-11,completed,3,17976350.0,1,1
550,550,2024-03-25,2024-07-31,completed,3,11626720.0,1,2
551,551,2024-04-15,2024-05-18,completed,2,3108170.0,3,2
552,552,2024-07-31,2024-10-16,completed,3,3988860.0,1,2
553,553,2024-08-11,2024-10-19,cancelled,2,2638920.0,4,1
554,554,2024-03-16,2024-07-24,completed,3,5841000.0,4,2
555,555,2024-05-30,2024-07-30,cancelled,2,13801860.0,3,2
556,556,2024-10-19,2024-11-07,completed,2,28748800.0,3,1
557,557,2024-03-23,2024-07-02,completed,2,8844000.0,2,1
558,558,2024-07-14,2024-09-08,completed,1,6468000.0,3,2
559,559,2024-02-05,2024-03-08,completed,2,23884560.0,2,2
560,560,2024-10-18,2024-10-25,completed,1,6339000.0,3,1
561,561,2024-04-10,2024-09-24,completed,3,12626190.0,4,1
562,562,2024-03-19,2024-08-11,completed,2,4595400.0,3,3
563,563,2024-08-25,2024-10-22,completed,2,7141000.0,3,2
564,564,2024-03-03,2024-09-04,completed,2,2104000.0,4,1
565,565,2024-07-13,2024-11-08,completed,1,2107000.0,3,1
566,566,2024-08-25,2024-10-28,completed,2,6310000.0,4,3
567,567,2024-06-18,2024-10-05,completed,3,142450000.0,1,1
568,568,2024-03-18,2024-10-28,completed,1,1889550.0,1,1
569,569,2024-07-13,2024-08-12,completed,1,1244510.0,4,3
570,570,2024-09-19,2024-11-01,cancelled,3,74658300.0,4,3
571,571,2024-01-17,2024-02-08,completed,3,48433650.0,3,1
572,572,2024-03-03,2024-05-04,completed,3,5489800.0,3,1
573,573,2024-06-24,2024-11-04,completed,3,5675000.0,2,2
574,574,2024-03-15,2024-05-26,completed,3,9940260.0,3,3
575,575,2024-02-19,2024-04-09,completed,2,20144360.0,1,1
576,576,2024-01-21,2024-07-11,completed,1,7747000.0,3,3
577,577,2024-08-25,2024-09-02,completed,1,2095680.0,2,2
578,578,2024-08-11,2024-11-03,completed,3,11960900.0,2,1
579,579,2024-03-01,2024-04-28,completed,1,7347120.0,3,2
580,580,2024-09-21,2024-11-10,cancelled,1,4288830.0,1,3
581,581,2024-05-06,2024-07-24,cancelled,2,4326000.0,2,3
582,582,2024-03-19,2024-06-17,completed,1,12798000.0,1,3
583,583,2024-10-23,2024-11-02,completed,3,6601640.0,4,2
584,584,2024-05-08,2024-09-13,completed,2,13678500.0,2,1
585,585,2024-10-18,2024-11-08,completed,3,21581000.0,4,2
586,586,2024-07-10,2024-08-12,completed,2,4981800.0,1,2
587,587,2024-03-11,2024-06-03,completed,3,9236060.0,4,1
588,588,2024-10-26,2024-11-11,completed,1,1578000.0,4,1
589,589,2024-06-25,2024-07-01,completed,2,2330000.0,1,2
590,590,2024-06-18,2024-07-23,completed,2,6468080.0,3,2
591,591,2024-05-13,2024-09-14,completed,1,1546440.0,1,3
592,592,2024-07-05,2024-07-14,cancelled,3,4854570.0,1,3
593,593,2024-07-22,2024-07-25,completed,3,41204000.0,2,3
594,594,2024-09-10,2024-09-11,completed,3,18873480.0,1,1
595,595,2024-06-01,2024-06-15,completed,1,1451760.0,2,1
596,596,2024-10-26,2024-11-08,completed,2,47932260.0,2,3
597,597,2024-04-02,2024-08-23,completed,1,5476380.0,2,3
598,598,2024-11-06,2024-11-08,completed,1,1420200.0,1,3
599,599,2024-09-07,2024-10-03,completed,1,2351880.0,2,1
600,600,2024-06-21,2024-10-09,completed,1,3314550.0,2,2
601,601,2024-03-23,2024-07-19,completed,2,23900800.0,4,1
602,602,2024-04-17,2024-07-01,completed,1,2254120.0,3,2
603,603,2024-01-07,2024-02-10,completed,2,2402800.0,2,3
604,604,2024-11-04,2024-11-08,completed,3,9019710.0,4,3
605,605,2024-08-16,2024-08-21,completed,3,50621700.0,2,3
606,606,2024-08-17,2024-09-24,cancelled,2,6076960.0,4,1
607,607,2024-07-15,2024-08-28,completed,3,6911460.0,3,2
608,608,2024-01-30,2024-04-15,cancelled,1,3024960.0,1,1
609,609,2024-06-17,2024-10-08,completed,3,33618800.0,1,2
610,610,2024-01-23,2024-10-29,completed,1,1394000.0,4,3
611,611,2024-02-25,2024-06-05,completed,1,43011840.0,3,2
612,612,2024-06-15,2024-08-07,completed,3,5481760.0,4,3
613,613,2024-04-20,2024-07-25,completed,3,5296000.0,3,2
614,614,2024-05-21,2024-07-12,cancelled,1,483920.0,2,1
615,615,2024-04-04,2024-10-22,completed,3,7403400.0,4,3
616,616,2024-08-22,2024-08-25,cancelled,2,2411000.0,3,2
617,617,2024-06-01,2024-07-26,completed,1,664000.0,1,1
618,618,2024-01-05,2024-10-28,completed,1,1308480.0,2,1
619,619,2024-08-01,2024-08-12,completed,3,39018460.0,4,3
620,620,2024-01-02,2024-10-25,completed,1,5678000.0,2,3
621,621,2024-03-14,2024-07-06,completed,1,13227390.0,4,2
622,622,2024-02-23,2024-09-25,completed,1,3849000.0,3,3
623,623,2024-06-08,2024-06-25,completed,2,8736070.0,3,3
624,624,2024-04-02,2024-06-19,completed,3,17572640.0,2,1
625,625,2024-04-18,2024-09-07,completed,2,2539080.0,4,2
626,626,2024-02-28,2024-06-26,completed,3,6338840.0,4,3
627,627,2024-04-02,2024-05-19,completed,3,6075040.0,1,1
628,628,2024-02-08,2024-03-19,cancelled,2,4414060.0,1,3
629,629,2024-10-24,2024-10-27,completed,2,4366660.0,1,3
630,630,2024-05-21,2024-08-20,completed,2,5027510.0,2,1
631,631,2024-11-02,2024-11-10,completed,1,237895200.0,2,3
632,632,2024-07-03,2024-08-28,completed,3,12421560.0,4,3
633,633,2024-04-24,2024-09-11,completed,1,1499600.0,1,3
634,634,2024-05-02,2024-05-30,completed,3,15840310.0,2,1
635,635,2024-06-03,2024-10-07,completed,3,7874860.0,1,2
636,636,2024-08-21,2024-09-05,cancelled,2,9402000.0,1,1
637,637,2024-09-16,2024-09-19,cancelled,1,3651900.0,2,3
638,638,2024-01-12,2024-06-09,completed,3,16284240.0,1,2
639,639,2024-01-16,2024-01-27,completed,2,55507559.99999999,3,3
640,640,2024-04-23,2024-08-21,completed,2,43691250.0,2,1
641,641,2024-03-02,2024-07-18,completed,1,2267000.0,1,3
642,642,2024-01-23,2024-09-18,cancelled,3,9649990.0,2,2
643,643,2024-02-06,2024-09-10,completed,1,9792150.0,4,1
644,644,2024-04-25,2024-07-11,completed,1,2345460.0,3,3
645,645,2024-04-14,2024-10-03,cancelled,3,4931100.0,4,3
646,646,2024-03-24,2024-10-09,completed,3,5696840.0,1,3
647,647,2024-02-18,2024-02-24,completed,2,18818000.0,2,3
648,648,2024-11-04,2024-11-09,completed,1,1824000.0,2,2
649,649,2024-09-22,2024-09-26,cancelled,3,19190600.0,3,3
650,650,2024-04-04,2024-11-11,completed,1,5598000.0,1,3
651,651,2024-06-01,2024-10-26,completed,1,1870050.0,3,3
652,652,2024-01-09,2024-08-16,completed,2,12458020.0,4,2
653,653,2024-10-06,2024-11-11,cancelled,2,19009200.0,4,1
654,654,2024-06-11,2024-06-21,completed,1,12952300.0,3,1
655,655,2024-01-24,2024-07-06,completed,3,12141780.0,4,1
656,656,2024-08-04,2024-09-07,completed,1,1309440.0,4,2
657,657,2024-09-24,2024-11-04,completed,3,54306440.0,3,3
658,658,2024-06-06,2024-10-31,completed,1,4401000.0,1,3
659,659,2024-06-28,2024-08-27,completed,1,32025000.0,1,1
660,660,2024-04-01,2024-06-28,completed,1,1011000.0,2,3
661,661,2024-10-19,2024-10-22,completed,1,1386000.0,3,2
662,662,2024-05-29,2024-09-24,completed,2,17247500.0,1,2
663,663,2024-07-15,2024-07-31,cancelled,1,46213559.99999999,4,2
664,664,2024-01-06,2024-09-17,completed,2,3485500.0,3,3
665,665,2024-01-24,2024-03-05,completed,2,4895160.0,4,1
666,666,2024-07-17,2024-09-26,cancelled,1,5936000.0,3,1
667,667,2024-02-10,2024-07-07,completed,3,7984000.0,2,1
668,668,2024-03-14,2024-10-04,completed,2,9227620.0,1,2
669,669,2024-04-19,2024-04-27,completed,2,2849540.0,2,2
670,670,2024-01-09,2024-10-29,completed,1,43650000.0,4,1
671,671,2024-08-17,2024-10-25,completed,2,5612000.0,4,2
672,672,2024-11-03,2024-11-08,completed,2,2521220.0,3,1
673,673,2024-04-15,2024-11-10,completed,3,5749220.0,4,3
674,674,2024-03-15,2024-08-13,completed,3,7300320.0,3,1
675,675,2024-03-03,2024-10-08,completed,1,17563560.0,4,2
676,676,2024-01-03,2024-05-28,completed,3,20945480.0,2,1
677,677,2024-05-10,2024-07-01,cancelled,1,1589000.0,2,2
678,678,2024-08-11,2024-09-23,completed,1,867000.0,2,1
679,679,2024-10-13,2024-10-24,cancelled,3,3486980.0,2,3
680,680,2024-03-13,2024-06-28,completed,1,15234000.0,2,1
681,681,2024-11-03,2024-11-06,completed,2,7719000.0,4,3
682,682,2024-07-24,2024-07-31,completed,2,5754000.0,1,2
683,683,2024-05-04,2024-10-07,completed,1,1482000.0,3,1
684,684,2024-06-12,2024-07-18,completed,1,4093440.0,4,2
685,685,2024-08-21,2024-10-09,completed,2,3156000.0,1,1
686,686,2024-04-20,2024-10-05,completed,2,5469000.0,2,2
687,687,2024-01-12,2024-08-20,completed,1,1741500.0,1,1
688,688,2024-04-20,2024-07-14,completed,2,1277880.0,3,2
689,689,2024-04-09,2024-04-12,completed,3,4855190.0,2,3
690,690,2024-10-17,2024-10-20,completed,3,5004420.0,2,3
691,691,2024-10-17,2024-11-01,completed,1,3087000.0,4,2
692,692,2024-04-23,2024-11-02,completed,1,3814520.0,3,3
693,693,2024-08-29,2024-10-29,completed,2,1706000.0,1,1
694,694,2024-05-01,2024-09-10,completed,1,2743440.0,1,3
695,695,2024-11-03,2024-11-10,cancelled,2,2654940.0,2,3
696,696,2024-07-28,2024-10-05,completed,1,526000.0,4,1
697,697,2024-09-26,2024-10-23,completed,3,17511210.0,3,2
698,698,2024-07-01,2024-07-03,completed,3,18206040.0,4,2
699,699,2024-10-30,2024-11-03,completed,2,9671000.0,1,1
700,700,2024-02-24,2024-04-24,completed,2,12281210.0,4,2
701,701,2024-08-11,2024-11-01,completed,2,35322160.0,3,1
702,702,2024-05-10,2024-06-18,completed,3,38882020.0,4,2
703,703,2024-05-12,2024-06-19,cancelled,2,3124080.0,4,2
704,704,2024-02-27,2024-08-15,completed,1,19051770.0,3,3
705,705,2024-08-28,2024-10-19,completed,2,9348000.0,4,1
706,706,2024-04-26,2024-10-14,completed,1,2035000.0,4,1
707,707,2024-04-06,2024-08-15,completed,2,2105000.0,3,2
708,708,2024-09-13,2024-10-16,completed,1,2964000.0,4,1
709,709,2024-06-26,2024-08-04,completed,3,2439100.0,4,1
710,710,2024-11-03,2024-11-05,completed,2,25092000.0,4,1
711,711,2024-05-26,2024-07-01,completed,1,2310000.0,1,2
712,712,2024-10-22,2024-10-27,completed,3,7096760.0,1,1
713,713,2024-05-02,2024-09-20,completed,1,1608960.0,2,3
714,714,2024-08-28,2024-10-11,completed,3,49484280.0,1,3
715,715,2024-04-28,2024-06-04,completed,1,1017000.0,4,1
716,716,2024-09-07,2024-10-24,completed,3,22184730.0,2,3
717,717,2024-07-11,2024-07-24,completed,3,9380600.0,1,2
718,718,2024-06-19,2024-07-30,completed,1,771000.0,2,1
719,719,2024-03-24,2024-10-22,completed,3,18715200.0,3,1
720,720,2024-08-16,2024-10-03,completed,2,2627300.0,3,1
721,721,2024-11-02,2024-11-10,completed,3,15335380.0,3,2
722,722,2024-03-15,2024-03-23,completed,3,5863820.0,1,3
723,723,2024-07-30,2024-08-05,completed,2,32913000.0,4,3
724,724,2024-10-22,2024-10-28,completed,3,22022700.0,3,3
725,725,2024-08-08,2024-09-24,completed,3,13216000.0,4,1
726,726,2024-02-29,2024-08-09,completed,1,2942000.0,1,2
727,727,2024-01-04,2024-04-16,completed,2,5249180.0,3,2
728,728,2024-01-31,2024-09-07,completed,2,7423000.0,2,2
729,729,2024-07-31,2024-11-06,completed,2,10995740.0,1,1
730,730,2024-10-22,2024-11-03,completed,1,10876040.0,3,2
731,731,2024-07-02,2024-08-14,completed,1,1476000.0,2,1
732,732,2024-01-13,2024-10-22,completed,1,14250000.0,2,3
733,733,2024-01-30,2024-03-02,completed,2,16190000.0,4,3
734,734,2024-08-15,2024-11-07,completed,1,973000.0,3,1
735,735,2024-05-23,2024-07-21,completed,3,42228390.0,3,1
736,736,2024-01-18,2024-10-22,completed,2,4680000.0,3,3
737,737,2024-04-10,2024-05-28,completed,2,3673840.0,2,2
738,738,2024-02-10,2024-07-26,cancelled,1,2978000.0,4,1
739,739,2024-06-15,2024-09-21,cancelled,1,6108000.0,2,2
740,740,2024-10-30,2024-11-08,completed,2,5630330.0,1,1
741,741,2024-06-05,2024-09-18,completed,3,20836320.0,4,2
742,742,2024-01-22,2024-07-08,completed,3,7586000.0,4,3
743,743,2024-03-17,2024-04-05,completed,2,19667480.0,3,2
744,744,2024-09-14,2024-09-14,completed,3,35959320.0,2,1
745,745,2024-09-08,2024-09-20,cancelled,2,5821600.0,4,3
746,746,2024-10-04,2024-10-19,completed,3,36004500.0,1,3
747,747,2024-02-08,2024-02-15,completed,2,4414200.0,2,3
748,748,2024-04-11,2024-09-20,cancelled,2,64588000.0,1,3
749,749,2024-08-05,2024-10-28,completed,2,7006000.0,1,2
750,750,2024-06-21,2024-09-12,completed,1,2966600.0,2,2
751,751,2024-10-01,2024-10-06,completed,3,6468540.0,3,3
752,752,2024-07-28,2024-08-01,completed,2,6440200.0,1,3
753,753,2024-03-24,2024-09-05,completed,1,4243200.0,1,1
754,754,2024-06-28,2024-10-16,cancelled,3,4050970.0,4,2
755,755,2024-02-26,2024-10-13,completed,2,2570460.0,1,1
756,756,2024-02-16,2024-03-30,cancelled,2,4893450.0,2,1
757,757,2024-04-01,2024-07-18,completed,1,7259070.0,4,1
758,758,2024-04-19,2024-10-29,cancelled,2,4645050.0,3,3
759,759,2024-04-06,2024-10-16,completed,1,2277000.0,3,1
760,760,2024-05-27,2024-09-08,completed,2,3603720.0,4,2
761,761,2024-10-09,2024-10-28,completed,1,1773000.0,1,1
762,762,2024-03-19,2024-05-21,completed,2,6961000.0,3,1
763,763,2024-07-03,2024-09-19,completed,2,7699080.0,3,1
764,764,2024-06-25,2024-11-08,completed,2,17174000.0,1,2
765,765,2024-11-09,2024-11-11,completed,3,8822390.0,4,3
766,766,2024-01-17,2024-03-28,completed,2,23208960.0,3,1
767,767,2024-03-24,2024-11-07,completed,1,3156000.0,1,1
768,768,2024-05-29,2024-07-24,completed,3,5844120.0,4,1
769,769,2024-10-22,2024-10-26,completed,3,10340620.0,3,3
770,770,2024-01-17,2024-08-10,completed,2,2269100.0,4,1
771,771,2024-11-08,2024-11-11,cancelled,2,6679260.0,3,3
772,772,2024-06-10,2024-09-01,completed,3,8707640.0,3,2
773,773,2024-07-02,2024-11-03,completed,3,4153420.0,4,3
774,774,2024-03-29,2024-07-04,completed,2,26007120.0,4,2
775,775,2024-01-31,2024-08-16,completed,3,6203290.0,1,3
776,776,2024-05-17,2024-07-12,completed,1,526000.0,4,3
777,777,2024-03-03,2024-08-06,completed,1,510220.0,1,3
778,778,2024-10-02,2024-11-08,completed,1,526000.0,2,1
779,779,2024-06-05,2024-07-20,completed,2,5666000.0,2,3
780,780,2024-06-11,2024-06-11,completed,2,4357000.0,1,1
781,781,2024-06-03,2024-10-03,completed,2,3509420.0,3,1
782,782,2024-03-29,2024-05-06,completed,1,1418350.0,3,3
783,783,2024-02-12,2024-04-01,cancelled,1,1232640.0,1,1
784,784,2024-09-23,2024-10-24,cancelled,1,1052000.0,4,2
785,785,2024-06-10,2024-06-22,completed,1,2058000.0,1,1
786,786,2024-09-28,2024-11-02,completed,2,19561000.0,2,2
787,787,2024-02-18,2024-05-13,completed,2,10066800.0,1,1
788,788,2024-09-16,2024-10-18,cancelled,3,6050160.0,4,3
789,789,2024-02-21,2024-09-14,cancelled,2,3414840.0,1,2
790,790,2024-07-22,2024-10-29,completed,3,6303880.0,3,3
791,791,2024-10-22,2024-11-09,completed,1,2248480.0,2,1
792,792,2024-05-26,2024-10-13,completed,1,2548800.0,3,3
793,793,2024-08-23,2024-10-19,cancelled,2,17943000.0,3,2
794,794,2024-07-23,2024-08-19,completed,1,1249260.0,2,1
795,795,2024-05-12,2024-08-29,completed,3,14790500.0,1,1
796,796,2024-06-08,2024-11-01,completed,3,5207000.0,4,3
797,797,2024-05-22,2024-08-14,completed,2,45595980.0,2,1
798,798,2024-01-26,2024-09-04,completed,3,22860000.0,3,3
799,799,2024-10-29,2024-11-04,cancelled,1,7574730.0,4,2
800,800,2024-07-05,2024-11-11,completed,2,2799720.0,4,3
801,801,2024-06-18,2024-07-15,completed,3,13672980.0,4,2
802,802,2024-07-13,2024-07-26,completed,3,23345700.0,4,1
803,803,2024-09-15,2024-09-18,completed,3,14519160.0,4,2
804,804,2024-09-30,2024-11-09,completed,1,526000.0,3,3
805,805,2024-09-29,2024-10-15,completed,1,1578000.0,1,2
806,806,2024-10-13,2024-11-02,cancelled,2,2256100.0,1,1
807,807,2024-02-23,2024-07-18,completed,2,5634960.0,4,3
808,808,2024-10-05,2024-11-06,completed,2,17294000.0,3,3
809,809,2024-05-13,2024-09-22,completed,2,2411580.0,1,1
810,810,2024-05-16,2024-09-08,completed,2,3456600.0,1,1
811,811,2024-08-15,2024-09-06,completed,2,2887320.0,2,1
812,812,2024-01-24,2024-08-04,completed,1,2565000.0,2,1
813,813,2024-02-09,2024-07-18,completed,2,1744150.0,4,2
814,814,2024-01-06,2024-03-29,completed,3,6455440.0,2,2
815,815,2024-05-06,2024-08-02,cancelled,1,10977000.0,1,3
816,816,2024-07-13,2024-09-24,completed,3,4673000.0,4,3
817,817,2024-05-02,2024-06-18,completed,3,10627640.0,1,2
818,818,2024-05-14,2024-06-15,completed,1,2766750.0,3,1
819,819,2024-05-29,2024-08-31,cancelled,3,41497210.0,4,2
820,820,2024-07-18,2024-10-30,cancelled,2,5505390.0,3,3
821,821,2024-01-25,2024-05-06,completed,3,11580400.0,1,3
822,822,2024-08-13,2024-10-05,completed,1,3656900.0,2,1
823,823,2024-03-30,2024-08-24,completed,2,5244390.0,1,3
824,824,2024-05-13,2024-05-14,completed,3,5070880.0,2,1
825,825,2024-05-20,2024-05-27,cancelled,2,20642500.0,3,3
826,826,2024-10-17,2024-10-27,completed,2,18753000.0,4,3
827,827,2024-09-22,2024-11-09,cancelled,2,4437560.0,2,2
828,828,2024-02-21,2024-07-31,completed,1,1331000.0,2,1
829,829,2024-06-14,2024-10-03,completed,2,32336100.0,1,2
830,830,2024-05-31,2024-11-10,completed,1,2358000.0,2,1
831,831,2024-03-08,2024-03-24,completed,2,21389860.0,4,3
832,832,2024-01-27,2024-07-13,completed,2,150852960.0,2,1
833,833,2024-10-20,2024-11-08,completed,1,2934000.0,1,3
834,834,2024-02-09,2024-04-01,completed,1,2189000.0,4,2
835,835,2024-09-03,2024-09-13,completed,1,4484310.0,3,1
836,836,2024-05-31,2024-08-08,completed,3,5105600.0,4,1
837,837,2024-04-13,2024-08-16,completed,1,38446000.0,4,2
838,838,2024-06-28,2024-08-14,completed,3,36264420.0,3,2
839,839,2024-07-12,2024-10-10,completed,2,2715000.0,1,1
840,840,2024-09-26,2024-10-27,completed,3,9899460.0,4,1
841,841,2024-09-04,2024-10-15,completed,2,19401960.0,4,2
842,842,2024-11-10,2024-11-11,completed,1,1578000.0,2,3
843,843,2024-01-02,2024-03-04,completed,3,5133820.0,2,2
844,844,2024-03-12,2024-11-03,completed,2,7112330.0,1,1
845,845,2024-04-23,2024-06-20,completed,1,1950000.0,1,3
846,846,2024-08-28,2024-10-25,completed,3,4444900.0,3,1
847,847,2024-07-04,2024-08-02,completed,2,8721000.0,3,1
848,848,2024-01-21,2024-09-06,cancelled,2,19625580.0,2,2
849,849,2024-11-06,2024-11-10,completed,3,9800670.0,3,1
850,850,2024-08-29,2024-09-23,completed,1,2618000.0,4,2
851,851,2024-06-19,2024-11-04,completed,3,16320110.0,2,2
852,852,2024-09-07,2024-09-23,completed,3,68489570.0,2,3
853,853,2024-07-09,2024-11-02,completed,2,3283250.0,1,1
854,854,2024-02-24,2024-09-06,completed,2,8138910.0,2,3
855,855,2024-01-09,2024-07-12,completed,3,22766520.0,3,2
856,856,2024-10-27,2024-11-03,completed,1,33770550.0,1,1
857,857,2024-11-04,2024-11-09,completed,1,1416000.0,2,2
858,858,2024-03-04,2024-10-21,completed,2,5979900.0,4,1
859,859,2024-02-03,2024-03-19,completed,1,1404000.0,3,1
860,860,2024-05-13,2024-05-29,completed,2,6081060.0,2,1
861,861,2024-05-29,2024-10-15,completed,2,3555780.0,1,1
862,862,2024-06-04,2024-08-25,completed,2,8943720.0,1,3
863,863,2024-10-29,2024-11-04,completed,2,5896760.0,1,3
864,864,2024-09-21,2024-10-05,cancelled,3,6512320.0,3,1
865,865,2024-02-16,2024-11-11,completed,1,1578000.0,2,3
866,866,2024-04-20,2024-08-31,completed,3,50429300.0,2,3
867,867,2024-05-16,2024-07-17,completed,2,7908680.0,2,3
868,868,2024-04-23,2024-05-08,completed,1,3804360.0,1,1
869,869,2024-04-25,2024-08-09,completed,3,9777460.0,4,1
870,870,2024-10-26,2024-10-27,completed,2,6265530.0,4,2
871,871,2024-08-18,2024-10-26,completed,3,17195480.0,2,3
872,872,2024-07-12,2024-09-13,completed,2,5677000.0,2,1
873,873,2024-05-13,2024-07-02,completed,1,10598000.0,3,1
874,874,2024-08-20,2024-10-24,completed,2,66333190.0,1,2
875,875,2024-09-02,2024-10-04,completed,2,39256200.0,1,2
876,876,2024-08-18,2024-10-17,completed,3,11538100.0,3,2
877,877,2024-06-28,2024-07-23,completed,1,2816520.0,2,1
878,878,2024-02-26,2024-07-11,completed,2,2863960.0,2,1
879,879,2024-05-07,2024-06-24,completed,2,3065700.0,4,1
880,880,2024-04-22,2024-06-13,completed,3,11509870.0,1,2
881,881,2024-08-03,2024-09-05,cancelled,1,2514680.0,1,1
882,882,2024-10-10,2024-11-01,completed,3,4154320.0,4,2
883,883,2024-06-29,2024-10-22,completed,2,28471040.0,3,2
884,884,2024-02-07,2024-11-06,completed,3,57049880.0,2,2
885,885,2024-09-26,2024-10-14,completed,2,8023440.0,2,3
886,886,2024-09-02,2024-09-09,completed,1,5013000.0,1,1
887,887,2024-08-22,2024-09-24,completed,2,9727200.0,4,3
888,888,2024-08-24,2024-10-22,completed,2,4607960.0,3,3
889,889,2024-08-26,2024-10-28,cancelled,2,6277840.0,3,3
890,890,2024-04-09,2024-09-15,completed,3,26715240.0,2,1
891,891,2024-10-24,2024-11-04,completed,3,4456800.0,1,3
892,892,2024-05-24,2024-07-01,completed,3,7130700.0,3,1
893,893,2024-02-03,2024-05-10,completed,3,24141440.0,3,1
894,894,2024-08-14,2024-09-11,completed,2,8781000.0,2,2
895,895,2024-07-31,2024-10-24,completed,3,62407000.0,3,3
896,896,2024-01-09,2024-09-16,completed,3,3155530.0,3,3
897,897,2024-02-10,2024-04-20,cancelled,1,9984000.0,4,3
898,898,2024-07-28,2024-09-06,cancelled,2,3632000.0,1,2
899,899,2024-04-25,2024-09-01,completed,1,1443360.0,3,2
900,900,2024-10-11,2024-11-08,completed,2,15551380.0,3,2
901,901,2024-01-22,2024-09-07,completed,1,2414900.0,1,3
902,902,2024-08-07,2024-09-01,completed,3,11951200.0,4,2
903,903,2024-02-20,2024-03-25,completed,3,71374570.0,1,2
904,904,2024-10-16,2024-10-16,completed,3,7767000.0,4,1
905,905,2024-04-02,2024-08-22,completed,1,1733000.0,4,2
906,906,2024-07-27,2024-11-10,completed,3,6144000.0,4,3
907,907,2024-06-12,2024-06-18,completed,3,6835110.0,3,1
908,908,2024-08-27,2024-09-20,completed,1,749000.0,1,1
909,909,2024-08-31,2024-10-17,completed,2,7274700.0,3,1
910,910,2024-04-28,2024-08-24,completed,1,4214000.0,1,3
911,911,2024-09-08,2024-09-18,cancelled,1,1871100.0,4,2
912,912,2024-05-27,2024-09-22,completed,2,7363250.0,3,2
913,913,2024-08-07,2024-09-05,cancelled,2,5373980.0,2,1
914,914,2024-10-14,2024-10-24,completed,2,6136000.0,4,3
915,915,2024-11-10,2024-11-11,completed,1,2556000.0,1,1
916,916,2024-10-17,2024-10-28,completed,1,1571680.0,4,1
917,917,2024-06-13,2024-07-25,cancelled,3,45501040.0,3,2
918,918,2024-04-10,2024-08-26,completed,3,5022440.0,3,3
919,919,2024-10-07,2024-10-09,completed,1,3736000.0,3,1
920,920,2024-09-11,2024-09-29,completed,2,5885290.0,1,3
921,921,2024-10-15,2024-10-31,cancelled,2,9024000.0,2,2
922,922,2024-01-20,2024-08-01,completed,3,7064480.0,4,2
923,923,2024-07-27,2024-09-16,completed,3,4049040.0,4,2
924,924,2024-02-02,2024-08-23,completed,3,5457560.0,2,1
925,925,2024-01-17,2024-03-22,cancelled,3,6515910.0,3,3
926,926,2024-08-18,2024-09-09,completed,1,2115000.0,2,2
927,927,2024-08-31,2024-10-27,completed,2,12265750.0,2,3
928,928,2024-03-17,2024-07-05,completed,1,1630000.0,3,3
929,929,2024-02-22,2024-03-19,completed,2,1228880.0,2,3
930,930,2024-06-04,2024-10-29,cancelled,2,8738000.0,2,3
931,931,2024-01-26,2024-04-15,completed,1,4596600.0,4,1
932,932,2024-04-18,2024-09-14,completed,3,7080780.0,4,3
933,933,2024-03-04,2024-06-21,completed,2,2998460.0,2,3
934,934,2024-02-08,2024-10-06,completed,2,34321380.0,4,2
935,935,2024-01-13,2024-01-28,completed,2,3644940.0,3,3
936,936,2024-04-12,2024-07-15,completed,2,2036480.0,1,1
937,937,2024-04-26,2024-08-07,completed,1,1546440.0,2,2
938,938,2024-06-28,2024-10-19,cancelled,2,16289040.0,2,1
939,939,2024-03-03,2024-11-11,completed,2,8593640.0,1,1
940,940,2024-10-07,2024-10-30,completed,3,8884860.0,2,1
941,941,2024-05-15,2024-08-04,completed,2,6767200.0,4,3
942,942,2024-07-31,2024-08-25,completed,1,2140380.0,4,2
943,943,2024-09-12,2024-10-16,completed,2,3011200.0,3,1
944,944,2024-11-08,2024-11-09,completed,1,1066000.0,2,1
945,945,2024-04-20,2024-06-07,completed,3,25249310.0,4,2
946,946,2024-06-21,2024-09-21,completed,2,10549710.0,3,3
947,947,2024-05-06,2024-09-10,completed,2,6394000.0,2,1
948,948,2024-01-08,2024-03-14,completed,1,5085080.0,1,3
949,949,2024-07-31,2024-09-16,completed,3,7012400.0,4,2
950,950,2024-11-01,2024-11-04,completed,1,1114120.0,4,2
951,951,2024-03-17,2024-04-02,completed,2,70367000.0,2,1
952,952,2024-02-24,2024-10-03,completed,1,1089000.0,2,3
953,953,2024-03-25,2024-09-06,completed,3,9934610.0,2,1
954,954,2024-08-03,2024-09-17,cancelled,1,913680.0,2,1
955,955,2024-08-08,2024-11-04,cancelled,2,8149360.0,4,2
956,956,2024-01-07,2024-06-28,completed,1,4547700.0,4,3
957,957,2024-10-11,2024-11-05,completed,1,1499100.0,2,3
958,958,2024-08-02,2024-10-16,completed,1,1030960.0,1,3
959,959,2024-01-23,2024-05-15,completed,3,34154100.0,3,3
960,960,2024-04-23,2024-09-05,completed,2,15154380.0,1,1
961,961,2024-03-27,2024-08-07,completed,2,6446880.0,2,1
962,962,2024-01-04,2024-03-28,completed,2,4522300.0,1,2
963,963,2024-08-06,2024-09-13,completed,1,31526000.0,2,2
964,964,2024-09-03,2024-09-14,completed,1,777000.0,3,3
965,965,2024-01-01,2024-03-26,completed,2,2535320.0,4,2
966,966,2024-11-03,2024-11-11,completed,3,121332470.0,1,2
967,967,2024-02-17,2024-03-29,completed,1,535000.0,2,3
968,968,2024-05-03,2024-09-23,completed,3,20250000.0,4,2
969,969,2024-07-07,2024-07-07,completed,3,6178400.0,1,1
970,970,2024-03-17,2024-07-03,completed,1,4034000.0,2,2
971,971,2024-09-21,2024-11-11,completed,1,1836210.0,4,3
972,972,2024-07-30,2024-09-11,completed,1,3265080.0,3,2
973,973,2024-04-07,2024-05-11,completed,3,7241700.0,1,2
974,974,2024-09-24,2024-09-24,completed,2,22975560.0,1,3
975,975,2024-03-23,2024-05-24,cancelled,3,17527700.0,3,2
976,976,2024-01-11,2024-07-29,completed,3,61361100.0,3,3
977,977,2024-06-10,2024-06-28,completed,3,5233000.0,1,3
978,978,2024-01-28,2024-01-28,cancelled,1,5274000.0,2,1
979,979,2024-10-18,2024-11-07,completed,2,5162290.0,1,2
980,980,2024-10-04,2024-11-07,completed,1,2768000.0,3,3
981,981,2024-03-03,2024-11-01,completed,1,3798000.0,2,3
982,982,2024-11-07,2024-11-10,completed,3,8726880.0,1,2
983,983,2024-03-21,2024-06-04,completed,2,5701800.0,2,2
984,984,2024-03-22,2024-07-01,completed,2,44746600.0,2,1
985,985,2024-08-22,2024-10-28,completed,1,10021680.0,2,2
986,986,2024-01-06,2024-06-05,completed,2,7655240.0,4,3
987,987,2024-08-15,2024-10-29,completed,2,7507000.0,1,1
988,988,2024-08-30,2024-09-29,cancelled,1,8331000.0,2,2
989,989,2024-07-06,2024-07-26,completed,3,9756600.0,4,1
990,990,2024-03-22,2024-04-20,completed,3,7173290.0,1,1
991,991,2024-05-13,2024-09-19,completed,3,23291650.0,4,3
992,992,2024-04-07,2024-05-28,completed,1,1214000.0,2,3
993,993,2024-01-07,2024-10-06,completed,1,607880.0,4,2
994,994,2024-10-07,2024-11-03,completed,2,13951740.0,3,2
995,995,2024-10-27,2024-10-28,completed,3,4946660.0,1,3
996,996,2024-10-19,2024-11-10,completed,1,37893000.0,2,3
997,997,2024-04-18,2024-07-12,completed,3,17283600.0,4,3
998,998,2024-01-31,2024-02-11,cancelled,3,5823560.0,1,3
999,999,2024-05-06,2024-08-03,completed,3,19651790.0,1,3
