order_product_id,quantity,price,order_id,product_id
0,3,570580.0,0,75434
1,3,2204000.0,0,168448
2,2,4313880.0,0,166236
3,3,2714000.0,1,51121
4,2,16669959.999999998,2,188681
5,1,732000.0,2,150720
6,1,777000.0,3,147096
7,2,526000.0,3,196870
8,2,526000.0,3,74827
9,3,1474000.0,4,147965
10,3,13006000.0,4,195028
11,3,2104900.0,5,201016
12,3,526000.0,6,225727
13,1,1441580.0,7,266676
14,1,803000.0,7,24953
15,2,755160.0,7,56695
16,2,687960.0,8,279021
17,3,633880.0,8,224063
18,3,2239000.0,9,267032
19,1,617000.0,9,232076
20,3,1226880.0,10,194416
21,1,1838000.0,11,215174
22,2,1757000.0,11,196441
23,1,9717460.0,12,140321
24,1,1328900.0,13,376736
25,1,3374000.0,14,22869
26,1,399000.0,15,151514
27,1,13189000.0,15,141236
28,2,526000.0,15,193838
29,1,848120.0,16,145920
30,2,2490000.0,16,223200
31,2,774000.0,17,223967
32,2,1972800.0,18,146220
33,3,499700.0,18,166953
34,2,1437000.0,18,178220
35,3,633000.0,19,157107
36,1,36569680.0,19,201767
37,3,2490000.0,20,198296
38,3,1652880.0,21,142963
39,1,5852000.0,22,237098
40,2,2541000.0,22,152341
41,1,7730900.0,22,146319
42,1,608640.0,23,238036
43,3,552370.0,24,226744
44,2,1183000.0,25,105582
45,2,3231070.0,25,235202
46,1,19017000.0,26,188957
47,1,2254120.0,26,32014
48,2,3768000.0,26,151844
49,2,756000.0,27,142090
50,2,2548800.0,27,148797
51,3,5011000.0,27,236354
52,2,526000.0,28,356324
53,1,1607000.0,29,177284
54,2,9270100.0,29,382702
55,1,11723740.0,30,81141
56,3,2552000.0,31,148228
57,1,489179.99999999994,32,139220
58,2,1597400.0,33,202597
59,1,526000.0,34,209186
60,2,741000.0,35,218143
61,1,1800100.0,36,54683
62,3,1908000.0,36,148682
63,1,1727000.0,36,50513
64,3,19182400.0,37,207976
65,3,751660.0,37,197263
66,3,478660.0,37,230615
67,2,1035000.0,38,228294
68,3,649800.0,38,215391
69,1,1931080.0,38,202911
70,3,2082240.0,39,191475
71,3,771000.0,39,203575
72,2,9569000.0,39,24853
73,1,1782200.0,40,51371
74,1,693000.0,41,101236
75,3,18716880.0,41,32335
76,1,526000.0,42,254099
77,2,645820.0,42,230667
78,2,1755000.0,43,182107
79,3,856340.0,43,242019
80,3,8191000.0,44,179905
81,2,2641400.0,44,140590
82,3,10896000.0,44,198262
83,1,727000.0,45,266826
84,3,2323580.0,45,212073
85,1,677000.0,46,96633
86,1,3419220.0,46,24324
87,3,826280.0,47,215514
88,3,938880.0,47,179341
89,1,330000.0,48,91515
90,1,17344000.0,48,368386
91,1,515480.0,49,181330
92,1,1771000.0,49,156575
93,3,1288740.0,49,150159
94,2,526000.0,50,89457
95,2,1384150.0,50,271958
96,1,499700.0,51,255277
97,1,1811000.0,52,22318
98,2,1371750.0,52,263711
99,2,733320.0,52,149108
100,2,1499600.0,53,186071
101,2,2427000.0,53,19853
102,3,2867940.0,53,185973
103,1,864800.0,54,366956
104,3,1084000.0,55,72352
105,3,1143980.0,55,160517
106,2,1117000.0,55,88969
107,1,1614000.0,56,152057
108,2,1620000.0,56,163481
109,3,494440.0,56,37947
110,2,566100.0,57,172183
111,1,1805040.0,58,208583
112,3,1524000.0,58,23388
113,3,3340560.0,59,51605
114,1,1812000.0,60,11458
115,2,3861000.0,60,23888
116,2,1063300.0,61,263040
117,3,1581100.0,61,189526
118,1,1775760.0,62,216933
119,3,1810000.0,63,56687
120,3,535000.0,64,141316
121,2,2035000.0,64,138505
122,3,1304650.0,64,248545
123,3,588770.0,65,274704
124,3,4330080.0,65,243428
125,3,908000.0,65,256200
126,1,1774000.0,66,84865
127,1,996000.0,67,197472
128,3,2633760.0,67,96558
129,3,2419000.0,68,203334
130,3,7566000.0,68,165249
131,3,1711000.0,69,19595
132,2,795760.0,69,277927
133,3,9977380.0,70,24769
134,3,2239000.0,70,379699
135,3,1240200.0,71,83738
136,2,617000.0,72,218652
137,2,328700.0,72,149448
138,2,3861000.0,72,23888
139,2,565800.0,73,179685
140,1,1630000.0,74,170693
141,1,2113000.0,74,266273
142,3,531000.0,75,198732
143,1,680120.0,75,206571
144,2,536750.0,76,180346
145,3,1811000.0,76,190759
146,1,1037000.0,77,38805
147,1,19223000.0,78,208005
148,1,1597400.0,78,22900
149,2,1292500.0,78,191306
150,3,777000.0,79,147096
151,2,7730900.0,80,146319
152,3,13710000.0,80,374254
153,1,16589910.0,81,354020
154,2,991000.0,81,191710
155,2,3090350.0,82,234192
156,2,874000.0,82,163524
157,3,19182400.0,83,207976
158,1,1376430.0,83,238469
159,1,2383680.0,83,103620
160,3,659000.0,84,86874
161,1,1516060.0,84,23828
162,1,1919630.0,85,122832
163,1,15404519.999999998,85,50498
164,1,908000.0,85,256200
165,3,615360.0,86,50953
166,2,2142720.0,86,199326
167,1,1630000.0,87,257521
168,3,1630000.0,87,164487
169,3,219880.0,88,188459
170,2,33540000.0,89,409320
171,2,1568640.0,89,224594
172,1,464360.0,90,188301
173,3,699300.0,90,161058
174,1,3063000.0,91,218822
175,3,1539000.0,91,150516
176,1,12495000.0,91,184978
177,3,1814540.0,92,282428
178,3,2714000.0,92,51121
179,3,167606000.0,93,333841
180,1,20192000.0,93,210144
181,1,615000.0,94,170057
182,2,1098000.0,94,211832
183,1,5471000.0,94,195191
184,2,706000.0,95,181015
185,3,1758000.0,95,174332
186,3,578100.0,95,96697
187,3,765120.0,96,220122
188,3,1548500.0,96,224089
189,1,526000.0,97,273869
190,1,489179.99999999994,97,262768
191,3,1624000.0,97,89447
192,1,2143000.0,98,196204
193,2,748930.0,98,245623
194,3,1340000.0,99,38946
195,3,8632000.0,99,162796
196,2,457000.0,99,90883
197,3,526000.0,100,268143
198,1,1558480.0,100,204438
199,3,1572480.0,101,38894
200,2,652800.0,101,110504
201,2,1486000.0,101,211637
202,2,473400.0,102,70543
203,2,603330.0,102,115399
204,3,617000.0,102,232076
205,3,504960.0,103,180486
206,3,1320000.0,104,223971
207,1,4313880.0,105,166236
208,2,1068480.0,105,150263
209,2,1338240.0,106,20960
210,1,4391000.0,107,51171
211,3,56918560.0,107,381620
212,3,2724120.0,108,54625
213,2,1530760.0,108,283034
214,2,483920.0,108,43072
215,2,526000.0,109,268143
216,1,650720.0,109,230699
217,1,463660.0,110,90539
218,1,1437000.0,110,178220
219,2,1458730.0,110,96795
220,2,1936480.0,111,50943
221,2,627840.0,112,224499
222,2,820260.0,112,148149
223,1,1088100.0,112,100588
224,2,2364550.0,113,60776
225,1,1463280.0,113,379533
226,3,2456100.0,114,174959
227,3,499700.0,114,252232
228,3,3117660.0,115,25143
229,1,843600.0,115,217057
230,3,4771000.0,115,51575
231,3,1025000.0,116,148789
232,1,1962000.0,116,216207
233,2,3671040.0,117,198361
234,2,680000.0,118,279711
235,1,2565870.0,118,142255
236,3,8814000.0,119,21027
237,1,986860.0,120,96939
238,3,2245000.0,120,221228
239,3,1610000.0,121,207405
240,2,2667840.0,122,178129
241,3,597060.0,122,125502
242,2,2140000.0,122,21771
243,3,7827820.0,123,175958
244,1,699360.0,123,158069
245,2,1084000.0,124,72352
246,1,1632540.0,124,201314
247,3,671000.0,124,257616
248,3,2649550.0,125,394168
249,3,1571920.0,125,66910
250,2,1096000.0,126,155278
251,2,1244510.0,127,124990
252,3,1322880.0,127,29495
253,1,1693440.0,128,102633
254,1,4424000.0,128,32277
255,3,748930.0,128,245623
256,2,1630000.0,129,185605
257,2,569640.0,130,185988
258,2,1393000.0,131,256331
259,3,510220.0,131,97760
260,2,2613180.0,131,19220
261,2,1416000.0,132,20612
262,2,1820939.9999999998,133,286887
263,1,1844600.0,133,236369
264,3,5678000.0,134,25108
265,3,1145000.0,135,279933
266,2,9657900.0,136,167966
267,3,1066000.0,136,72162
268,1,526000.0,137,222623
269,3,1410380.0,138,201822
270,1,526000.0,138,268143
271,3,526000.0,138,163207
272,2,1204800.0,139,264560
273,3,606000.0,139,247176
274,3,11733000.0,139,124186
275,2,1581100.0,140,198777
276,2,694000.0,140,222389
277,2,438720.0,140,182997
278,2,473400.0,141,83790
279,3,1161000.0,141,133084
280,3,1046400.0,142,187780
281,2,2027680.0,142,142023
282,2,627000.0,142,257041
283,3,608640.0,143,238036
284,1,2704000.0,143,20234
285,1,1096000.0,143,84535
286,2,774560.0,144,74966
287,1,362000.0,144,155866
288,3,1697000.0,145,215197
289,2,2267520.0,146,262838
290,2,1597400.0,146,224693
291,1,1637100.0,146,55015
292,2,3561000.0,147,98611
293,2,540000.0,147,84394
294,3,2628900.0,147,168580
295,3,1183000.0,148,217195
296,2,24606000.0,149,198652
297,3,915000.0,149,102462
298,1,765120.0,149,220122
299,3,1332900.0,150,233371
300,1,2432880.0,150,133119
301,1,463660.0,151,90539
302,3,1943880.0,152,177976
303,2,2670000.0,153,193027
304,1,8814000.0,153,21027
305,1,2110000.0,154,236693
306,1,1312220.0,155,56386
307,1,2104900.0,155,201016
308,3,771000.0,156,203575
309,1,2977000.0,156,154876
310,1,793000.0,157,264971
311,1,1963650.0,157,159594
312,1,483920.0,158,128353
313,1,1752000.0,159,276913
314,1,2670000.0,159,193027
315,2,18959000.0,159,198251
316,3,13100000.0,160,254943
317,2,3307080.0,160,21513
318,3,1597400.0,161,88796
319,3,2277000.0,162,90514
320,2,2651000.0,162,147925
321,2,1941200.0,162,44650
322,3,2894160.0,163,109528
323,1,1121400.0,164,24323
324,3,1326000.0,164,182327
325,2,1214220.0,164,100964
326,3,1433000.0,165,267376
327,2,945760.0,165,36862
328,1,5838000.0,166,167424
329,2,478660.0,166,88845
330,3,4214000.0,166,123161
331,2,6157530.0,167,189698
332,3,13357000.0,167,196356
333,2,589950.0,168,59484
334,2,15763000.0,168,238492
335,2,587700.0,168,59464
336,3,875000.0,169,225346
337,2,2812440.0,170,66318
338,1,494440.0,170,148605
339,1,699360.0,170,158069
340,1,6949000.0,171,219417
341,3,1621920.0,171,81359
342,2,2363760.0,171,229758
343,3,3392000.0,172,20609
344,3,1398460.0,172,282025
345,2,1226880.0,172,194416
346,2,2410000.0,173,23667
347,2,1317680.0,174,64598
348,3,938880.0,175,179341
349,2,1190000.0,175,116993
350,3,1028000.0,176,59167
351,3,663640.0,177,145422
352,1,657000.0,177,8595
353,2,1992340.0,178,23524
354,1,596900.0,178,248067
355,1,1630000.0,178,219683
356,2,1773000.0,179,165018
357,1,1761000.0,179,202282
358,2,5797850.0,179,266749
359,3,1630000.0,180,199058
360,3,2762560.0,181,181347
361,2,820000.0,182,110128
362,1,20340280.0,182,169585
363,2,1483300.0,183,217424
364,3,1981000.0,184,218911
365,2,17059000.0,184,209503
366,1,473400.0,185,83121
367,2,526000.0,185,273869
368,1,2210000.0,185,185703
369,1,1652880.0,186,144904
370,3,1392920.0,186,206189
371,2,1630000.0,187,1934
372,1,733000.0,187,188916
373,3,1718000.0,188,126954
374,3,765120.0,188,220122
375,3,1314950.0,188,46852
376,3,1113000.0,189,251317
377,2,1630000.0,189,185466
378,2,3156000.0,189,177938
379,2,2410400.0,190,197513
380,3,10876040.0,190,250972
381,1,2395000.0,191,115541
382,1,839420.0,192,36803
383,1,11733000.0,193,124186
384,1,1500300.0,193,206492
385,2,12495000.0,193,184978
386,1,744000.0,194,150937
387,1,1957950.0,194,52251
388,2,682080.0,194,218168
389,2,996000.0,195,197318
390,3,494440.0,195,22406
391,2,3911000.0,195,183330
392,1,7824000.0,196,19409
393,1,2762560.0,196,181347
394,1,1357000.0,196,171529
395,2,862000.0,197,273910
396,1,982940.0,197,190896
397,1,1384150.0,198,271958
398,1,1571000.0,198,194254
399,1,3851000.0,198,21946
400,3,627000.0,199,271328
401,3,2983560.0,199,177107
402,1,3549000.0,200,176861
403,1,707730.0,201,103074
404,2,640920.0,201,225911
405,3,6476150.0,202,152332
406,3,515480.0,202,268827
407,3,2490000.0,203,198296
408,3,2094820.0,204,105367
409,2,494700.0,204,115346
410,1,1412000.0,204,204153
411,2,2628900.0,205,168580
412,3,1644000.0,206,191749
413,1,624000.0,207,88140
414,1,515480.0,207,135860
415,3,526000.0,208,143820
416,1,2110000.0,208,236693
417,3,494440.0,208,194490
418,3,1369640.0,209,266448
419,3,1706000.0,209,31976
420,1,15886000.0,209,18830
421,2,669600.0,210,102307
422,3,732000.0,210,9707
423,2,1850000.0,210,215434
424,2,617000.0,211,218652
425,1,1453000.0,212,58829
426,2,2094820.0,212,105367
427,2,1704000.0,213,25311
428,2,13820560.0,214,379788
429,1,3010280.0,214,103695
430,3,689000.0,215,219205
431,2,1929450.0,215,213189
432,2,1008119.9999999999,216,177896
433,1,1321000.0,216,63424
434,3,15612000.0,217,189295
435,3,700290.0,217,92948
436,1,723000.0,217,140154
437,1,2206160.0,218,189070
438,3,3968000.0,218,52814
439,1,830760.0,218,218980
440,1,829080.0,219,167261
441,2,9932400.0,220,235350
442,1,999000.0,220,97234
443,1,648210.0,221,258561
444,3,629000.0,222,136745
445,1,12220000.0,222,24307
446,3,1904750.0,223,176174
447,3,1229900.0,223,88953
448,1,53918000.0,224,381278
449,2,478660.0,224,845961
450,3,1859000.0,225,203727
451,1,3968000.0,225,52814
452,3,2258100.0,226,268875
453,1,955000.0,226,58607
454,3,237149.99999999997,227,278055
455,1,5574240.0,227,219239
456,3,478660.0,227,141361
457,1,733320.0,228,149108
458,2,5984160.0,228,234670
459,2,526000.0,228,90527
460,2,652860.0,229,209801
461,1,2282000.0,229,54275
462,2,793000.0,229,88878
463,1,924960.0,230,149025
464,2,1515900.0,230,190577
465,2,1931000.0,231,32012
466,2,1011000.0,231,232427
467,2,1677760.0,232,208792
468,2,666000.0,232,176661
469,2,565250.0,232,222353
470,2,12495000.0,233,205233
471,3,589950.0,234,109365
472,1,1532200.0,235,193912
473,3,473400.0,235,71301
474,1,483920.0,236,195154
475,3,645820.0,236,230667
476,3,10136020.0,236,379254
477,3,1359000.0,237,166265
478,2,614650.0,238,146140
479,1,526000.0,238,187135
480,3,1262940.0,238,32214
481,1,2446000.0,239,659422
482,1,6350590.0,240,24071
483,2,1068480.0,241,150263
484,1,1576880.0,241,194844
485,2,14740200.0,241,178063
486,2,1799000.0,242,354939
487,3,570580.0,242,75434
488,3,766800.0,242,141344
489,3,5673000.0,243,242894
490,2,473400.0,243,172676
491,1,1577800.0,244,150464
492,3,856340.0,244,242019
493,2,521000.0,245,230512
494,1,1378980.0,246,221316
495,3,888300.0,246,71554
496,1,1309000.0,247,215954
497,3,938880.0,247,179341
498,1,9414000.0,247,153392
499,3,1724160.0,248,145345
500,1,625240.0,249,185793
501,2,1363000.0,250,67047
502,3,5082000.0,251,206897
503,3,1742000.0,251,204083
504,2,2622620.0,252,44437
505,1,526000.0,252,182301
506,1,1128110.0,252,207021
507,3,526000.0,253,193838
508,2,3223000.0,254,267488
509,2,3352000.0,255,194256
510,1,1996000.0,255,23730
511,2,489179.99999999994,256,180489
512,3,5132000.0,256,24905
513,1,7325609.999999999,257,139382
514,2,961920.0,257,237104
515,1,2538000.0,258,145001
516,2,2252450.0,259,228750
517,2,6273960.0,259,280270
518,3,3909460.0,260,176900
519,3,3419220.0,260,24324
520,2,1378980.0,261,221316
521,1,494440.0,261,199722
522,1,2743440.0,261,81483
523,1,6919680.0,262,175715
524,3,12343140.0,262,25246
525,3,1169000.0,262,90073
526,3,1068480.0,263,150263
527,1,1444520.0,263,385222
528,2,12502330.0,263,174973
529,2,821000.0,264,533891
530,1,1328900.0,264,376736
531,3,1463000.0,264,89401
532,2,500400.0,265,219437
533,2,37903000.0,265,140514
534,3,1243000.0,266,163452
535,3,867000.0,266,104223
536,1,494440.0,266,199722
537,2,1310000.0,267,167028
538,2,969000.0,267,47407
539,2,11256850.0,267,378830
540,1,399000.0,268,151514
541,2,2660700.0,268,127640
542,1,1306760.0,269,141147
543,1,1581100.0,269,1897
544,1,1621000.0,269,228163
545,3,1648250.0,270,240705
546,3,184320.0,270,278439
547,1,892710.0,271,208313
548,1,624160.0,271,366952
549,1,526000.0,271,230535
550,2,35149000.0,272,165999
551,2,7730900.0,273,146319
552,1,680000.0,273,149702
553,3,638260.0,273,286624
554,2,1157400.0,274,229304
555,2,1605000.0,275,189134
556,1,8157600.0,275,208216
557,1,6969000.0,276,182974
558,1,2695000.0,276,15340
559,1,1630000.0,277,219694
560,1,1582000.0,277,53337
561,2,1492650.0,277,458880
562,3,893000.0,278,116360
563,2,2213500.0,278,54797
564,3,1630000.0,278,185466
565,2,1492650.0,279,458880
566,1,2964000.0,280,51178
567,2,2252000.0,280,112741
568,1,576900.0,281,232017
569,3,1326000.0,281,164786
570,1,1630000.0,281,202937
571,2,1979000.0,282,20265
572,1,2787000.0,283,75897
573,2,478660.0,283,98878
574,3,1577000.0,283,236589
575,1,7055020.0,284,236585
576,1,526000.0,284,266672
577,3,1351000.0,285,259472
578,2,1204800.0,285,264560
579,3,2507000.0,286,175290
580,1,867000.0,286,104223
581,2,14857000.0,286,300450
582,1,1330000.0,287,83614
583,2,1386000.0,287,238816
584,3,1682000.0,288,97099
585,3,624000.0,289,88140
586,2,1081800.0,289,31688
587,3,803520.0,290,224715
588,2,1288920.0,290,91864
589,2,1113000.0,290,251317
590,2,1460160.0,291,239177
591,3,1580000.0,291,193338
592,3,911000.0,291,260656
593,1,8280000.0,292,238833
594,2,3223000.0,292,267488
595,2,1859000.0,292,203727
596,3,478660.0,293,88845
597,3,1870550.0,293,207278
598,1,5673000.0,294,242894
599,1,499700.0,294,85784
600,2,797000.0,295,37625
601,3,1321000.0,295,63424
602,2,1471000.0,295,106974
603,3,2968000.0,296,22168
604,2,976320.0,296,203675
605,1,10513830.0,297,24899
606,1,1515900.0,297,190370
607,1,1738800.0,297,193509
608,3,526000.0,298,229789
609,1,608180.0,298,231200
610,2,1597400.0,298,141834
611,3,2714000.0,299,90377
612,3,4620000.0,300,53363
613,1,770000.0,300,164933
614,1,650000.0,301,97111
615,3,40235000.0,301,196100
616,1,1486000.0,301,206083
617,2,665420.0,302,156245
618,2,1469000.0,302,221517
619,1,19971000.0,302,144618
620,2,526000.0,303,158947
621,2,3047000.0,303,20103
622,1,962880.0,303,178870
623,3,1093000.0,304,197712
624,1,590000.0,305,236789
625,1,17662190.0,306,200746
626,3,668000.0,306,181186
627,2,5797850.0,307,266749
628,1,677000.0,307,161781
629,2,2552000.0,307,97711
630,3,1486000.0,308,206083
631,3,820000.0,309,259023
632,2,1499600.0,309,238086
633,1,810810.0,310,186103
634,1,817000.0,311,258797
635,3,773090.0,311,168437
636,2,676000.0,312,75647
637,3,1600000.0,312,25212
638,2,2256000.0,313,188767
639,2,1150920.0,313,269576
640,2,2689000.0,314,59468
641,1,526000.0,314,252051
642,2,964409.9999999999,314,207722
643,3,3047000.0,315,20103
644,3,571000.0,315,217831
645,2,1173000.0,315,209451
646,2,1386000.0,316,238816
647,3,1780360.0,316,97125
648,2,680000.0,316,149702
649,1,595140.0,317,169630
650,2,637440.0,317,237528
651,1,608180.0,318,231200
652,1,7281800.0,318,287103
653,2,1786000.0,319,205535
654,1,8832000.0,319,24102
655,3,1515900.0,319,190370
656,2,526000.0,320,158066
657,1,1128110.0,320,207021
658,3,2552000.0,320,97711
659,3,738000.0,321,31969
660,1,494000.0,322,147066
661,1,13357000.0,322,196356
662,2,1357000.0,323,173690
663,1,1011000.0,323,270872
664,2,594900.0,323,227600
665,3,630000.0,324,277102
666,3,1632000.0,324,59155
667,2,15287400.0,325,377072
668,3,12222700.0,325,284834
669,1,483920.0,326,10287
670,3,1483300.0,326,152023
671,3,1440000.0,326,239529
672,2,3177000.0,327,52628
673,3,1313000.0,327,219422
674,3,797000.0,327,37945
675,3,2309450.0,328,201008
676,1,1512480.0,328,257759
677,1,494440.0,328,89043
678,1,597600.0,329,99600
679,3,13006000.0,330,195028
680,3,504960.0,330,88994
681,1,5630650.0,330,173944
682,3,1936480.0,331,50943
683,2,2482560.0,332,67211
684,3,2685000.0,333,63602
685,1,14096000.0,333,194859
686,1,7566000.0,334,165249
687,1,36651540.0,335,175820
688,3,648210.0,336,258561
689,2,3861000.0,336,23888
690,1,28753650.0,336,161097
691,1,635000.0,337,201106
692,1,30221000.0,337,197681
693,3,629000.0,337,136745
694,2,1348000.0,338,210855
695,3,1624320.0,338,127007
696,2,1988350.0,338,26143
697,2,8013120.0,339,153567
698,3,6364120.0,340,158100
699,3,494440.0,340,89043
700,1,8191000.0,340,179905
701,1,4668000.0,341,140814
702,3,510220.0,342,178618
703,1,943350.0,342,185080
704,2,494440.0,342,216026
705,2,841000.0,343,134550
706,2,1581100.0,343,198777
707,2,2095680.0,344,32039
708,3,526000.0,345,1688
709,2,1891000.0,345,273057
710,3,586960.0,346,216878
711,3,22046160.0,347,244894
712,2,1147200.0,347,98989
713,1,1060000.0,347,227646
714,3,606000.0,348,247176
715,2,1652880.0,348,142963
716,3,1265000.0,348,19818
717,2,2248200.0,349,19239
718,2,627000.0,350,271328
719,1,6258760.0,350,252779
720,2,2422380.0,350,31767
721,2,7716000.0,351,378000
722,3,1541000.0,352,24153
723,3,1644000.0,352,191749
724,2,1161000.0,353,133084
725,2,727000.0,353,222246
726,3,1143980.0,354,160517
727,2,1600000.0,354,25212
728,3,9192600.0,355,143231
729,1,2046000.0,355,25194
730,3,1017000.0,355,209595
731,3,2345460.0,356,59175
732,2,673180.0,356,204822
733,2,2463000.0,357,78291
734,2,645000.0,357,97470
735,1,984000.0,357,133190
736,1,756000.0,358,142090
737,1,5177000.0,359,91701
738,3,1526650.0,359,213842
739,1,1011440.0,360,6979
740,1,19918600.0,361,242781
741,3,2087040.0,361,173406
742,3,627000.0,362,271328
743,3,664000.0,362,83757
744,1,1868520.0,362,74210
745,1,1871100.0,363,208260
746,3,680760.0,363,224805
747,3,15612000.0,363,206910
748,1,659600.0,364,162720
749,2,1422330.0,364,89902
750,1,1890000.0,364,98882
751,3,723000.0,365,277711
752,1,1473920.0,365,259208
753,2,774000.0,365,223967
754,2,2115000.0,366,19403
755,3,3100720.0,366,19971
756,2,1356080.0,366,243083
757,1,16801000.0,367,190419
758,1,5090100.0,367,20050
759,3,1630000.0,368,123591
760,3,2434000.0,368,45153
761,3,1871100.0,369,208260
762,1,1061060.0,370,23516
763,2,1330000.0,371,83614
764,2,632000.0,372,10626
765,1,2459000.0,372,257746
766,2,1387680.0,372,163776
767,3,683000.0,373,98880
768,1,1336320.0,374,230939
769,3,2496000.0,374,78849
770,2,616320.0,374,177154
771,1,1340000.0,375,38946
772,1,1171170.0,375,88974
773,1,632000.0,376,10626
774,3,1660050.0,377,265675
775,1,536750.0,377,180346
776,2,8013120.0,378,153567
777,1,1846800.0,378,59504
778,1,1775760.0,379,216933
779,3,664000.0,379,83757
780,2,578100.0,380,230725
781,3,43906000.0,380,195683
782,2,1788480.0,381,206098
783,2,5954000.0,381,140954
784,3,867000.0,381,104223
785,3,2649550.0,382,394168
786,1,2894160.0,382,109528
787,3,1396560.0,382,145445
788,1,923489.9999999999,383,89080
789,2,1931000.0,383,32012
790,2,19918600.0,383,242781
791,1,2651000.0,384,147925
792,3,998200.0,384,97660
793,3,1011440.0,385,6979
794,3,928720.0,385,383904
795,1,526000.0,385,146187
796,1,808980.0,386,184433
797,2,2046000.0,386,25194
798,3,706000.0,386,181015
799,3,2256000.0,387,188767
800,1,341310.0,387,229774
801,3,683850.0,387,238172
802,2,1630000.0,388,227751
803,2,1630000.0,388,82284
804,2,1428480.0,388,67310
805,1,20064000.0,389,20863
806,2,1846800.0,389,59504
807,2,2115000.0,389,209643
808,2,648000.0,390,109073
809,2,1600320.0,390,356775
810,3,1919630.0,391,122832
811,2,620100.0,391,188172
812,1,1515900.0,392,269312
813,3,929069.9999999999,392,230519
814,2,515480.0,392,155976
815,2,1571000.0,393,194254
816,2,516000.0,394,263177
817,1,2206160.0,394,189070
818,2,526000.0,395,103262
819,3,478660.0,395,845961
820,3,515480.0,396,226015
821,3,1972800.0,396,146220
822,3,1671000.0,396,81367
823,2,1458730.0,397,96795
824,2,2766720.0,397,212937
825,1,12643000.0,397,22625
826,3,2099940.0,398,37581
827,1,1661000.0,398,213862
828,3,43197700.0,398,186072
829,3,526000.0,399,82104
830,2,515480.0,400,139585
831,1,782800.0,400,187663
832,3,1630000.0,400,219614
833,3,969000.0,401,71869
834,2,637440.0,401,237528
835,2,758940.0,402,3087
836,2,9745560.0,403,143127
837,3,11596500.0,403,165482
838,1,510220.0,404,127100
839,2,2082240.0,404,191475
840,1,1532200.0,405,90057
841,2,1471550.0,405,56667
842,2,764100.0,406,174660
843,2,7361900.0,407,264758
844,3,1711000.0,407,218004
845,2,494440.0,408,222792
846,1,2094720.0,408,147481
847,3,732000.0,408,150720
848,1,612000.0,409,166804
849,1,526000.0,409,103262
850,3,1835000.0,410,168426
851,1,1556000.0,411,216376
852,1,483920.0,411,143891
853,3,1833580.0,411,203163
854,2,5852000.0,412,237098
855,1,966320.0,412,286545
856,3,3176880.0,413,66215
857,2,2258040.0,413,53890
858,3,1236000.0,414,274540
859,2,2299000.0,414,52617
860,1,612000.0,414,169622
861,3,1441000.0,415,21826
862,2,2533440.0,416,51603
863,1,3949000.0,417,192962
864,1,635000.0,418,101771
865,3,667000.0,419,224892
866,3,13567000.0,419,153589
867,1,5984160.0,420,234670
868,3,36651540.0,420,175820
869,3,13526000.0,421,179458
870,1,11733000.0,421,124186
871,3,698000.0,422,243911
872,3,1197840.0,422,209583
873,1,632000.0,423,10626
874,2,7827820.0,423,175958
875,2,1574000.0,424,50561
876,2,1876000.0,424,23017
877,2,1472000.0,425,176096
878,2,6431500.0,425,378107
879,1,707730.0,425,103074
880,2,1407360.0,426,184635
881,1,3915900.0,426,229838
882,3,2316000.0,426,80409
883,3,1280000.0,427,171902
884,3,602000.0,427,109533
885,2,648210.0,427,258561
886,3,768040.0,428,148133
887,2,670000.0,429,103746
888,2,2073000.0,429,23613
889,1,1179900.0,429,23213
890,2,826000.0,430,68175
891,1,979200.0,430,81481
892,2,569640.0,430,185988
893,2,1463000.0,431,60116
894,2,1931080.0,431,202911
895,1,510220.0,431,171069
896,1,607000.0,432,171944
897,1,526000.0,432,103255
898,3,2476000.0,433,150947
899,1,5354000.0,433,186225
900,3,526000.0,433,356324
901,1,689000.0,434,81459
902,2,1616000.0,434,265436
903,1,664000.0,434,59208
904,1,483920.0,435,287016
905,2,803700.0,435,141922
906,2,483920.0,435,150892
907,2,2230000.0,436,173077
908,3,1733760.0,436,101765
909,2,2538000.0,437,145001
910,3,2739000.0,437,151411
911,3,1598400.0,438,250496
912,3,483920.0,439,284508
913,1,719040.0,439,222578
914,1,3421440.0,439,236561
915,2,2523430.0,440,217518
916,1,237149.99999999997,441,278055
917,3,1758000.0,441,174332
918,3,11723740.0,442,81141
919,2,526000.0,442,169185
920,2,1013699.9999999999,443,63401
921,1,555300.0,444,84726
922,3,2552000.0,444,148228
923,2,1340000.0,444,38946
924,3,2274000.0,445,215300
925,3,1582490.0,445,190368
926,1,1524000.0,446,23388
927,1,2375000.0,447,54108
928,2,515480.0,447,218254
929,1,624000.0,447,171033
930,1,478660.0,448,9844
931,1,526000.0,448,104993
932,3,1597400.0,449,141834
933,1,647000.0,449,270060
934,1,11582000.0,449,211705
935,2,5729280.0,450,19245
936,1,1217000.0,451,219028
937,3,1496000.0,451,162247
938,2,2314000.0,451,197487
939,3,13025000.0,452,140423
940,3,796000.0,452,31765
941,3,3669000.0,452,213164
942,2,2874700.0,453,50371
943,1,749800.0,453,158061
944,3,2977000.0,453,154876
945,1,627300.0,454,59116
946,1,13189000.0,455,141236
947,1,1632540.0,456,219414
948,2,5354000.0,456,186225
949,1,1437000.0,456,178220
950,2,1683300.0,457,238519
951,1,735080.0,458,198552
952,3,1485210.0,458,626
953,2,996000.0,459,197472
954,1,1473600.0,459,19336
955,1,7716000.0,459,378000
956,3,812000.0,460,226876
957,1,906360.0,461,227528
958,3,2907000.0,462,20982
959,3,2072000.0,462,157330
960,3,1229900.0,463,88953
961,1,137684160.0,463,203260
962,2,3794780.0,463,53618
963,3,692000.0,464,252060
964,2,1371750.0,465,263711
965,1,510220.0,465,97760
966,2,692000.0,466,256495
967,2,1500300.0,466,206492
968,1,515480.0,466,218254
969,2,1630000.0,467,185433
970,2,680000.0,467,149702
971,2,2202000.0,467,89193
972,1,1504740.0,468,19427
973,2,6880000.0,468,221095
974,1,1954000.0,469,162625
975,2,1450000.0,470,176516
976,1,14900000.0,471,179711
977,3,2639000.0,471,217362
978,2,1630000.0,471,230267
979,3,839420.0,472,36803
980,3,1759680.0,473,91595
981,2,37759000.0,473,198554
982,3,599760.0,474,241867
983,3,4157000.0,474,51065
984,2,586150.0,474,48305
985,1,2070050.0,475,59550
986,1,1568000.0,476,106993
987,1,237149.99999999997,476,278055
988,1,680000.0,477,86037
989,1,906000.0,477,96478
990,1,1788480.0,478,206098
991,2,805000.0,478,273598
992,1,1384150.0,479,271958
993,1,3010280.0,479,103695
994,2,6880000.0,480,221095
995,3,478660.0,481,98878
996,2,733440.0,482,145984
997,3,2239000.0,482,91708
998,2,955000.0,483,58607
999,1,771900.0,483,183571
1000,3,774000.0,483,197224
1001,1,1332160.0,484,128535
1002,3,1210500.0,484,56845
1003,1,966320.0,485,286545
1004,3,16917000.0,485,117063
1005,3,20064000.0,485,20863
1006,2,796000.0,486,31765
1007,3,484000.0,486,11111
1008,1,838000.0,486,224846
1009,1,729900.0,487,303481
1010,2,620100.0,487,188172
1011,3,1585000.0,487,27193
1012,3,664000.0,488,237854
1013,1,2459000.0,488,257746
1014,1,2070050.0,489,59550
1015,1,1622000.0,489,241383
1016,1,1338240.0,490,20960
1017,2,2334000.0,490,79443
1018,2,712000.0,491,259848
1019,3,20881000.0,491,172418
1020,3,677000.0,492,96633
1021,1,797000.0,492,37945
1022,3,2357760.0,492,147475
1023,2,852000.0,493,284324
1024,1,7060900.0,494,263852
1025,1,774000.0,494,223967
1026,3,607000.0,495,262036
1027,1,867000.0,495,199520
1028,1,2836000.0,496,230921
1029,1,2836000.0,497,230921
1030,1,607000.0,497,209416
1031,3,526000.0,498,247940
1032,2,1028000.0,498,88322
1033,1,515480.0,498,10125
1034,2,1263000.0,499,267962
1035,2,1450000.0,499,176516
1036,1,804450.0,500,101809
1037,2,5082000.0,500,206897
1038,3,1243000.0,500,163452
1039,1,1922000.0,501,221388
1040,1,1577800.0,501,150464
1041,2,526000.0,502,103255
1042,3,510220.0,502,146190
1043,1,1813000.0,503,213294
1044,1,2982620.0,503,228626
1045,3,1117000.0,503,88969
1046,2,1980580.0,504,198032
1047,1,1527360.0,504,126956
1048,1,1047000.0,505,193626
1049,1,1237400.0,505,154707
1050,2,5969880.0,505,32292
1051,1,483920.0,506,195154
1052,3,1288740.0,506,150159
1053,1,1711000.0,506,19595
1054,2,929000.0,507,199514
1055,2,483920.0,508,143891
1056,2,668000.0,509,152051
1057,3,1683300.0,509,238519
1058,3,727000.0,510,222246
1059,3,2518000.0,510,23327
1060,1,629000.0,511,143071
1061,1,526000.0,511,88667
1062,1,680000.0,511,91669
1063,3,867000.0,512,104223
1064,1,10853750.0,512,166691
1065,2,706880.0,513,256529
1066,2,1607000.0,514,177284
1067,3,6949000.0,514,219417
1068,3,510220.0,514,171069
1069,2,1016000.0,515,227778
1070,2,976080.0,515,255424
1071,3,707730.0,515,103074
1072,2,1828450.0,516,169208
1073,3,510220.0,516,58683
1074,1,1825200.0,516,142051
1075,2,9569000.0,517,24853
1076,1,478660.0,517,190583
1077,3,798950.0,517,102693
1078,3,864800.0,518,366956
1079,1,526000.0,518,227987
1080,1,20399550.0,519,173432
1081,2,726000.0,519,184387
1082,1,1424930.0,520,206394
1083,1,1630000.0,520,1775
1084,1,2667840.0,520,178129
1085,2,2456860.0,521,23970
1086,3,838000.0,522,224846
1087,1,14900000.0,522,179711
1088,3,1190000.0,523,116993
1089,2,1117000.0,524,187168
1090,1,1358300.0,525,89697
1091,2,1249260.0,525,198207
1092,3,733000.0,525,188385
1093,1,1322100.0,526,309264
1094,1,2436280.0,526,183422
1095,1,996000.0,526,197472
1096,2,1630000.0,527,193616
1097,3,1061000.0,528,144760
1098,1,996400.0,529,96630
1099,2,674000.0,529,282580
1100,3,1585220.0,530,248259
1101,3,862040.0,531,188644
1102,2,1028000.0,531,98735
1103,1,2000000.0,532,109039
1104,3,607880.0,532,170072
1105,3,13409000.0,532,196076
1106,3,1234220.0,533,125435
1107,1,478660.0,534,211399
1108,1,627840.0,534,224499
1109,3,1430100.0,535,19348
1110,1,237149.99999999997,535,278055
1111,3,1275000.0,535,51786
1112,2,786000.0,536,142253
1113,2,2140000.0,536,21771
1114,3,1587920.0,537,247855
1115,3,16435000.0,538,194426
1116,3,1630000.0,538,173607
1117,1,1515900.0,538,262503
1118,1,7558000.0,539,166331
1119,3,13371250.0,539,179561
1120,2,1582000.0,539,53337
1121,1,515480.0,540,282967
1122,2,3783000.0,540,213305
1123,2,1471000.0,540,106974
1124,1,1802000.0,541,190249
1125,2,1620000.0,541,163481
1126,2,2885000.0,541,266633
1127,1,484000.0,542,11111
1128,1,3671040.0,542,198361
1129,1,1972800.0,543,146220
1130,2,1696320.0,544,226506
1131,3,606060.0,545,175946
1132,2,1059270.0,545,90154
1133,2,1394000.0,545,149934
1134,1,526000.0,546,34941
1135,1,3090350.0,547,234192
1136,2,1693440.0,547,102633
1137,2,617000.0,548,89197
1138,1,5866440.0,548,23310
1139,1,3075870.0,549,216509
1140,1,13710000.0,549,374254
1141,2,595240.0,549,266634
1142,3,1529000.0,550,110169
1143,3,2135280.0,550,177962
1144,1,633880.0,550,224063
1145,1,567450.0,551,220181
1146,2,1270360.0,551,161761
1147,2,633880.0,552,224063
1148,3,499700.0,552,329368
1149,2,611000.0,552,231206
1150,2,793460.0,553,271451
1151,2,526000.0,553,157219
1152,1,1769000.0,554,217882
1153,1,1190000.0,554,140287
1154,2,1441000.0,554,21826
1155,2,5441430.0,555,235039
1156,3,973000.0,555,240909
1157,3,8157600.0,556,208216
1158,2,2138000.0,556,175878
1159,2,1431000.0,557,19471
1160,3,1994000.0,557,238939
1161,1,6468000.0,558,148993
1162,3,6364120.0,559,158100
1163,3,1597400.0,559,202597
1164,3,2113000.0,560,266273
1165,1,1139050.0,561,155041
1166,2,2170000.0,561,39492
1167,3,2382380.0,561,52442
1168,2,1387200.0,562,280153
1169,3,607000.0,562,171944
1170,3,1931000.0,563,32012
1171,2,674000.0,563,282580
1172,1,526000.0,564,97927
1173,3,526000.0,564,88733
1174,1,2107000.0,565,19162
1175,3,1639000.0,566,98582
1176,1,1393000.0,566,226571
1177,2,2252000.0,567,232249
1178,2,13297000.0,567,167067
1179,2,55676000.0,567,1151691
1180,3,629850.0,568,85752
1181,1,1244510.0,569,124990
1182,2,1401000.0,570,224218
1183,3,1592100.0,570,19393
1184,2,33540000.0,570,409320
1185,1,3436000.0,571,54725
1186,1,633650.0,571,106905
1187,3,14788000.0,571,200621
1188,2,666400.0,572,72144
1189,3,726000.0,572,222669
1190,1,1979000.0,572,20265
1191,2,1183000.0,573,187607
1192,2,504960.0,573,200596
1193,3,766360.0,573,50479
1194,3,602640.0,574,127931
1195,2,2565870.0,574,142255
1196,2,1500300.0,574,206492
1197,3,6364120.0,575,158100
1198,2,526000.0,575,88880
1199,1,7747000.0,576,165240
1200,1,2095680.0,577,32039
1201,3,2198300.0,578,2994
1202,2,1630000.0,578,247574
1203,3,702000.0,578,50365
1204,3,2449040.0,579,236087
1205,3,1429610.0,580,679002
1206,1,2058000.0,581,21214
1207,3,756000.0,581,142090
1208,2,6399000.0,582,51685
1209,1,1237400.0,583,154707
1210,3,1088100.0,583,100588
1211,1,2099940.0,583,37581
1212,3,1329000.0,584,171945
1213,3,3230500.0,584,25048
1214,2,793000.0,585,88878
1215,3,4391000.0,585,51171
1216,3,2274000.0,585,215300
1217,3,656600.0,586,366403
1218,2,1506000.0,586,127006
1219,3,2101020.0,587,135749
1220,3,627000.0,587,257502
1221,2,526000.0,587,88185
1222,3,526000.0,588,184588
1223,3,372000.0,589,106886
1224,2,607000.0,589,257653
1225,1,483920.0,590,128353
1226,1,5984160.0,590,234670
1227,3,515480.0,591,87414
1228,1,1068480.0,592,148089
1229,1,2363760.0,592,229758
1230,1,1422330.0,592,89902
1231,2,18798000.0,593,194260
1232,2,1541000.0,593,198491
1233,1,526000.0,593,163207
1234,2,1786000.0,594,205535
1235,3,3701160.0,594,181492
1236,2,2099000.0,594,64442
1237,3,483920.0,595,66853
1238,2,525450.0,596,234991
1239,3,15627120.0,596,180473
1240,3,1825460.0,597,217032
1241,3,473400.0,598,103492
1242,3,783960.0,599,170737
1243,3,1104850.0,600,115481
1244,2,2232940.0,601,207334
1245,2,9717460.0,601,140321
1246,1,2254120.0,602,32014
1247,1,838000.0,603,224846
1248,1,1564800.0,603,140303
1249,2,882000.0,604,91229
1250,3,1467000.0,604,25119
1251,3,951570.0,604,206965
1252,3,598780.0,605,185925
1253,3,648000.0,605,109073
1254,3,15627120.0,605,180473
1255,3,1682000.0,606,97099
1256,2,515480.0,606,181330
1257,1,1460160.0,607,239177
1258,1,1125000.0,607,270336
1259,2,2163150.0,607,51672
1260,2,1512480.0,608,257759
1261,2,14207000.0,609,163883
1262,3,915000.0,609,204350
1263,2,1229900.0,609,88953
1264,2,697000.0,610,186074
1265,2,21505920.0,611,206302
1266,1,1849000.0,612,218850
1267,3,727000.0,612,266826
1268,3,483920.0,612,43072
1269,2,770000.0,613,164933
1270,1,3100000.0,613,52417
1271,1,656000.0,613,203860
1272,1,483920.0,614,43072
1273,3,847000.0,615,211652
1274,2,1595700.0,615,19000
1275,1,1671000.0,615,81367
1276,1,1114000.0,616,59695
1277,1,1297000.0,616,123366
1278,1,664000.0,617,182345
1279,1,1308480.0,618,124334
1280,1,16318000.0,619,195331
1281,3,6364120.0,619,158100
1282,2,1804050.0,619,207763
1283,1,5678000.0,620,25108
1284,3,4409130.0,621,213416
1285,3,1283000.0,622,80424
1286,3,2578890.0,623,101787
1287,2,499700.0,623,119720
1288,3,3223000.0,624,267488
1289,3,2088679.9999999998,624,178084
1290,1,1637600.0,624,60779
1291,1,637440.0,625,237528
1292,3,633880.0,625,224063
1293,1,803000.0,626,244391
1294,2,2454000.0,626,212371
1295,1,627840.0,626,224499
1296,3,657000.0,627,217709
1297,2,1347020.0,627,50399
1298,2,705000.0,627,174133
1299,2,536750.0,628,180346
1300,1,3340560.0,628,51605
1301,3,510220.0,629,92403
1302,2,1418000.0,629,213733
1303,3,587820.0,630,87876
1304,1,3264050.0,630,181384
1305,3,79298400.0,631,1151687
1306,2,3765540.0,632,110966
1307,1,739200.0,632,152032
1308,3,1383760.0,632,274584
1309,2,749800.0,633,158061
1310,2,639230.0,634,85815
1311,3,1718000.0,634,126954
1312,3,3135950.0,634,51387
1313,3,867000.0,635,199520
1314,1,478660.0,635,118147
1315,3,1598400.0,635,250496
1316,3,2670000.0,636,229328
1317,2,696000.0,636,257888
1318,3,1217300.0,637,124757
1319,1,592200.0,638,262571
1320,3,1571680.0,638,124321
1321,3,3659000.0,638,51853
1322,1,9294000.0,639,170750
1323,3,15404519.999999998,639,50498
1324,3,586150.0,640,48305
1325,3,13977600.0,640,181280
1326,1,2267000.0,641,52871
1327,3,1965600.0,642,217246
1328,3,707730.0,642,103074
1329,1,1630000.0,642,123591
1330,3,3264050.0,643,181384
1331,1,2345460.0,644,59175
1332,2,1215900.0,645,39773
1333,1,1483300.0,645,217424
1334,1,1016000.0,645,208217
1335,3,715000.0,646,243026
1336,1,1428480.0,646,67310
1337,1,2123360.0,646,230039
1338,2,526000.0,647,88972
1339,2,8883000.0,647,374377
1340,1,1824000.0,648,111207
1341,1,1029000.0,649,22344
1342,1,15368000.0,649,193627
1343,3,931200.0,649,72050
1344,1,5598000.0,650,253595
1345,3,623350.0,651,90255
1346,1,10136020.0,652,379254
1347,3,774000.0,652,223967
1348,3,5954000.0,653,140954
1349,1,1147200.0,653,98989
1350,2,6476150.0,654,152332
1351,3,1146000.0,655,259439
1352,1,2274780.0,655,202768
1353,3,2143000.0,655,196204
1354,1,1309440.0,656,31936
1355,2,17627200.0,657,373088
1356,2,7447020.0,657,23357
1357,2,2079000.0,657,264964
1358,3,1467000.0,658,25119
1359,3,10675000.0,659,196785
1360,1,1011000.0,660,46489
1361,2,693000.0,661,101236
1362,2,6529000.0,662,210108
1363,3,1396500.0,662,236604
1364,3,15404519.999999998,663,50498
1365,2,669750.0,664,222768
1366,2,1073000.0,664,226974
1367,1,473400.0,665,221818
1368,3,1473920.0,665,257092
1369,2,2968000.0,666,22168
1370,2,2073000.0,667,23613
1371,3,846000.0,667,180422
1372,2,650000.0,667,97111
1373,1,1639000.0,668,98582
1374,3,2529540.0,668,157836
1375,3,609700.0,669,265002
1376,2,510220.0,669,58683
1377,2,21825000.0,670,239781
1378,2,526000.0,671,87814
1379,3,1520000.0,671,204555
1380,1,588980.0,672,211630
1381,3,644080.0,672,155846
1382,2,998200.0,673,97660
1383,1,2099940.0,673,37581
1384,1,1652880.0,673,142963
1385,2,478660.0,674,98878
1386,2,715400.0,674,176537
1387,2,2456100.0,674,174959
1388,1,17563560.0,675,173827
1389,2,9745560.0,676,143127
1390,3,330000.0,676,91515
1391,1,464360.0,676,188301
1392,1,1589000.0,677,52130
1393,1,867000.0,678,199520
1394,3,478660.0,679,236760
1395,2,526000.0,679,89796
1396,1,999000.0,679,97234
1397,2,7617000.0,680,23922
1398,3,1630000.0,681,175359
1399,3,943000.0,681,96546
1400,2,1410000.0,682,110326
1401,2,1467000.0,682,85332
1402,3,494000.0,683,147066
1403,2,2046720.0,684,202891
1404,3,526000.0,685,143820
1405,3,526000.0,685,85560
1406,3,526000.0,686,87814
1407,3,1297000.0,686,123366
1408,3,580500.0,687,188829
1409,1,473400.0,688,142552
1410,1,804480.0,688,75470
1411,1,1733000.0,689,181199
1412,3,629850.0,689,85752
1413,2,616320.0,689,177154
1414,1,808000.0,690,187645
1415,1,483920.0,690,10287
1416,3,1237500.0,690,91502
1417,3,1029000.0,691,96784
1418,1,3814520.0,692,174182
1419,1,526000.0,693,83063
1420,2,590000.0,693,236789
1421,1,2743440.0,694,81483
1422,3,658000.0,695,85770
1423,3,226980.0,695,381748
1424,1,526000.0,696,262231
1425,3,3231070.0,697,235202
1426,3,1384000.0,697,136669
1427,2,1833000.0,697,139632
1428,3,3460380.0,698,49019
1429,3,1483300.0,698,152023
1430,3,1125000.0,698,270336
1431,3,1400000.0,699,248309
1432,1,5471000.0,699,195191
1433,3,836950.0,700,118505
1434,2,4885180.0,700,199014
1435,3,10813000.0,701,202726
1436,2,1441580.0,701,266676
1437,3,2095680.0,702,32039
1438,2,1343000.0,702,251391
1439,2,14954490.0,702,207025
1440,2,814200.0,703,148281
1441,1,1495680.0,703,278527
1442,3,6350590.0,704,24071
1443,3,1632000.0,705,54726
1444,3,1484000.0,705,27384
1445,1,2035000.0,706,138505
1446,1,1455000.0,707,20645
1447,1,650000.0,707,190039
1448,3,988000.0,708,186141
1449,1,587700.0,709,59464
1450,2,689000.0,709,98381
1451,1,473400.0,709,227375
1452,3,5354000.0,710,186225
1453,2,4515000.0,710,177744
1454,3,770000.0,711,134996
1455,1,1191600.0,712,283725
1456,3,748720.0,712,36108
1457,1,3659000.0,712,51853
1458,2,804480.0,713,75470
1459,2,4901760.0,714,263924
1460,2,18716880.0,714,32335
1461,3,749000.0,714,209868
1462,1,1017000.0,715,209595
1463,3,5852010.0,716,20930
1464,2,1564800.0,716,214353
1465,3,499700.0,716,1237950
1466,2,638260.0,717,286624
1467,2,1761000.0,717,202282
1468,3,1527360.0,717,126956
1469,1,771000.0,718,203575
1470,2,629850.0,719,85752
1471,3,3266500.0,719,66312
1472,3,2552000.0,719,97711
1473,2,984000.0,720,133190
1474,1,659300.0,720,204748
1475,3,1150920.0,721,269576
1476,2,3416000.0,721,157531
1477,3,1683540.0,721,174564
1478,1,758940.0,722,3087
1479,2,1820939.9999999998,722,286887
1480,1,1463000.0,722,60116
1481,1,679000.0,723,218260
1482,2,16117000.0,723,145285
1483,3,1280000.0,724,171902
1484,2,1285350.0,724,24334
1485,1,15612000.0,724,206910
1486,3,2934000.0,725,53356
1487,3,526000.0,725,88733
1488,2,1418000.0,725,213733
1489,2,1471000.0,726,209406
1490,2,2266890.0,727,83496
1491,1,715400.0,727,176537
1492,1,5747000.0,728,236737
1493,2,838000.0,728,383000
1494,1,8013120.0,729,153567
1495,1,2982620.0,729,228626
1496,1,10876040.0,730,250972
1497,2,738000.0,731,216445
1498,2,7125000.0,732,377520
1499,1,14150000.0,733,177551
1500,3,680000.0,733,86416
1501,1,973000.0,734,240909
1502,2,1715700.0,735,260360
1503,2,645000.0,735,97470
1504,3,12502330.0,735,174973
1505,3,749000.0,736,204288
1506,1,2433000.0,736,210649
1507,1,2706000.0,737,19001
1508,2,483920.0,737,287016
1509,2,1489000.0,738,216054
1510,3,2036000.0,739,83723
1511,1,1541330.0,740,236631
1512,3,1363000.0,740,169590
1513,2,9569000.0,741,24853
1514,2,570400.0,741,198970
1515,1,557520.0,741,241310
1516,3,774000.0,742,257956
1517,2,1630000.0,742,217322
1518,3,668000.0,742,181510
1519,1,515480.0,743,139585
1520,2,9576000.0,743,184321
1521,3,1696320.0,744,226506
1522,3,7566000.0,744,165249
1523,3,2724120.0,744,54625
1524,2,1850000.0,745,215434
1525,1,2121600.0,745,194808
1526,2,1904750.0,746,176174
1527,2,15523690.0,746,205491
1528,2,573810.0,746,31653
1529,2,777000.0,747,96582
1530,2,1430100.0,747,19348
1531,2,30221000.0,748,197681
1532,2,2073000.0,748,23613
1533,2,526000.0,749,227987
1534,2,2977000.0,749,154876
1535,2,1483300.0,750,104539
1536,1,1283000.0,751,239530
1537,3,489179.99999999994,751,180804
1538,2,1859000.0,751,203727
1539,1,4391000.0,752,51171
1540,2,1024600.0,752,256084
1541,2,2121600.0,753,194808
1542,2,962880.0,754,178870
1543,3,237149.99999999997,754,278055
1544,2,706880.0,754,256529
1545,2,535680.0,755,108015
1546,3,499700.0,755,119720
1547,3,982940.0,756,190896
1548,3,648210.0,756,258561
1549,3,2419690.0,757,143076
1550,1,3264050.0,758,181384
1551,1,1381000.0,758,62292
1552,1,2277000.0,759,90514
1553,1,1630000.0,760,171397
1554,2,986860.0,760,96939
1555,1,1773000.0,761,165018
1556,1,2689000.0,762,59468
1557,2,2136000.0,762,19694
1558,3,1637360.0,763,59192
1559,3,929000.0,763,148819
1560,3,4994000.0,764,149879
1561,2,1096000.0,764,84535
1562,1,1428810.0,765,197750
1563,3,2258040.0,765,53890
1564,1,619460.0,765,250807
1565,3,6136320.0,766,266996
1566,3,1600000.0,766,25212
1567,1,3156000.0,767,177938
1568,3,862040.0,768,188644
1569,1,1680000.0,768,15874
1570,3,526000.0,768,182301
1571,3,1363000.0,769,378226
1572,2,1736310.0,769,200998
1573,1,2779000.0,769,127005
1574,1,770000.0,770,164933
1575,3,499700.0,770,46792
1576,3,1953000.0,771,18863
1577,1,820260.0,771,148149
1578,3,1935000.0,772,201836
1579,2,733320.0,772,149108
1580,1,1436000.0,772,211159
1581,1,557520.0,773,241310
1582,1,526000.0,773,222603
1583,3,1023300.0,773,237398
1584,1,15627120.0,774,180473
1585,1,10380000.0,774,178176
1586,1,2456860.0,775,23970
1587,1,1256430.0,775,284782
1588,1,2490000.0,775,198296
1589,1,526000.0,776,242839
1590,1,510220.0,777,97760
1591,1,526000.0,778,111287
1592,3,1420000.0,779,256071
1593,1,1406000.0,779,123367
1594,3,999000.0,780,97234
1595,2,680000.0,780,279711
1596,2,1499600.0,781,152744
1597,1,510220.0,781,157666
1598,1,1418350.0,782,119693
1599,2,616320.0,783,177154
1600,2,526000.0,784,82107
1601,1,2058000.0,785,21214
1602,3,5455000.0,786,171507
1603,2,1598000.0,786,110524
1604,2,2439000.0,787,174335
1605,3,1729600.0,787,38500
1606,3,1017000.0,788,209595
1607,1,829800.0,788,213766
1608,3,723120.0,788,90151
1609,3,801640.0,789,225783
1610,2,504960.0,789,211188
1611,2,826000.0,790,85417
1612,3,736960.0,790,51092
1613,1,2441000.0,790,109689
1614,2,1124240.0,791,213465
1615,3,849600.0,792,98996
1616,3,4157000.0,793,51065
1617,3,1824000.0,793,111207
1618,1,1249260.0,794,198207
1619,1,13214500.0,795,20086
1620,1,738000.0,795,216445
1621,1,838000.0,795,235037
1622,2,1471000.0,796,209406
1623,1,897000.0,796,277728
1624,1,1368000.0,796,181949
1625,2,21867840.0,797,206333
1626,3,620100.0,797,104800
1627,1,3401000.0,798,20692
1628,2,1671000.0,798,81367
1629,1,16117000.0,798,145285
1630,3,2524910.0,799,214695
1631,1,1791440.0,800,25131
1632,1,1008280.0,800,145101
1633,3,606060.0,801,175946
1634,3,1164720.0,801,228665
1635,3,2786880.0,801,105568
1636,3,6293300.0,802,117090
1637,2,1179900.0,802,23213
1638,3,702000.0,802,91445
1639,3,1940970.0,803,149623
1640,1,2349000.0,803,217535
1641,3,2115750.0,803,236699
1642,1,526000.0,804,179775
1643,3,526000.0,805,139104
1644,1,973000.0,806,240909
1645,2,641550.0,806,90352
1646,2,515480.0,807,181430
1647,2,2302000.0,807,199437
1648,1,15612000.0,808,189295
1649,2,841000.0,808,134550
1650,3,606060.0,809,175946
1651,1,593400.0,809,26524
1652,2,1400000.0,810,248309
1653,1,656600.0,810,366403
1654,3,494440.0,811,222792
1655,2,702000.0,811,277029
1656,3,855000.0,812,85479
1657,1,607000.0,813,257653
1658,3,379050.0,813,217960
1659,2,1582400.0,814,41102
1660,2,1028000.0,814,59167
1661,2,617320.0,814,171238
1662,3,3659000.0,815,51853
1663,2,706500.0,816,230788
1664,1,1630000.0,816,101031
1665,1,1630000.0,816,152274
1666,1,1859000.0,817,203727
1667,3,2406880.0,817,280046
1668,2,774000.0,817,223967
1669,1,2766750.0,818,175322
1670,3,10577240.0,819,165923
1671,1,494440.0,819,193434
1672,3,3090350.0,819,234192
1673,3,483920.0,820,150809
1674,3,1351210.0,820,148011
1675,3,1752000.0,821,276913
1676,3,1564800.0,821,140303
1677,1,1630000.0,821,3366
1678,2,1828450.0,822,169208
1679,3,983009.9999999999,823,99079
1680,3,765120.0,823,220122
1681,3,616320.0,824,177154
1682,3,801640.0,824,225783
1683,1,817000.0,824,258797
1684,2,612750.0,825,105900
1685,1,19417000.0,825,142332
1686,3,1035000.0,826,228294
1687,2,7824000.0,826,19409
1688,3,526000.0,827,74827
1689,2,1429780.0,827,383024
1690,1,1331000.0,828,89252
1691,3,9576000.0,829,184321
1692,2,1804050.0,829,259942
1693,3,786000.0,830,142253
1694,1,20089860.0,831,353538
1695,2,650000.0,831,97111
1696,3,49092000.0,832,201561
1697,2,1788480.0,832,206098
1698,2,1467000.0,833,85332
1699,1,2189000.0,834,24396
1700,3,1494770.0,835,86419
1701,2,1540800.0,836,81621
1702,1,526000.0,836,98253
1703,2,749000.0,836,204288
1704,2,19223000.0,837,208005
1705,3,7398640.0,838,165796
1706,3,3117660.0,838,25143
1707,2,2357760.0,838,147475
1708,3,526000.0,839,82905
1709,1,1137000.0,839,179490
1710,3,986400.0,840,221780
1711,3,839420.0,840,36803
1712,2,2211000.0,840,173986
1713,3,2043320.0,841,218452
1714,3,4424000.0,841,32277
1715,3,526000.0,842,283814
1716,1,1614000.0,843,152057
1717,1,1557820.0,843,210985
1718,3,654000.0,843,216338
1719,3,1699110.0,844,160125
1720,1,2015000.0,844,192651
1721,3,650000.0,845,343250
1722,1,706500.0,846,230788
1723,1,739200.0,846,152032
1724,2,1499600.0,846,186071
1725,3,2339000.0,847,90451
1726,2,852000.0,847,284324
1727,3,5954000.0,848,140954
1728,2,881790.0,848,219712
1729,2,1073000.0,849,226974
1730,3,2128490.0,849,208300
1731,2,634600.0,849,200839
1732,1,2618000.0,850,231433
1733,1,12766000.0,851,378778
1734,1,1897000.0,851,203971
1735,3,552370.0,851,220537
1736,1,773090.0,852,214588
1737,3,526000.0,852,146187
1738,3,22046160.0,852,244894
1739,1,2069249.9999999998,853,66053
1740,2,607000.0,853,171944
1741,3,464360.0,854,143405
1742,3,2248610.0,854,24903
1743,2,2800260.0,855,90503
1744,1,1280000.0,855,171902
1745,1,15886000.0,855,18830
1746,3,11256850.0,856,378830
1747,1,1416000.0,857,233221
1748,1,1089900.0,858,126891
1749,3,1630000.0,858,1775
1750,2,702000.0,859,91445
1751,2,1622530.0,860,254694
1752,1,2836000.0,860,230921
1753,2,804450.0,861,101809
1754,2,973440.0,861,204652
1755,2,2271360.0,862,264494
1756,3,1467000.0,862,85332
1757,2,526000.0,863,84407
1758,2,2422380.0,863,31767
1759,1,1386000.0,864,238816
1760,1,1630000.0,864,1934
1761,3,1165440.0,864,102330
1762,3,526000.0,865,175996
1763,1,1475000.0,866,19147
1764,2,23595150.0,866,195720
1765,2,882000.0,866,91229
1766,2,1570660.0,867,52702
1767,2,2383680.0,867,103620
1768,2,1902180.0,868,21079
1769,1,696460.0,869,141411
1770,1,686000.0,869,109639
1771,1,8395000.0,869,209005
1772,3,1420510.0,870,110506
1773,3,668000.0,870,245565
1774,3,3549000.0,871,176861
1775,1,515480.0,871,87414
1776,3,2011000.0,871,212678
1777,2,1585000.0,872,27193
1778,1,2507000.0,872,175290
1779,2,5299000.0,873,210998
1780,3,21876000.0,874,183762
1781,1,705190.0,874,89940
1782,3,12495000.0,875,184978
1783,3,590400.0,875,123626
1784,1,526000.0,876,103255
1785,3,3248700.0,876,251921
1786,2,633000.0,876,221808
1787,3,938840.0,877,224158
1788,1,1833000.0,878,139632
1789,2,515480.0,878,226015
1790,2,907250.0,879,185004
1791,1,1251200.0,879,97010
1792,1,1883000.0,880,25952
1793,3,2410000.0,880,23667
1794,1,2396870.0,880,32202
1795,2,1257340.0,881,255670
1796,2,617320.0,882,171238
1797,1,1348000.0,882,251121
1798,1,1571680.0,882,124321
1799,2,13526000.0,883,179458
1800,1,1419040.0,883,173632
1801,2,2099940.0,884,37581
1802,1,2243000.0,884,273559
1803,3,16869000.0,884,207412
1804,2,3301620.0,885,247502
1805,3,473400.0,885,274560
1806,3,1671000.0,886,175164
1807,3,2346000.0,887,198041
1808,1,2689200.0,887,236501
1809,2,733320.0,888,149108
1810,2,1570660.0,888,52702
1811,2,1557820.0,889,210985
1812,2,1581100.0,889,198777
1813,3,1418000.0,890,259545
1814,1,1306760.0,890,141147
1815,2,10577240.0,890,165923
1816,3,362000.0,891,155866
1817,3,597600.0,891,99600
1818,3,526000.0,891,283085
1819,1,2874700.0,892,50371
1820,1,2529000.0,892,97098
1821,1,1727000.0,892,50513
1822,3,1812000.0,893,145604
1823,1,10577240.0,893,165923
1824,3,2709400.0,893,133100
1825,3,2745000.0,894,54826
1826,1,546000.0,894,90091
1827,1,1651000.0,895,377207
1828,3,6351000.0,895,274061
1829,3,13901000.0,895,193727
1830,1,449350.0,896,188215
1831,1,1515900.0,896,214175
1832,2,595140.0,896,169630
1833,3,3328000.0,897,204994
1834,1,2204000.0,898,209271
1835,1,1428000.0,898,228866
1836,2,721680.0,899,87821
1837,2,1168440.0,900,85122
1838,1,13214500.0,900,20086
1839,2,1207450.0,901,211397
1840,1,1705340.0,902,158734
1841,2,2812440.0,902,66318
1842,2,2310490.0,902,213705
1843,2,6949000.0,903,219417
1844,2,2245000.0,903,221228
1845,3,17662190.0,903,200746
1846,3,1576880.0,904,194844
1847,2,1029000.0,904,220816
1848,2,489179.99999999994,904,169922
1849,1,1733000.0,905,181199
1850,1,2539460.0,906,23904
1851,1,1557820.0,906,210985
1852,1,2046720.0,906,202891
1853,3,1114000.0,907,59695
1854,3,612000.0,907,50631
1855,3,552370.0,907,220537
1856,1,749000.0,908,209868
1857,3,1549000.0,909,69650
1858,3,875900.0,909,235779
1859,2,2107000.0,910,19162
1860,1,1871100.0,911,208260
1861,2,1624000.0,912,102868
1862,3,1371750.0,912,263711
1863,3,638260.0,913,286624
1864,2,1729600.0,913,38500
1865,3,463000.0,914,221723
1866,1,4747000.0,914,379844
1867,2,1278000.0,915,231163
1868,1,1571680.0,916,124321
1869,1,1013320.0,917,149438
1870,3,2297240.0,917,84060
1871,2,18798000.0,917,194260
1872,1,2189460.0,918,245882
1873,2,727000.0,918,266826
1874,1,1378980.0,918,221316
1875,2,1868000.0,919,181399
1876,2,878000.0,920,367193
1877,3,1376430.0,920,238469
1878,2,2779000.0,921,127005
1879,2,1733000.0,921,181199
1880,2,1812000.0,922,145604
1881,3,817200.0,922,217031
1882,2,494440.0,922,103750
1883,2,526000.0,923,90527
1884,1,684040.0,923,277044
1885,3,771000.0,923,203575
1886,2,790280.0,924,252188
1887,1,670000.0,924,103746
1888,3,1069000.0,924,215584
1889,1,682440.0,925,12097
1890,3,1662570.0,925,103696
1891,1,845760.0,925,206662
1892,3,705000.0,926,86206
1893,1,10853750.0,927,166691
1894,2,706000.0,927,181015
1895,1,1630000.0,928,82284
1896,1,607880.0,929,97242
1897,1,621000.0,929,243043
1898,3,2706000.0,930,19001
1899,1,620000.0,930,240531
1900,3,1532200.0,931,186186
1901,1,2021000.0,932,24409
1902,1,526000.0,932,97092
1903,2,2266890.0,932,83496
1904,1,2151460.0,933,19944
1905,1,847000.0,933,63945
1906,3,9717460.0,934,140321
1907,3,1723000.0,934,19531
1908,2,1331000.0,935,89252
1909,1,982940.0,935,190896
1910,1,500400.0,936,219437
1911,2,768040.0,936,148133
1912,3,515480.0,937,218254
1913,3,1495680.0,938,278527
1914,2,5901000.0,938,235396
1915,3,1954000.0,939,162625
1916,1,2731640.0,939,14197
1917,3,1430000.0,940,21206
1918,3,808000.0,940,84677
1919,3,723620.0,940,244277
1920,1,2836000.0,941,230921
1921,2,1965600.0,941,217246
1922,3,713460.0,942,89232
1923,1,2203200.0,943,222388
1924,1,808000.0,943,84677
1925,1,1066000.0,944,72162
1926,1,19398470.0,945,208581
1927,2,947520.0,945,64317
1928,3,1318600.0,945,267186
1929,1,8971710.0,946,246946
1930,3,526000.0,946,159479
1931,1,2204000.0,947,168448
1932,2,2095000.0,947,54833
1933,2,2542540.0,948,274029
1934,2,2302000.0,949,199437
1935,1,843600.0,949,217057
1936,1,1564800.0,949,219034
1937,1,1114120.0,950,227053
1938,3,21825000.0,951,239781
1939,2,2446000.0,951,659422
1940,1,1089000.0,952,280479
1941,3,2258040.0,953,53890
1942,1,1582490.0,953,190368
1943,3,526000.0,953,272972
1944,1,913680.0,954,191873
1945,1,1890600.0,955,59198
1946,1,6258760.0,955,252779
1947,3,1515900.0,956,198034
1948,3,499700.0,957,231052
1949,2,515480.0,958,282967
1950,3,10136020.0,959,379254
1951,2,1347020.0,959,50399
1952,2,526000.0,959,283085
1953,1,5177000.0,960,91701
1954,1,9977380.0,960,24769
1955,3,1364160.0,961,82674
1956,1,2354400.0,961,43355
1957,1,1469000.0,962,221517
1958,2,1526650.0,962,213842
1959,2,15763000.0,963,238492
1960,1,777000.0,964,96582
1961,2,494440.0,965,194490
1962,3,515480.0,965,187231
1963,3,36651540.0,966,175820
1964,2,985000.0,966,105724
1965,3,3135950.0,966,51387
1966,1,535000.0,967,242554
1967,3,3275000.0,968,150764
1968,3,1504000.0,968,126941
1969,1,5913000.0,968,218825
1970,1,986400.0,969,221780
1971,2,1706000.0,969,31976
1972,1,1780000.0,969,205136
1973,2,2017000.0,970,207971
1974,3,612070.0,971,140269
1975,2,1632540.0,972,219414
1976,1,1290000.0,973,20176
1977,3,1602000.0,973,19646
1978,1,1145700.0,973,214952
1979,1,17563560.0,974,173827
1980,2,2706000.0,974,19001
1981,2,1418350.0,975,119693
1982,3,3267000.0,975,162287
1983,3,1630000.0,975,257521
1984,2,626990.0,976,254326
1985,3,19417000.0,976,142332
1986,1,1856120.0,976,241127
1987,2,526000.0,977,160893
1988,2,667000.0,977,224892
1989,1,2847000.0,977,204176
1990,3,1758000.0,978,174332
1991,1,1393000.0,979,174758
1992,3,1256430.0,979,284782
1993,2,1384000.0,980,61476
1994,3,1266000.0,981,218039
1995,2,973440.0,982,204652
1996,3,1463280.0,982,379533
1997,2,1195080.0,982,175220
1998,2,814200.0,983,148281
1999,2,2036700.0,983,379236
2000,1,526000.0,984,221929
2001,3,14740200.0,984,178063
2002,3,3340560.0,985,51605
2003,2,526000.0,986,219013
2004,2,3301620.0,986,247502
2005,2,1037000.0,987,38805
2006,3,1811000.0,987,190759
2007,3,2777000.0,988,65899
2008,3,1630000.0,989,202937
2009,3,1187000.0,989,221260
2010,2,652800.0,989,110504
2011,3,859000.0,990,142760
2012,1,1630290.0,990,26058
2013,2,1483000.0,990,171336
2014,2,668000.0,991,152051
2015,1,15273600.0,991,178476
2016,3,2227350.0,991,174634
2017,2,607000.0,992,257653
2018,1,607880.0,993,170072
2019,3,1980580.0,994,198032
2020,3,2670000.0,994,193027
2021,1,2456860.0,995,23970
2022,1,1404900.0,995,213769
2023,2,542450.0,995,173692
2024,3,12631000.0,996,256943
2025,3,3910200.0,997,31772
2026,3,1549000.0,997,69650
2027,1,906000.0,997,309482
2028,1,656000.0,998,203860
2029,3,991000.0,998,152197
2030,3,731520.0,998,230303
2031,1,4782990.0,999,239019
2032,2,729900.0,999,303481
2033,1,13409000.0,999,196076
