order_product_id,product_id,order_id,price,quantity
1,5158077,411,455.99,10
2,366351,54,88.35,6
3,327643,369,307.23,6
4,661260,453,291.09,3
5,665505,122,313.46,2
6,653813,919,34.01,8
7,365891,339,148.21,3
8,5157522,679,180.07,2
9,5181911,450,461.96,10
10,271686,645,306.25,5
11,5160460,126,404.87,10
12,328359,232,250.53,4
13,424469,404,201.67,8
14,664303,860,244.38,3
15,266826,392,394.65,6
16,290570,369,50.05,9
17,5158807,374,477.07,8
18,5158766,478,303.76,9
19,152431,867,97.18,4
20,287257,857,26.66,4
21,309460,826,68.4,10
22,653813,461,58.02,7
23,291641,326,204.31,4
24,341790,557,347.54,9
25,5081799,14,128.84,2
26,665505,497,195.6,4
27,336566,423,284.28,4
28,317726,208,407.66,7
29,670451,1,305.8,5
30,272903,114,96.68,4
31,5158807,436,125.87,5
32,5159113,709,188.85,3
33,662953,46,246.09,3
34,680287,663,442.68,10
35,342333,799,127.1,3
36,5160266,510,464.2,5
37,283871,545,387.86,6
38,670409,632,163.16,3
39,671190,608,483.57,8
40,306523,46,187.55,8
41,250717,101,341.32,7
42,271686,900,468.59,8
43,663060,701,395.66,5
44,342333,932,443.82,4
45,286932,20,85.03,1
46,654066,611,323.54,3
47,654066,658,44.55,10
48,316067,237,490.08,7
49,664303,260,350.65,3
50,662953,701,56.59,10
51,5159642,457,397.53,10
52,377288,66,233.84,10
53,294266,656,44.36,2
54,654066,874,403.16,8
55,294266,265,22.45,4
56,280074,377,398.69,9
57,309460,309,289.24,1
58,370366,919,6.34,5
59,389137,11,225.44,4
60,653813,45,307.24,3
61,663060,141,106.53,6
62,687212,4,121.88,3
63,274780,279,37.04,3
64,272529,653,336.52,2
65,250717,666,101.28,1
66,258584,694,431.24,1
67,686242,91,380.47,6
68,273383,553,51.02,3
69,5158588,170,281.05,6
70,680287,641,209.19,10
71,5158807,696,390.47,10
72,5025072,60,332.78,2
73,5164832,743,43.69,8
74,332626,181,490.92,8
75,5167862,156,132.18,3
76,654066,553,131.5,9
77,7033014,485,155.87,9
78,332626,726,488.15,4
79,378595,22,402.87,3
80,5222732,455,47.6,7
81,428463,77,211.9,6
82,5165010,648,428.37,4
83,5158807,132,177.87,8
84,5165010,505,149.25,1
85,662953,971,321.5,2
86,5170997,28,187.0,4
87,271879,698,85.0,3
88,110597,242,244.22,1
89,5157363,498,406.79,1
90,200342,345,423.04,6
91,291641,178,309.75,5
92,283871,175,499.56,9
93,252212,714,492.41,6
94,316138,493,123.15,9
95,665505,37,386.61,1
96,5164832,521,96.03,10
97,657343,394,208.65,8
98,5025072,484,9.93,7
99,314906,386,104.71,3
100,258534,679,115.69,8
101,378595,405,493.94,6
102,336566,46,25.61,4
103,7033014,858,473.2,6
104,77927,173,419.91,3
105,5158766,602,16.13,5
106,287257,966,72.68,1
107,671190,321,316.37,8
108,290935,104,178.65,1
109,664303,315,173.97,4
110,317726,967,349.75,6
111,5160266,327,497.4,2
112,252541,616,169.69,8
113,275245,755,461.91,1
114,5164832,530,365.58,5
115,670409,780,424.26,9
116,272529,18,256.87,4
117,295897,806,268.98,4
118,370366,607,275.5,8
119,5170997,186,284.74,9
120,349056,882,76.5,10
121,5158766,714,107.49,6
122,654066,781,81.09,5
123,332626,914,99.53,10
124,670409,639,334.16,5
125,671190,805,107.22,6
126,274780,673,439.81,5
127,654066,384,64.14,3
128,274699,900,494.43,4
129,77927,506,5.71,8
130,258534,887,422.72,10
131,258741,973,5.99,4
132,687212,118,393.81,4
133,317726,240,365.19,2
134,261633,678,348.8,8
135,5170997,501,178.69,7
136,261633,712,315.41,2
137,244959,239,301.71,9
138,5171372,702,371.07,4
139,283871,518,356.46,7
140,275245,146,127.87,9
141,687212,275,356.25,3
142,349056,531,159.67,5
143,272577,850,195.82,3
144,284040,546,147.45,7
145,370366,651,370.9,9
146,274431,306,418.16,10
147,281964,522,128.08,10
148,5171372,667,259.47,5
149,276801,133,354.28,3
150,5222732,873,413.14,8
151,250717,602,364.99,10
152,370545,115,54.1,1
153,332278,230,343.62,5
154,304530,328,453.17,5
155,283751,354,223.78,3
156,110597,786,372.59,7
157,316138,765,481.15,5
158,274361,496,348.51,9
159,661260,488,148.41,1
160,306523,625,228.78,5
161,290570,18,237.01,2
162,672824,871,425.28,7
163,349056,713,484.29,8
164,5085621,615,298.63,7
165,5181911,571,43.08,10
166,5158077,88,475.03,5
167,7024694,952,497.04,2
168,5171372,163,200.81,5
169,5157522,742,413.79,9
170,654066,988,219.77,10
171,5158588,709,349.25,6
172,5159113,643,25.73,3
173,327643,494,445.89,1
174,424688,882,27.17,7
175,663060,794,113.94,7
176,10933,327,286.04,3
177,663060,139,441.91,3
178,5242257,532,139.88,7
179,250029,942,49.21,2
180,295897,848,405.74,8
181,662953,85,182.85,6
182,290935,438,373.09,10
183,324368,976,100.23,9
184,200342,183,120.27,9
185,5159113,804,180.26,4
186,663060,944,393.41,5
187,342333,712,469.49,8
188,332626,873,394.67,5
189,305802,829,8.84,6
190,314906,549,405.19,3
191,324368,626,320.03,7
192,5676514,925,400.28,9
193,662953,429,288.3,6
194,324282,559,19.18,10
195,5164832,394,402.54,7
196,295897,357,42.8,10
197,272411,88,177.38,6
198,661260,164,272.59,4
199,275245,93,146.51,5
200,661260,19,381.06,6
201,275245,591,487.2,3
202,682978,744,233.98,8
203,305802,149,476.62,7
204,306523,37,458.93,3
205,380673,841,410.04,10
206,274780,369,364.79,4
207,378595,872,14.91,9
208,661401,526,451.3,9
209,413761,620,288.43,4
210,328359,489,70.13,1
211,356804,278,347.24,9
212,671930,316,139.59,10
213,5158807,240,347.41,7
214,200342,190,44.81,8
215,671190,481,487.65,5
216,424688,289,37.93,1
217,291641,31,434.52,2
218,181321,586,161.37,7
219,305802,92,150.08,3
220,654066,446,200.52,5
221,5159113,925,387.42,10
222,662590,825,103.88,5
223,258584,792,226.31,1
224,366351,349,246.96,3
225,5157522,953,454.22,1
226,320200,323,279.65,10
227,261633,789,321.13,4
228,370545,343,447.57,6
229,378595,609,170.01,7
230,661401,904,40.76,5
231,10933,441,395.31,8
232,10933,278,380.57,10
233,252541,597,165.53,10
234,661260,916,474.24,6
235,5222732,858,417.67,7
236,250029,176,6.39,8
237,286932,422,57.31,8
238,82090,89,234.95,5
239,5085621,852,455.6,1
240,337428,440,92.25,5
241,274326,683,336.13,8
242,258584,526,434.67,10
243,424688,429,465.28,7
244,274780,604,329.75,4
245,280074,343,179.66,8
246,328359,348,185.09,4
247,342333,644,382.31,9
248,328359,442,436.06,4
249,681935,162,481.13,10
250,341790,798,380.82,5
251,281964,342,281.6,10
252,673581,67,456.97,9
253,271879,39,471.68,9
254,327643,409,236.46,2
255,428463,210,474.45,3
256,10933,590,303.6,6
257,365891,458,207.47,6
258,332278,746,442.0,9
259,258534,538,212.74,8
260,342228,38,183.37,6
261,378595,783,410.26,6
262,274257,926,487.66,7
263,272577,368,333.14,7
264,5159642,904,165.25,2
265,664303,315,418.65,9
266,77927,924,457.38,8
267,5157522,925,78.79,6
268,377288,855,158.16,6
269,662590,69,310.46,10
270,424469,964,169.64,6
271,370545,281,310.94,2
272,250306,232,414.47,10
273,5222732,155,73.56,3
274,661085,251,313.97,3
275,5081799,650,333.37,9
276,356804,956,437.53,1
277,673581,874,357.89,2
278,365891,245,395.55,3
279,276801,184,86.93,2
280,272529,840,70.57,6
281,286932,597,452.73,8
282,5165010,396,86.93,2
283,663060,199,188.33,6
284,657303,349,396.13,3
285,5164832,878,34.92,10
286,258741,259,262.41,9
287,661085,168,275.22,10
288,258741,570,7.01,8
289,370366,251,199.61,10
290,271686,924,454.05,7
291,9714,416,215.99,5
292,275076,932,457.17,1
293,283751,141,161.29,10
294,5171372,833,255.14,7
295,258986,768,422.3,2
296,370366,664,490.82,6
297,5160266,646,380.8,4
298,428463,696,175.1,4
299,82090,193,160.4,10
300,356804,804,33.25,2
301,424469,384,105.45,5
302,663060,11,381.07,3
303,663060,670,210.34,7
304,275076,320,82.49,6
305,341790,978,152.3,6
306,5160460,817,296.46,3
307,673474,211,478.51,1
308,687212,572,479.92,7
309,653813,117,61.45,7
310,297488,176,121.95,10
311,327643,958,301.46,10
312,258986,139,456.47,5
313,681935,148,490.84,2
314,284294,742,364.93,1
315,274699,78,208.76,6
316,682978,186,437.03,2
317,5158807,964,212.57,8
318,284040,549,335.09,4
319,273383,516,247.37,4
320,5158077,420,390.84,5
321,681935,968,369.11,6
322,398017,759,198.39,4
323,663060,843,54.9,9
324,152431,85,476.12,10
325,287257,861,459.71,2
326,5160266,585,95.03,9
327,272163,9,105.63,10
328,252212,466,394.92,7
329,661401,978,394.45,2
330,657303,381,482.92,4
331,250717,710,498.81,1
332,5171372,992,251.69,4
333,281964,222,480.38,7
334,283751,956,408.91,5
335,5160266,721,379.4,9
336,661401,442,186.15,8
337,272529,373,425.94,1
338,424688,855,459.96,6
339,680045,740,368.33,3
340,337428,563,325.01,7
341,272529,868,322.0,6
342,272903,593,82.06,7
343,274257,118,113.86,2
344,5158077,412,118.33,5
345,341790,609,85.52,6
346,317726,304,241.61,7
347,82090,451,38.13,9
348,274326,12,147.28,4
349,5158807,83,404.68,2
350,294266,217,462.8,1
351,657303,537,433.38,2
352,398017,129,162.0,10
353,5164832,622,267.01,2
354,5158766,445,467.17,7
355,653813,201,285.51,7
356,356804,88,131.34,8
357,398017,514,343.88,6
358,275076,252,318.36,4
359,670451,350,45.43,2
360,258741,48,386.23,2
361,250717,615,49.64,1
362,654066,231,316.14,9
363,670409,237,346.8,4
364,5170997,435,298.64,2
365,287257,978,189.77,6
366,370366,212,304.85,1
367,328359,126,278.53,3
368,286932,730,299.63,2
369,275245,639,405.83,5
370,5159113,966,413.86,5
371,5165010,508,379.59,2
372,378595,751,243.74,1
373,284040,854,180.77,1
374,654066,547,439.75,3
375,250029,482,439.0,5
376,284040,807,407.75,9
377,662590,755,442.76,2
378,250029,896,200.65,7
379,670451,476,269.55,4
380,661260,362,287.1,3
381,332278,998,360.37,3
382,662590,818,392.17,9
383,665505,509,283.29,8
384,272411,901,451.85,7
385,274431,212,116.2,10
386,5222732,820,207.3,10
387,5158077,802,33.36,9
388,377288,854,491.04,9
389,290935,133,401.66,9
390,370366,436,66.15,7
391,274326,730,170.3,1
392,316138,894,269.49,7
393,5170997,244,151.81,10
394,671190,72,63.36,10
395,283751,441,301.37,9
396,332278,639,115.7,2
397,181321,805,318.29,3
398,274326,564,346.98,6
399,686242,224,407.98,2
400,258534,62,226.06,10
401,258986,702,350.66,2
402,252541,368,22.4,9
403,5160266,707,317.32,6
404,5242257,954,220.1,9
405,686242,154,405.49,9
406,306523,909,494.01,2
407,281964,757,149.75,8
408,281964,958,447.75,6
409,5158077,890,57.47,7
410,272411,382,228.93,9
411,5171372,902,349.16,9
412,250717,676,432.24,8
413,342333,223,114.5,6
414,286932,245,248.85,3
415,275076,693,488.07,5
416,274257,650,369.95,9
417,380673,50,200.03,9
418,250306,466,251.29,10
419,370366,185,460.23,3
420,286932,158,245.96,9
421,304530,204,33.75,6
422,314906,190,106.33,7
423,5171372,419,6.86,1
424,428463,249,242.71,6
425,272577,891,486.84,7
426,661260,940,402.22,6
427,10933,802,25.44,5
428,332626,891,465.78,7
429,5167862,511,60.1,2
430,5165010,157,16.38,1
431,320200,535,109.74,9
432,661085,90,252.58,10
433,672824,988,43.49,6
434,258534,18,391.77,1
435,5158766,768,13.65,3
436,258534,34,112.99,10
437,283871,610,301.21,10
438,336566,602,208.23,7
439,299674,469,232.91,4
440,272577,380,336.64,9
441,680045,8,183.02,9
442,682978,193,124.12,6
443,5081799,269,459.52,5
444,366351,242,175.87,2
445,275245,328,241.62,10
446,266826,941,410.88,5
447,250717,600,318.24,8
448,5159113,551,312.11,2
449,299674,3,321.21,8
450,424688,956,406.13,9
451,662590,586,265.3,7
452,5025072,927,42.55,8
453,258986,191,334.43,6
454,671190,307,86.67,10
455,664303,667,415.21,10
456,662590,525,82.49,3
457,5164832,915,478.44,7
458,671930,488,356.62,8
459,316138,754,135.38,2
460,317726,414,107.69,9
461,304530,187,439.74,5
462,291641,935,119.15,10
463,317726,760,208.87,1
464,280074,327,232.86,4
465,5085621,67,66.56,9
466,276801,637,369.05,6
467,284040,306,58.3,10
468,657343,462,427.9,9
469,5159642,249,268.22,10
470,5159113,692,310.26,1
471,680287,849,415.28,9
472,258986,800,171.45,4
473,5242257,649,482.75,6
474,275612,874,307.84,8
475,5181370,872,66.5,3
476,671930,672,147.45,7
477,9714,922,250.65,3
478,82090,19,343.95,10
479,661260,980,105.07,9
480,424688,861,216.35,4
481,258986,834,58.3,1
482,250717,442,94.37,7
483,7033014,347,380.27,5
484,5158766,116,306.63,6
485,680045,415,228.86,8
486,5081799,406,8.53,9
487,661260,885,37.73,10
488,342333,844,382.97,4
489,200342,292,51.45,7
490,283751,995,386.67,9
491,304530,638,363.46,7
492,317726,183,259.3,5
493,337428,833,182.65,5
494,287257,762,450.61,5
495,370366,576,92.41,4
496,284294,729,428.24,5
497,10933,175,382.92,5
498,5081799,609,335.53,8
499,110597,169,471.47,4
500,284040,571,498.08,10
501,671190,325,395.67,3
502,680287,414,118.24,8
503,320200,52,344.06,7
504,424688,55,203.19,5
505,380673,57,65.56,3
506,5181911,851,425.15,9
507,5181370,565,170.69,9
508,272411,102,482.4,7
509,380673,488,406.5,9
510,324282,67,401.03,9
511,152431,884,414.33,3
512,377288,546,207.02,9
513,370366,986,45.69,3
514,5082817,924,497.55,5
515,258584,878,482.25,3
516,7033014,471,236.51,10
517,5157522,811,415.1,3
518,159278,882,241.29,10
519,317726,7,463.44,9
520,10933,950,203.03,2
521,77927,606,439.93,10
522,274431,33,11.41,7
523,290570,872,173.94,1
524,654066,408,310.15,10
525,342228,166,428.15,1
526,5158807,651,48.9,10
527,252541,906,41.96,1
528,5159113,322,395.0,3
529,377288,833,285.22,4
530,272903,516,70.3,10
531,337428,666,241.3,4
532,370545,190,106.29,4
533,349056,617,376.94,10
534,337428,717,408.73,1
535,304530,196,223.11,5
536,5327219,739,484.09,3
537,272529,220,319.52,4
538,657343,50,133.53,10
539,281964,514,37.64,9
540,654066,777,350.17,10
541,671875,103,297.05,7
542,317726,98,174.87,5
543,663060,364,370.56,8
544,653813,96,24.17,4
545,250717,670,426.88,5
546,5222732,561,99.38,7
547,336566,189,21.4,9
548,428463,765,446.5,3
549,424469,366,310.87,1
550,5164832,206,66.59,2
551,284294,975,315.66,7
552,332278,669,445.07,10
553,200342,81,294.6,3
554,663060,740,376.77,3
555,9714,89,448.35,9
556,274361,302,458.47,1
557,671875,391,75.54,6
558,250306,275,378.58,3
559,5157363,313,429.82,3
560,252541,674,491.64,8
561,673474,521,432.67,8
562,664303,847,343.04,6
563,274431,147,140.93,8
564,337428,490,159.17,10
565,274780,700,396.14,3
566,324368,552,210.11,5
567,82090,665,425.65,2
568,5242257,909,238.09,7
569,5081799,522,334.53,2
570,428463,497,478.02,7
571,299674,354,110.08,10
572,378595,256,147.8,8
573,682978,434,227.7,8
574,370366,354,394.1,8
575,653813,563,410.93,10
576,653813,729,410.21,10
577,681935,400,167.27,5
578,380673,239,48.84,9
579,657343,168,78.62,4
580,304530,327,81.94,4
581,273383,830,337.19,6
582,662590,402,281.36,6
583,377288,905,94.6,7
584,5158807,112,228.16,7
585,250717,450,256.67,10
586,670357,648,390.08,7
587,250029,277,293.37,9
588,5327219,681,191.7,6
589,276801,73,474.95,3
590,299674,373,253.78,10
591,657303,129,431.47,1
592,291641,888,223.63,10
593,398017,554,12.41,9
594,284040,899,303.06,5
595,272903,33,402.2,2
596,77927,471,145.5,3
597,670357,381,354.64,3
598,665505,523,234.41,7
599,672824,991,180.25,1
600,274257,905,34.76,7
601,275612,22,181.05,10
602,328359,632,405.34,10
603,5159642,570,398.91,4
604,327643,558,421.94,10
605,287257,324,400.46,3
606,662953,198,384.52,7
607,291641,284,417.63,7
608,663060,219,410.72,10
609,673581,397,114.39,9
610,657343,321,355.09,6
611,380673,4,498.24,8
612,258534,958,76.83,5
613,687212,428,369.04,8
614,314906,609,461.47,8
615,320200,553,327.61,2
616,250717,21,174.29,9
617,274699,783,337.7,10
618,328359,537,464.25,5
619,275245,836,467.99,9
620,250717,289,433.81,2
621,413761,330,280.48,2
622,661401,327,288.06,6
623,5082817,68,479.94,8
624,5171372,827,332.86,3
625,663060,413,15.01,3
626,275245,516,142.13,7
627,5170997,464,198.3,9
628,261633,225,245.96,3
629,413761,423,155.32,5
630,664303,621,111.14,6
631,320200,861,356.74,2
632,380673,755,88.74,9
633,252212,710,50.09,3
634,287257,2,207.97,9
635,271686,146,406.21,3
636,258986,191,381.33,10
637,661401,432,122.01,6
638,10933,265,137.11,7
639,342333,330,493.64,6
640,250717,437,41.78,4
641,5160460,910,43.93,7
642,327643,881,49.88,7
643,5165010,554,165.27,8
644,244959,25,383.1,2
645,370366,576,445.89,3
646,5171372,965,466.55,9
647,274257,72,129.94,10
648,670409,70,232.79,7
649,152431,616,51.29,9
650,661260,661,280.34,3
651,670409,836,8.24,4
652,258534,450,232.52,3
653,664303,202,490.3,4
654,5164832,347,74.51,9
655,306523,834,109.32,1
656,258741,169,142.43,4
657,250029,369,434.06,7
658,271686,359,445.55,6
659,673474,943,472.91,9
660,665505,406,127.96,10
661,5082817,333,229.48,3
662,332626,71,194.09,1
663,370545,417,299.95,8
664,274361,427,151.5,6
665,273383,853,415.36,7
666,657343,717,453.54,8
667,274431,343,450.49,10
668,342333,21,135.28,1
669,283871,110,244.82,9
670,274257,930,271.24,10
671,271879,929,485.11,1
672,682978,778,221.77,7
673,261633,188,39.56,8
674,77927,613,323.48,5
675,320200,132,91.36,6
676,250029,746,185.77,9
677,317726,576,261.45,2
678,276801,63,481.57,2
679,274780,393,84.03,9
680,672824,285,426.68,9
681,424469,244,14.3,5
682,378595,14,28.71,4
683,274361,472,242.33,7
684,654066,840,288.32,10
685,5165010,383,98.56,3
686,342333,512,96.6,6
687,654066,628,361.26,8
688,5157522,397,157.67,10
689,378595,899,356.58,10
690,662953,741,261.16,10
691,389137,110,186.63,2
692,686242,590,27.66,2
693,258741,280,486.39,8
694,250717,895,193.11,4
695,10933,232,395.87,5
696,10933,188,171.66,8
697,663060,250,449.4,4
698,159278,119,40.7,10
699,152431,202,144.28,4
700,272577,232,265.47,4
701,274257,895,308.42,3
702,5171372,848,323.51,6
703,272163,12,198.99,5
704,5222732,10,315.7,10
705,252212,831,433.78,10
706,250717,578,419.85,3
707,305802,219,129.88,10
708,317726,396,25.59,5
709,272411,864,123.63,1
710,82090,817,410.66,8
711,365891,315,331.16,2
712,671875,76,66.63,9
713,672824,130,86.32,6
714,5158077,122,136.25,3
715,673581,969,427.87,9
716,5160266,922,201.99,6
717,370366,287,173.13,6
718,181321,418,116.7,6
719,5158077,237,338.59,2
720,332626,88,484.18,1
721,258986,789,44.28,5
722,324282,818,253.85,4
723,5181370,905,451.76,5
724,110597,321,137.45,4
725,273383,931,172.82,9
726,682978,671,249.26,3
727,287257,871,74.36,10
728,5164832,469,402.87,9
729,424688,166,129.65,7
730,287257,791,34.12,8
731,342228,574,334.05,3
732,320200,299,274.92,4
733,365891,305,465.17,7
734,670357,983,392.41,2
735,77927,106,22.83,10
736,258986,21,267.25,2
737,316138,940,434.58,5
738,327643,392,14.08,8
739,280074,706,189.87,10
740,5160266,121,417.38,8
741,356804,430,128.42,6
742,274361,543,11.03,1
743,5081799,653,173.58,3
744,342333,454,22.12,2
745,5081799,825,458.27,3
746,5081799,150,427.13,4
747,661085,198,213.85,5
748,5159113,17,206.87,10
749,661260,556,489.82,7
750,327643,383,247.18,9
751,274431,536,221.16,2
752,661085,169,203.23,6
753,662590,422,162.26,2
754,271879,368,174.9,4
755,304530,945,224.97,1
756,283751,808,462.14,10
757,274699,617,439.53,1
758,357092,807,382.57,6
759,342228,428,392.97,5
760,275612,689,214.84,9
761,682978,897,293.5,4
762,294266,138,448.98,1
763,370366,765,168.78,9
764,681935,912,201.72,8
765,261633,437,136.22,6
766,670409,749,27.24,7
767,181321,54,13.04,8
768,244959,767,139.86,8
769,681616,389,470.88,8
770,287257,669,165.5,7
771,671190,498,444.84,3
772,5085621,36,63.47,9
773,281964,533,338.96,10
774,5171372,263,167.65,7
775,5181370,554,446.78,1
776,266826,928,350.38,1
777,5082817,218,174.35,9
778,266826,849,246.33,10
779,686242,965,121.15,2
780,295897,239,19.9,10
781,5181370,398,37.04,8
782,327643,930,406.83,6
783,5081799,146,371.09,9
784,413761,112,334.65,2
785,284294,578,457.0,10
786,200342,602,129.94,4
787,275245,560,13.94,3
788,661401,343,457.77,6
789,320200,555,493.35,8
790,258584,151,87.74,6
791,309460,978,332.62,3
792,258584,836,55.12,7
793,286932,148,32.37,2
794,356804,815,184.51,5
795,349056,286,54.8,10
796,428463,759,60.04,8
797,272903,325,249.52,10
798,681935,469,267.29,9
799,428463,366,199.89,8
800,274780,927,334.2,4
801,297488,685,493.41,8
802,5160460,464,421.71,8
803,366351,930,383.26,5
804,252212,773,211.07,9
805,5173243,980,168.28,9
806,305802,934,287.79,2
807,306523,53,157.58,3
808,9714,321,89.12,1
809,378595,530,434.77,10
810,5242257,658,64.75,2
811,389137,424,492.25,7
812,337428,617,133.4,9
813,274699,275,369.94,7
814,290935,390,35.25,9
815,380673,867,402.55,6
816,244959,900,260.3,2
817,7033014,315,483.92,9
818,200342,513,248.71,2
819,370366,632,389.94,8
820,181321,548,120.09,9
821,662953,282,177.37,3
822,424469,341,395.38,9
823,274361,606,437.02,8
824,275245,450,57.67,3
825,328359,911,347.15,6
826,5158077,557,490.31,8
827,244959,743,473.7,10
828,272163,261,185.34,8
829,276801,711,152.91,3
830,275245,658,71.59,9
831,274257,222,493.78,7
832,250717,446,385.58,7
833,664303,825,314.77,5
834,654066,898,262.89,2
835,283871,273,404.16,3
836,275245,195,327.57,9
837,316067,591,246.37,1
838,258534,363,223.62,4
839,320200,690,192.4,7
840,274431,25,485.08,6
841,5170997,838,457.83,10
842,181321,890,170.26,4
843,10933,406,37.12,7
844,304530,521,81.99,5
845,341790,713,300.11,2
846,181321,290,363.45,8
847,82090,70,432.27,10
848,389137,609,455.31,6
849,252541,257,467.74,6
850,681935,812,488.98,7
851,306523,372,390.59,10
852,657343,263,367.94,8
853,244959,399,173.51,7
854,370545,166,464.81,6
855,5159113,349,73.02,5
856,324282,465,274.7,10
857,5171372,310,228.77,1
858,275612,30,445.69,5
859,275076,979,323.0,6
860,250717,862,195.63,10
861,380673,633,51.45,2
862,5157363,123,147.9,6
863,274431,742,256.49,4
864,370366,132,200.63,6
865,5158766,75,474.78,8
866,332626,298,300.67,1
867,670451,424,354.96,10
868,274780,97,299.84,9
869,357092,417,205.53,7
870,5082817,157,35.36,7
871,5222732,271,20.34,2
872,272411,480,328.6,6
873,250029,867,348.95,5
874,252212,831,94.05,10
875,7024694,830,318.62,8
876,181321,358,10.35,8
877,272529,228,225.06,7
878,349056,836,143.16,1
879,258584,910,442.01,5
880,252212,915,157.52,3
881,680045,338,198.44,4
882,428463,318,84.2,7
883,398017,291,69.68,4
884,275245,611,174.18,10
885,5173243,340,376.13,7
886,306523,499,38.65,6
887,274699,453,34.46,6
888,316138,588,406.48,10
889,5158588,918,264.48,3
890,5327219,132,430.59,2
891,5085621,114,308.67,6
892,5157522,35,43.83,8
893,5165010,212,91.06,5
894,82090,859,223.83,1
895,250717,713,98.29,4
896,266826,490,433.5,8
897,378595,463,490.45,1
898,332278,932,311.38,6
899,306523,717,326.16,5
900,252541,466,445.13,3
901,250717,107,340.54,6
902,661401,984,195.81,8
903,357092,466,123.72,5
904,662590,225,207.62,3
905,274780,178,483.57,8
906,661401,524,44.73,6
907,5081799,617,55.95,1
908,286932,323,332.9,10
909,275245,753,303.99,1
910,273383,791,369.96,4
911,5173243,197,450.95,6
912,283871,298,259.7,4
913,200342,811,178.4,6
914,271879,912,262.58,7
915,290570,188,91.31,6
916,366351,317,450.67,6
917,680045,338,342.74,6
918,258986,872,435.98,2
919,5164832,206,154.69,7
920,670409,608,447.41,5
921,252212,868,80.2,8
922,266826,893,188.25,2
923,77927,882,40.42,2
924,261633,516,307.49,6
925,295897,507,124.98,3
926,250029,942,120.96,7
927,252541,666,496.79,2
928,5081799,308,123.79,7
929,377288,925,258.68,4
930,356804,339,310.19,7
931,5081799,109,484.54,7
932,5025072,736,472.18,1
933,272903,920,208.57,5
934,200342,623,60.37,6
935,272577,267,101.06,10
936,5157522,910,10.06,2
937,328359,846,5.47,2
938,274361,526,389.66,4
939,250717,980,181.64,9
940,662590,834,325.98,3
941,324368,4,283.81,1
942,332626,141,440.22,6
943,309460,9,289.79,6
944,665505,779,59.52,2
945,662953,894,440.32,9
946,9714,775,362.77,6
947,5181370,821,157.24,4
948,671190,416,378.91,10
949,370545,888,199.62,9
950,654066,300,431.21,6
951,316138,992,250.32,9
952,671930,662,304.85,3
953,671875,270,41.49,6
954,5173243,328,417.63,2
955,5173243,302,248.38,3
956,5181911,541,73.44,2
957,152431,339,29.7,7
958,297488,926,184.18,9
959,5085621,318,483.64,10
960,5181370,411,420.1,3
961,274699,307,308.13,9
962,680287,528,243.85,4
963,5157363,943,481.07,8
964,657343,834,478.3,10
965,342333,110,258.83,2
966,654066,692,80.87,7
967,261633,794,268.94,2
968,316138,531,191.97,3
969,250306,552,367.78,9
970,316067,689,210.15,2
971,661260,814,15.73,9
972,271879,919,408.11,4
973,337428,540,396.19,6
974,5160460,460,320.84,1
975,271879,45,410.5,8
976,316138,679,25.75,3
977,5085621,242,379.27,5
978,274431,1,230.16,4
979,82090,650,72.01,7
980,661260,535,51.82,4
981,276801,838,346.12,2
982,314906,638,326.0,9
983,295897,920,53.11,7
984,5181370,839,273.86,5
985,258534,855,465.21,7
986,274257,984,398.92,2
987,250029,834,481.56,1
988,681935,952,401.48,3
989,320200,184,329.28,2
990,370545,923,456.32,3
991,5158588,672,337.82,3
992,252541,916,252.62,6
993,5158807,958,50.62,6
994,305802,282,210.44,3
995,320200,840,97.7,3
996,366351,524,436.98,6
997,654066,380,217.0,4
998,271686,186,242.81,6
999,663060,568,383.06,6
1000,314906,786,428.77,2
1001,336566,951,196.98,6
1002,152431,105,199.04,5
1003,328359,257,74.53,1
1004,5170997,780,231.53,2
1005,250029,549,138.9,4
1006,200342,740,87.13,9
1007,5165010,206,252.57,2
1008,295897,765,201.05,3
1009,5242257,265,349.33,4
1010,250717,320,319.07,8
1011,5173243,999,147.19,3
1012,309460,395,445.37,3
1013,365891,730,297.68,4
1014,661260,746,142.45,1
1015,671190,10,53.92,7
1016,349056,631,387.81,6
1017,653813,85,226.07,6
1018,5164832,261,464.96,2
1019,671930,444,495.63,7
1020,287257,40,378.98,9
1021,272411,721,20.18,1
1022,275612,467,373.46,7
1023,294266,751,367.1,3
1024,657303,719,239.52,6
1025,9714,216,279.31,2
1026,680287,751,376.88,4
1027,274257,309,140.61,8
1028,297488,356,191.41,8
1029,428463,124,482.75,8
1030,200342,561,10.15,10
1031,5173243,287,290.67,10
1032,266826,4,266.0,9
1033,272577,11,476.71,10
1034,291641,289,410.65,10
1035,663060,150,334.2,7
1036,274780,938,238.4,5
1037,284294,891,424.49,3
1038,670357,111,130.08,8
1039,10933,354,371.02,1
1040,5173243,659,74.09,8
1041,7024694,226,474.17,4
1042,681616,180,313.26,10
1043,258534,205,101.59,4
1044,5159642,192,326.0,3
1045,9714,565,346.12,10
1046,274431,451,246.5,8
1047,332626,858,184.49,6
1048,284294,491,356.67,9
1049,276801,479,89.15,2
1050,378595,692,184.18,3
1051,5157363,349,148.57,5
1052,283871,170,74.76,1
1053,275612,786,336.07,2
1054,284040,911,334.78,4
1055,110597,828,445.85,3
1056,5165010,829,192.57,6
1057,349056,14,47.87,2
1058,671190,610,198.75,10
1059,5157363,791,229.65,2
1060,324282,245,70.47,9
1061,5085621,958,460.25,5
1062,274326,345,13.99,10
1063,5159642,415,181.34,8
1064,5157363,907,182.33,8
1065,314906,644,489.74,6
1066,349056,160,120.78,9
1067,670451,33,293.03,7
1068,657303,910,460.91,2
1069,671190,178,142.73,3
1070,342228,552,265.59,2
1071,681935,385,385.58,7
1072,200342,751,99.16,10
1073,5242257,537,488.7,5
1074,365891,341,39.44,7
1075,424688,556,250.42,4
1076,662953,362,311.07,6
1077,5165010,731,102.27,1
1078,389137,220,325.77,3
1079,291641,984,116.94,3
1080,324282,91,103.76,2
1081,297488,458,234.22,4
1082,7024694,866,452.48,2
1083,370366,347,414.39,2
1084,662953,426,238.45,3
1085,273383,160,463.76,7
1086,5159642,553,226.25,10
1087,200342,224,358.65,8
1088,5085621,265,245.75,10
1089,5160266,434,274.44,4
1090,663060,677,411.74,2
1091,380673,338,356.47,10
1092,252541,863,211.68,1
1093,5157363,386,410.05,7
1094,5164832,187,378.12,10
1095,294266,286,403.55,10
1096,5158807,246,148.79,1
1097,272903,209,394.06,2
1098,332626,85,213.08,9
1099,159278,649,250.44,6
1100,9714,632,152.24,9
1101,5165010,293,133.46,6
1102,337428,862,26.5,1
1103,252541,700,229.04,4
1104,7024694,236,31.47,1
1105,424688,109,371.57,8
1106,274431,272,323.42,5
1107,671930,14,153.75,8
1108,272163,666,41.72,7
1109,663060,767,112.14,3
1110,252212,230,26.35,5
1111,5157363,721,453.07,10
1112,670357,819,210.19,8
1113,276801,908,300.34,8
1114,317726,303,167.82,4
1115,413761,131,264.82,8
1116,272903,162,276.26,4
1117,294266,477,361.37,2
1118,9714,603,245.18,9
1119,7024694,682,151.79,10
1120,665505,258,167.09,9
1121,662590,411,463.85,1
1122,670357,457,389.79,9
1123,5081799,340,167.88,10
1124,271686,412,336.01,9
1125,324368,762,385.81,6
1126,324282,612,96.03,10
1127,5081799,151,352.63,4
1128,261633,730,294.54,5
1129,5157522,217,266.32,9
1130,357092,365,209.48,8
1131,274257,853,496.26,4
1132,5181370,933,403.53,4
1133,274326,246,56.39,8
1134,680287,921,168.74,10
1135,274431,543,268.49,8
1136,324282,653,395.14,4
1137,673474,821,356.13,8
1138,5158807,248,168.77,4
1139,5157363,747,441.84,1
1140,5081799,569,272.42,6
1141,5160266,221,428.65,1
1142,365891,755,445.39,7
1143,258741,69,313.83,3
1144,82090,962,76.85,4
1145,681616,70,305.73,9
1146,5025072,173,13.89,2
1147,357092,342,319.75,3
1148,5160460,763,104.15,5
1149,271686,626,430.67,10
1150,272903,921,47.77,7
1151,5170997,137,149.92,3
1152,378595,761,6.41,8
1153,5165010,493,457.03,4
1154,317726,123,436.02,8
1155,250029,369,121.0,4
1156,110597,379,64.48,4
1157,428463,415,269.41,4
1158,662590,289,263.49,8
1159,284040,342,235.22,6
1160,671930,964,256.42,4
1161,670451,186,303.53,8
1162,258584,886,475.17,9
1163,316067,853,454.78,3
1164,250717,338,352.94,2
1165,266826,127,451.5,9
1166,272577,146,326.43,1
1167,252541,332,369.18,7
1168,306523,403,309.13,6
1169,671190,890,190.52,8
1170,200342,676,217.85,1
1171,327643,827,287.19,2
1172,273383,598,126.07,9
1173,252212,494,43.12,7
1174,5081799,300,349.79,9
1175,272577,448,246.5,3
1176,284040,355,123.11,10
1177,342333,372,222.47,9
1178,5165010,98,20.97,7
1179,258986,970,240.67,1
1180,365891,156,319.51,3
1181,332626,984,326.25,4
1182,275076,960,109.45,7
1183,316138,564,188.23,9
1184,370366,572,244.37,9
1185,280074,677,478.54,1
1186,672824,689,188.58,9
1187,661085,226,230.56,10
1188,258534,396,498.12,6
1189,653813,238,49.54,2
1190,272903,585,6.69,1
1191,424469,748,107.9,5
1192,283751,495,47.25,8
1193,424469,862,446.7,3
1194,305802,418,252.59,8
1195,5158807,688,398.08,2
1196,680287,143,458.44,6
1197,266826,991,477.78,6
1198,275612,367,159.62,4
1199,665505,672,126.59,3
1200,332626,216,300.49,9
1201,653813,832,281.3,8
1202,653813,684,450.29,8
1203,77927,534,224.86,1
1204,77927,387,495.66,5
1205,657303,667,374.82,7
1206,380673,229,435.24,1
1207,275245,495,300.42,9
1208,5222732,10,369.4,9
1209,680045,386,435.68,9
1210,250306,953,396.61,9
1211,670451,836,275.61,3
1212,295897,850,459.85,7
1213,291641,258,106.13,2
1214,271686,113,124.51,10
1215,200342,287,323.13,7
1216,680287,547,433.57,4
1217,276801,994,75.06,10
1218,5170997,944,294.55,3
1219,657343,945,430.5,7
1220,284040,11,227.46,1
1221,365891,250,174.88,3
1222,5164832,647,440.14,3
1223,380673,518,467.48,2
1224,261633,299,326.66,9
1225,654066,199,441.8,6
1226,377288,106,165.5,1
1227,272163,679,291.12,8
1228,5158588,518,368.95,2
1229,5676514,317,196.09,10
1230,5164832,671,257.99,4
1231,244959,572,499.91,1
1232,82090,9,137.21,4
1233,661085,192,109.41,10
1234,5158766,210,94.26,4
1235,398017,376,121.29,4
1236,5222732,599,135.15,1
1237,10933,132,217.52,1
1238,365891,784,379.71,10
1239,276801,615,270.5,9
1240,5160266,367,426.17,10
1241,370366,501,6.76,6
1242,5676514,863,470.37,9
1243,413761,7,89.41,5
1244,356804,606,202.38,2
1245,82090,23,419.22,5
1246,682978,11,324.44,9
1247,274431,669,62.78,7
1248,261633,904,457.32,8
1249,266826,348,426.35,9
1250,271879,497,212.79,4
1251,258534,84,185.92,2
1252,670409,515,367.77,3
1253,5081799,372,285.91,7
1254,258741,328,13.68,1
1255,424469,461,24.68,6
1256,5171372,180,400.5,2
1257,670451,276,207.33,5
1258,370545,244,69.91,7
1259,328359,607,447.04,5
1260,5676514,799,363.86,8
1261,428463,127,190.06,7
1262,653813,284,71.74,6
1263,280074,784,29.88,5
1264,252212,48,321.98,3
1265,320200,536,314.78,5
1266,274780,955,372.16,7
1267,272903,863,325.65,3
1268,110597,980,227.52,9
1269,272411,137,62.04,5
1270,332278,654,188.73,4
1271,670409,295,306.19,4
1272,5157363,679,264.9,1
1273,10933,259,149.61,4
1274,5164832,811,121.7,8
1275,5158807,52,155.9,4
1276,159278,69,37.45,5
1277,284040,807,344.75,1
1278,5676514,710,179.18,2
1279,428463,572,155.37,6
1280,370366,960,270.77,1
1281,252212,438,310.49,10
1282,5181911,63,9.89,8
1283,261633,367,350.04,7
1284,309460,627,349.06,7
1285,159278,418,223.3,3
1286,424688,89,292.48,8
1287,200342,621,254.42,1
1288,341790,221,12.36,5
1289,654066,726,62.4,9
1290,283871,254,307.96,7
1291,5222732,173,144.06,2
1292,275612,655,16.08,9
1293,273383,243,445.28,10
1294,5171372,373,458.4,7
1295,657303,709,290.8,7
1296,671930,362,233.62,2
1297,687212,82,74.53,6
1298,181321,720,465.57,2
1299,200342,666,347.94,8
1300,336566,960,192.23,6
1301,299674,165,131.57,7
1302,664303,397,190.57,8
1303,424469,551,463.56,6
1304,342333,188,112.18,1
1305,5327219,478,116.31,10
1306,670357,543,212.28,9
1307,283751,355,191.72,3
1308,283751,468,224.68,9
1309,5181911,852,303.59,9
1310,370545,544,447.33,3
1311,281964,869,469.67,6
1312,336566,234,470.54,3
1313,305802,844,7.74,4
1314,657343,8,428.88,3
1315,274699,70,293.04,10
1316,275076,334,203.59,5
1317,7033014,959,322.61,4
1318,5165010,483,286.88,8
1319,5222732,431,106.4,5
1320,661401,545,46.93,10
1321,5167862,33,100.16,6
1322,258584,541,117.59,6
1323,275076,13,297.06,3
1324,662953,94,144.9,10
1325,5158077,75,265.48,1
1326,309460,56,228.45,5
1327,670409,842,272.06,4
1328,661401,306,97.06,3
1329,281964,508,428.41,8
1330,291641,20,369.26,2
1331,316067,215,43.2,7
1332,276801,408,445.75,9
1333,317726,543,176.04,2
1334,295897,957,485.26,6
1335,272411,437,383.98,2
1336,673474,782,275.99,8
1337,413761,499,413.67,4
1338,424469,800,450.66,3
1339,657303,187,112.25,3
1340,316067,253,262.24,7
1341,5164832,657,248.58,4
1342,349056,787,399.41,3
1343,110597,898,478.83,9
1344,424469,16,253.68,9
1345,341790,673,282.43,3
1346,356804,79,214.49,4
1347,316138,842,251.6,8
1348,654066,775,269.05,5
1349,377288,756,380.28,1
1350,258741,880,492.26,1
1351,341790,196,413.72,7
1352,5676514,71,475.82,7
1353,5160460,887,77.57,4
1354,244959,208,87.47,1
1355,306523,734,201.44,10
1356,357092,854,214.67,5
1357,5157522,180,480.14,1
1358,341790,843,383.03,10
1359,250717,187,476.14,2
1360,272577,974,174.5,7
1361,370366,860,297.29,4
1362,5181911,923,441.93,5
1363,5170997,539,169.31,7
1364,662953,746,90.94,4
1365,274431,581,134.99,4
1366,152431,828,136.3,7
1367,250306,926,450.33,3
1368,673581,689,392.0,7
1369,673581,349,276.8,1
1370,181321,318,275.48,1
1371,272529,701,85.04,2
1372,332626,912,168.89,9
1373,281964,879,108.02,6
1374,5222732,506,211.74,2
1375,5327219,92,286.74,3
1376,5222732,425,88.17,4
1377,5157363,161,410.31,6
1378,341790,686,240.29,4
1379,332626,114,109.68,9
1380,5159113,399,313.29,5
1381,341790,837,21.25,8
1382,271686,346,231.49,3
1383,258584,481,36.68,8
1384,5159113,269,352.57,9
1385,290570,685,270.43,5
1386,370366,874,309.2,4
1387,274361,316,46.3,10
1388,272411,427,116.78,6
1389,295897,960,211.83,4
1390,5676514,821,418.08,8
1391,5025072,398,264.5,2
1392,380673,437,216.07,7
1393,272577,179,171.24,4
1394,159278,121,119.65,9
1395,252212,947,28.27,9
1396,380673,882,123.24,6
1397,287257,966,146.83,7
1398,5181370,472,395.03,5
1399,295897,742,401.23,7
1400,305802,629,191.58,1
1401,681935,991,17.43,2
1402,316067,477,238.21,3
1403,7033014,183,449.79,4
1404,5025072,982,366.13,3
1405,274326,852,42.95,8
1406,5025072,857,341.1,9
1407,280074,378,297.41,7
1408,275245,688,425.57,3
1409,250717,600,238.6,3
1410,5165010,942,125.64,10
1411,342333,63,429.41,6
1412,424688,267,383.65,1
1413,670357,607,330.82,3
1414,424469,97,18.76,2
1415,284294,982,207.31,9
1416,671190,873,73.96,9
1417,5173243,55,233.53,4
1418,5165010,863,452.14,9
1419,5160266,647,93.73,4
1420,5025072,922,209.48,3
1421,271686,518,169.2,7
1422,5158807,696,20.24,1
1423,275612,736,85.45,5
1424,5159113,48,221.72,7
1425,294266,495,399.64,9
1426,5158588,412,132.29,6
1427,250717,346,310.55,9
1428,290570,418,200.19,1
1429,250717,732,289.33,7
1430,280074,913,225.4,9
1431,378595,657,374.54,8
1432,5157522,336,180.74,1
1433,662590,735,478.67,10
1434,274431,419,256.0,5
1435,5158807,444,92.68,5
1436,671875,70,334.2,1
1437,670451,73,197.56,8
1438,356804,657,30.75,7
1439,661260,231,163.14,7
1440,341790,820,424.94,5
1441,299674,488,244.26,2
1442,661401,605,206.32,5
1443,670409,646,456.67,10
1444,276801,1,316.06,5
1445,317726,724,178.16,3
1446,306523,536,279.62,2
1447,5082817,509,214.77,4
1448,275245,159,164.35,9
1449,682978,757,304.74,5
1450,290935,623,490.33,2
1451,258534,807,195.35,10
1452,398017,681,30.56,8
1453,653813,739,182.93,3
1454,258534,594,115.38,5
1455,272577,640,173.51,10
1456,424469,912,256.14,4
1457,305802,75,41.2,3
1458,9714,275,50.46,9
1459,316067,489,283.29,5
1460,5158766,284,435.18,5
1461,252212,308,235.38,9
1462,286932,893,97.02,7
1463,284040,427,464.25,8
1464,5159113,487,324.33,3
1465,670357,719,318.1,7
1466,661401,816,399.7,4
1467,271686,338,260.37,5
1468,5159642,253,449.29,7
1469,328359,376,154.7,10
1470,284040,170,468.37,9
1471,258986,237,110.16,9
1472,274361,900,84.65,10
1473,294266,497,145.18,6
1474,664303,118,149.16,2
1475,370366,922,238.92,10
1476,680045,217,59.65,7
1477,686242,877,447.24,9
1478,681616,992,478.89,9
1479,370545,216,68.63,5
1480,274699,336,320.09,8
1481,681935,22,318.77,8
1482,82090,61,148.01,5
1483,274780,30,450.07,2
1484,670409,535,329.09,3
1485,349056,25,130.68,9
1486,680287,68,297.89,1
1487,272903,650,151.54,9
1488,244959,551,83.17,1
1489,77927,833,177.05,10
1490,291641,336,271.42,10
1491,258584,493,326.09,8
1492,662953,143,417.86,10
1493,671930,582,337.67,4
1494,5158588,82,152.96,8
1495,274431,699,169.44,2
1496,653813,362,279.91,1
1497,687212,580,422.44,3
1498,366351,241,263.98,3
1499,5181370,212,381.62,4
1500,662953,83,287.36,5
1501,297488,364,324.16,10
1502,377288,690,428.9,5
1503,5165010,626,222.31,5
1504,5181911,386,350.28,5
1505,320200,648,417.8,5
1506,413761,521,326.0,7
1507,670409,544,35.86,7
1508,665505,637,245.54,6
1509,271686,271,299.78,9
1510,305802,207,148.36,9
1511,290570,405,306.0,7
1512,258741,147,452.48,2
1513,5082817,752,304.15,2
1514,680045,164,14.37,6
1515,276801,813,260.8,4
1516,413761,360,146.78,2
1517,291641,672,270.79,4
1518,681935,194,364.98,8
1519,356804,731,64.72,10
1520,424688,250,22.09,6
1521,252541,409,498.28,3
1522,7024694,295,92.02,1
1523,657303,42,434.24,8
1524,250717,736,139.47,6
1525,686242,185,289.38,7
1526,305802,588,172.61,10
1527,294266,497,98.88,3
1528,332278,572,237.44,8
1529,5181911,804,395.75,8
1530,286932,332,386.29,9
1531,252541,754,362.54,7
1532,332278,560,444.21,4
1533,5167862,434,125.86,2
1534,82090,754,194.29,3
1535,258741,371,101.14,7
1536,673581,240,166.2,3
1537,356804,883,117.05,7
1538,271686,366,24.62,10
1539,77927,286,464.55,1
1540,271686,997,388.01,8
1541,5158077,819,157.39,4
1542,365891,122,324.98,1
1543,200342,907,6.25,3
1544,110597,555,382.43,8
1545,272577,539,267.54,5
1546,275612,204,68.98,10
1547,9714,698,196.45,1
1548,299674,106,58.87,5
1549,261633,456,273.54,3
1550,377288,894,144.18,1
1551,5170997,373,343.69,9
1552,274699,737,464.02,6
1553,662953,220,25.75,10
1554,284294,264,170.28,4
1555,273383,440,236.98,1
1556,380673,213,363.72,10
1557,272411,402,94.97,10
1558,5157363,75,109.14,5
1559,342333,989,78.91,9
1560,283751,711,98.1,9
1561,297488,569,140.91,5
1562,306523,413,496.44,2
1563,680045,256,25.52,1
1564,378595,657,137.67,3
1565,297488,62,213.57,1
1566,687212,837,467.41,4
1567,672824,198,139.72,2
1568,7033014,473,176.93,1
1569,671930,685,257.27,4
1570,305802,311,37.98,4
1571,272163,929,49.6,10
1572,5676514,623,96.95,7
1573,378595,717,134.62,6
1574,275076,440,261.7,6
1575,5160460,450,269.91,8
1576,272411,752,382.69,1
1577,10933,269,227.95,5
1578,250717,410,353.74,7
1579,272163,577,355.25,3
1580,680287,326,481.21,7
1581,5165010,77,168.36,8
1582,274326,927,183.03,4
1583,5158588,681,349.38,7
1584,661401,914,189.77,1
1585,317726,413,415.15,3
1586,250029,501,49.43,2
1587,5082817,285,348.7,5
1588,200342,12,81.96,8
1589,342333,606,277.54,4
1590,258741,578,255.56,6
1591,671930,105,340.55,9
1592,5165010,385,282.92,4
1593,664303,109,273.39,9
1594,398017,691,258.21,4
1595,272529,763,390.45,3
1596,77927,412,137.97,10
1597,332278,185,84.67,7
1598,252212,80,11.24,3
1599,258741,876,70.28,6
1600,370545,693,324.31,4
1601,244959,273,361.92,2
1602,294266,347,316.65,7
1603,5158807,590,38.97,6
1604,5158077,538,387.44,9
1605,82090,920,260.54,8
1606,274780,317,123.84,3
1607,366351,968,295.36,7
1608,664303,404,210.88,3
1609,272577,487,350.19,8
1610,5676514,578,250.37,8
1611,5157363,108,22.81,1
1612,670451,447,324.09,4
1613,336566,169,357.14,2
1614,159278,325,325.3,9
1615,357092,144,457.76,6
1616,657343,22,169.89,8
1617,336566,276,117.88,2
1618,274257,669,257.59,6
1619,5164832,738,404.39,7
1620,661401,651,344.96,6
1621,284294,25,215.25,8
1622,332626,154,87.95,6
1623,662953,182,88.69,4
1624,365891,520,221.19,4
1625,290570,405,449.19,4
1626,370545,868,215.42,2
1627,284294,216,467.75,7
1628,5157522,703,236.9,7
1629,5159642,447,23.17,3
1630,275245,975,134.32,6
1631,287257,144,10.9,4
1632,5181911,645,103.44,4
1633,682978,364,233.09,4
1634,275612,613,240.01,2
1635,82090,223,495.4,8
1636,77927,97,73.97,10
1637,258986,872,295.46,8
1638,316067,491,60.51,6
1639,314906,598,179.62,1
1640,272529,628,330.45,1
1641,5157363,898,287.08,6
1642,274326,691,168.65,8
1643,5171372,24,337.23,10
1644,275076,65,343.69,4
1645,258986,271,111.71,3
1646,5181370,476,200.17,10
1647,306523,501,205.38,10
1648,314906,206,441.12,9
1649,309460,294,326.99,8
1650,320200,565,351.47,3
1651,159278,355,91.21,1
1652,252212,717,493.73,7
1653,7033014,387,158.07,3
1654,680287,115,256.34,9
1655,324282,354,59.14,9
1656,252541,504,127.37,6
1657,672824,207,87.91,5
1658,295897,914,391.41,1
1659,661085,301,463.72,9
1660,424688,712,340.3,5
1661,275245,28,397.67,6
1662,665505,408,86.29,7
1663,275245,100,222.79,7
1664,297488,752,55.99,6
1665,5159642,578,462.51,5
1666,272529,72,344.66,3
1667,370545,58,55.0,5
1668,250717,504,370.3,9
1669,9714,844,155.19,6
1670,283871,186,460.58,9
1671,317726,232,36.51,10
1672,250029,267,159.12,3
1673,7024694,9,427.01,3
1674,272529,783,56.14,3
1675,320200,990,140.54,2
1676,5082817,608,91.49,4
1677,671190,795,446.8,4
1678,284294,820,242.53,7
1679,370366,426,428.74,1
1680,281964,977,166.59,2
1681,286932,42,336.18,9
1682,5167862,760,54.81,6
1683,398017,254,218.04,5
1684,5159113,814,132.63,6
1685,274361,352,139.5,6
1686,281964,667,63.99,5
1687,671930,758,197.22,10
1688,316067,102,90.43,1
1689,7033014,768,343.19,9
1690,5158077,966,261.1,6
1691,671875,590,231.88,10
1692,272577,778,437.63,10
1693,7024694,278,96.72,1
1694,657343,3,351.11,5
1695,357092,240,96.65,1
1696,290935,417,316.13,4
1697,159278,581,24.34,3
1698,306523,125,22.02,1
1699,681616,937,209.95,3
1700,5171372,775,496.63,7
1701,306523,194,78.01,1
1702,273383,310,377.85,6
1703,7033014,375,289.06,9
1704,5159642,360,143.98,5
1705,275245,53,385.23,7
1706,276801,575,151.21,2
1707,5158588,235,88.52,4
1708,365891,832,101.09,5
1709,680045,376,98.24,3
1710,274257,205,380.49,3
1711,342228,827,266.58,6
1712,5158588,430,328.51,4
1713,271879,855,447.69,2
1714,5181911,589,88.28,2
1715,5025072,273,214.06,1
1716,5167862,324,341.65,9
1717,682978,215,178.14,6
1718,5181911,768,332.5,4
1719,380673,793,183.07,5
1720,680045,134,93.46,7
1721,258534,725,269.35,9
1722,283751,766,12.61,7
1723,661401,779,195.61,4
1724,671190,105,344.26,2
1725,365891,189,135.87,10
1726,682978,346,364.45,1
1727,10933,27,249.07,6
1728,82090,666,147.45,2
1729,5160266,223,218.52,1
1730,5157363,282,37.48,1
1731,5181911,582,243.34,1
1732,327643,284,207.76,3
1733,324282,193,233.26,8
1734,332626,802,55.54,2
1735,271686,771,18.65,2
1736,5159113,458,70.08,2
1737,5158588,207,158.59,4
1738,5173243,446,58.47,5
1739,181321,808,384.83,4
1740,5082817,408,432.39,4
1741,5158807,437,293.42,10
1742,5081799,198,315.83,6
1743,258534,35,480.22,3
1744,5081799,480,277.95,2
1745,324282,899,435.0,2
1746,283871,357,365.01,5
1747,5327219,719,279.34,10
1748,665505,796,258.17,2
1749,5181370,668,19.77,1
1750,413761,193,152.27,4
1751,10933,342,122.41,9
1752,252212,249,149.78,3
1753,200342,742,334.69,7
1754,272529,786,260.45,1
1755,9714,841,205.22,3
1756,181321,137,328.26,7
1757,661401,814,93.79,3
1758,389137,782,122.06,9
1759,389137,533,243.23,2
1760,5676514,625,354.36,5
1761,276801,406,59.03,1
1762,5170997,344,423.78,4
1763,681935,130,379.87,8
1764,274431,935,322.92,6
1765,370545,751,224.25,8
1766,250717,825,408.05,4
1767,680287,588,193.31,8
1768,389137,665,103.24,7
1769,5159642,862,102.82,10
1770,337428,416,456.81,1
1771,5160460,662,298.77,9
1772,273383,733,124.31,4
1773,10933,717,119.93,4
1774,661085,733,242.48,5
1775,159278,489,282.19,10
1776,670357,322,448.82,2
1777,661260,608,131.55,5
1778,327643,951,331.77,8
1779,266826,651,364.43,1
1780,152431,733,441.59,6
1781,5157363,49,438.28,5
1782,295897,875,287.87,2
1783,366351,998,166.61,8
1784,378595,790,148.19,4
1785,5181370,716,345.58,5
1786,295897,500,399.9,6
1787,7024694,133,208.6,1
1788,654066,487,363.46,1
1789,657343,124,52.02,9
1790,291641,109,65.24,9
1791,274257,207,210.96,5
1792,380673,438,363.4,5
1793,5157522,484,457.87,4
1794,110597,505,337.8,3
1795,672824,696,93.83,3
1796,261633,1000,212.94,6
1797,686242,427,140.24,3
1798,665505,761,38.38,6
1799,686242,608,413.76,10
1800,304530,556,175.05,10
1801,316138,329,261.24,1
1802,290935,764,290.46,4
1803,5181911,919,460.77,8
1804,274326,552,54.65,8
1805,181321,937,486.35,2
1806,366351,35,225.78,10
1807,275245,292,262.17,5
1808,297488,501,495.78,8
1809,5157363,997,92.0,7
1810,378595,437,368.96,8
1811,290570,224,343.11,3
1812,316138,767,115.96,4
1813,5173243,700,483.3,8
1814,252541,421,23.11,4
1815,283871,562,332.0,7
1816,276801,531,437.41,3
1817,341790,438,203.17,5
1818,657343,398,224.41,6
1819,686242,311,37.54,6
1820,328359,247,135.33,1
1821,272411,192,359.72,3
1822,5081799,698,491.24,1
1823,7033014,48,175.79,2
1824,250306,908,78.32,2
1825,250717,748,50.98,10
1826,365891,243,94.28,5
1827,681616,982,59.96,2
1828,274699,705,415.77,2
1829,663060,895,194.79,3
1830,258584,635,201.98,9
1831,671875,682,422.61,1
1832,5158766,658,372.31,6
1833,686242,146,265.84,10
1834,5157522,766,252.49,2
1835,5157363,418,349.82,3
1836,258584,41,295.74,10
1837,200342,228,98.3,7
1838,272163,420,67.26,6
1839,670451,291,205.89,10
1840,181321,860,249.57,3
1841,654066,484,45.69,9
1842,309460,116,270.15,8
1843,5222732,545,484.02,7
1844,5164832,665,350.61,5
1845,653813,636,75.57,5
1846,356804,10,286.94,7
1847,283751,604,403.19,6
1848,5181370,942,175.11,2
1849,275612,923,217.32,6
1850,159278,526,6.12,6
1851,258534,165,435.43,1
1852,271686,299,237.74,7
1853,324282,765,130.51,5
1854,281964,281,102.82,3
1855,413761,817,216.46,8
1856,342228,308,115.61,5
1857,5025072,989,448.91,8
1858,5158807,497,117.24,2
1859,306523,505,204.21,1
1860,244959,484,74.69,7
1861,665505,160,63.84,2
1862,665505,673,122.68,3
1863,275245,173,6.47,1
1864,365891,603,301.32,8
1865,9714,137,115.03,7
1866,657343,18,218.58,4
1867,295897,624,405.27,4
1868,398017,663,210.81,2
1869,670451,414,383.72,2
1870,5082817,769,357.49,5
1871,670357,495,431.51,3
1872,662590,519,201.3,2
1873,7024694,208,372.66,3
1874,5025072,150,283.75,4
1875,317726,595,262.82,2
1876,200342,964,138.2,2
1877,5181370,118,256.71,4
1878,261633,116,32.05,3
1879,5025072,536,62.15,8
1880,284040,315,241.37,9
1881,671875,140,152.84,9
1882,365891,55,452.15,9
1883,252212,321,477.14,3
1884,328359,229,439.98,6
1885,356804,25,25.44,6
1886,398017,965,410.57,5
1887,5676514,42,232.8,5
1888,5167862,291,28.23,8
1889,424469,195,63.4,7
1890,5181370,137,398.26,6
1891,328359,932,244.56,10
1892,291641,645,297.03,5
1893,341790,196,15.07,4
1894,5159642,421,23.35,9
1895,280074,579,217.0,4
1896,159278,909,254.9,10
1897,284040,832,83.66,8
1898,280074,346,188.93,9
1899,413761,637,6.79,3
1900,673581,793,71.01,2
1901,663060,546,17.37,4
1902,341790,944,440.74,10
1903,377288,433,35.38,4
1904,275612,301,282.48,4
1905,10933,996,294.67,6
1906,258584,825,7.18,4
1907,389137,740,308.07,5
1908,274699,394,424.73,5
1909,5165010,176,290.67,6
1910,682978,901,96.89,10
1911,5159642,332,277.57,2
1912,283751,361,350.4,8
1913,366351,27,343.63,2
1914,77927,778,308.0,2
1915,5159113,858,194.38,7
1916,309460,124,65.1,6
1917,662953,842,40.34,5
1918,5157522,413,307.7,10
1919,290570,90,184.45,8
1920,250717,750,6.02,6
1921,181321,325,78.96,6
1922,306523,543,350.5,10
1923,272163,560,380.27,9
1924,110597,418,293.49,7
1925,5222732,118,304.49,10
1926,413761,606,140.51,10
1927,662590,734,246.83,2
1928,662953,469,469.3,2
1929,5242257,310,195.47,9
1930,5085621,761,306.94,8
1931,110597,760,185.82,5
1932,424469,337,227.67,4
1933,266826,864,392.51,4
1934,670451,423,199.06,10
1935,181321,194,221.56,4
1936,290935,322,147.12,7
1937,290935,494,412.02,7
1938,272163,671,155.03,8
1939,5181911,810,366.82,2
1940,9714,166,464.15,7
1941,272163,299,385.49,10
1942,314906,514,435.48,7
1943,252541,703,75.16,2
1944,663060,6,204.27,8
1945,413761,655,17.69,6
1946,304530,138,263.7,10
1947,272903,982,499.37,9
1948,332278,580,271.55,8
1949,673474,31,431.53,10
1950,152431,664,494.96,5
1951,275612,338,169.06,6
1952,671930,139,216.93,1
1953,332626,560,275.65,6
1954,5158077,440,366.49,10
1955,682978,689,257.34,10
1956,294266,391,96.46,10
1957,686242,327,253.63,7
1958,328359,22,362.0,9
1959,274780,420,377.78,5
1960,287257,236,212.37,10
1961,286932,284,306.06,6
1962,271686,913,496.64,1
1963,297488,807,172.59,10
1964,671190,165,59.86,3
1965,110597,264,74.85,2
1966,181321,15,404.83,2
1967,389137,550,321.11,9
1968,5173243,965,186.47,8
1969,662953,288,31.18,9
1970,274361,585,53.38,7
1971,5676514,420,291.86,10
1972,309460,328,287.26,9
1973,671930,88,281.69,6
1974,349056,315,342.46,2
1975,283751,953,427.53,5
1976,681935,580,273.12,2
1977,271686,876,237.47,4
1978,287257,466,444.83,3
1979,274780,873,395.58,8
1980,380673,893,256.87,1
1981,266826,310,43.84,10
1982,272411,924,149.79,9
1983,275245,293,430.12,2
1984,682978,997,311.0,4
1985,5181370,210,30.82,5
1986,271686,674,376.18,10
1987,286932,937,236.78,10
1988,377288,366,11.78,2
1989,424469,425,328.88,10
1990,274699,724,97.05,3
1991,271686,288,49.03,1
1992,5327219,883,135.35,3
1993,5173243,599,118.91,6
1994,370545,516,366.19,1
1995,5082817,365,424.76,5
1996,324368,513,269.3,7
1997,671875,801,173.09,8
1998,77927,902,378.28,6
1999,5081799,233,382.2,5
2000,110597,776,143.16,8
