order_id,order_number,shipping_date,order_date,order_amount,order_status,customer_id,address_id
1,e3e70682-c209-4cac-a29f-6fbed82c07cd,2023-08-13,2022-08-08,553.33,Delivered,2,3
2,f728b4fa-4248-4e3a-8a5d-2f346baa9455,2024-04-30,2023-12-26,718.04,Shipped,1,9
3,eb1167b3-67a9-4378-bc65-c1e582e2e662,2023-08-09,2023-04-25,606.74,Delivered,3,3
4,f7c1bd87-4da5-4709-9471-3d60c8a70639,2023-08-04,2022-08-31,549.43,Pending,2,4
5,e443df78-9558-467f-9ba9-1faf7a024204,2023-08-02,2024-04-10,429.42,Cancelled,1,2
6,23a7711a-8133-4876-b7eb-dcd9e87a1613,2024-01-24,2023-01-14,649.44,Shipped,2,10
7,1846d424-c17c-4279-a3c6-612f48268673,2024-01-07,2023-04-15,443.21,Delivered,3,5
8,fcbd04c3-4021-4ef7-8ca5-a5a19e4d6e3c,2023-11-30,2023-10-18,892.86,Shipped,3,1
9,b4862b21-fb97-4435-8856-1712e8e5216a,2023-12-29,2022-09-18,964.03,Delivered,2,4
10,259f4329-e6f4-490b-9a16-4106cf6a659e,2024-05-07,2023-12-22,389.61,Pending,1,9
11,12e0c8b2-bad6-40fb-9948-8dec4f65d4d9,2024-04-08,2024-02-05,793.81,Delivered,3,3
12,5487ce1e-af19-422a-99b8-a714e61a441c,2024-04-24,2023-05-23,533.61,Cancelled,3,2
13,5a921187-19c7-4df4-8f4f-f31e78de5857,2023-06-17,2023-10-29,572.36,Shipped,3,5
14,a3f2c9bf-9c63-46b9-90f2-44556f25e2a2,2024-04-21,2023-11-08,926.34,Pending,1,2
15,8d723104-f773-43c1-b458-a748e9bb17bc,2023-06-09,2024-05-23,80.33,Shipped,2,1
16,85776e9a-dd84-439e-b154-5a137a1d5006,2024-01-21,2023-12-16,96.26,Cancelled,3,8
17,eb2083e6-ce16-4dba-8ff1-8e0242af9fc3,2024-05-03,2023-02-16,30.02,Shipped,1,10
18,17e0aa3c-0398-4ca8-aa7e-9d498c778ea6,2023-11-28,2023-06-06,834.29,Delivered,1,2
19,b5d32b16-6619-4cb1-9710-37d1b83e90ec,2023-10-29,2023-03-12,780.38,Shipped,1,9
20,a0116be5-ab0c-4681-88f8-e3d0d3290a4c,2023-09-27,2023-06-24,871.31,Shipped,1,2
21,d3fbf47a-7e5b-4e7f-9ca5-499d004ae545,2024-04-28,2024-03-13,978.83,Cancelled,3,2
22,baf3897a-3e70-416a-9548-5822de1b372a,2024-05-01,2022-08-07,801.17,Cancelled,1,9
23,101fbccc-ded7-43e8-b421-eaeb534097ca,2024-01-10,2024-03-12,466.86,Delivered,3,10
24,38c1962e-9148-424f-aac1-c14f30e9c5cc,2024-02-14,2023-06-01,782.72,Cancelled,2,6
25,247a8333-f7b0-47d2-8da8-056c3d15eef7,2023-09-30,2022-09-12,127.09,Shipped,2,4
26,1759edc3-72ae-4244-8b01-63c1cd9d2b7d,2023-07-18,2024-04-10,643.52,Pending,3,8
27,e005b860-51ef-4922-be43-c49e149818d1,2024-05-21,2022-10-18,151.92,Cancelled,1,5
28,7d41e602-eece-428b-bf7b-118e820865d6,2024-01-24,2022-06-17,945.22,Cancelled,2,10
29,4a84eb03-8d1f-49b7-8d2b-9deb1beb3711,2023-09-06,2023-05-08,526.63,Delivered,3,6
30,552f233a-8c25-466a-9ff3-9849b4e1357d,2024-05-20,2023-07-22,420.52,Delivered,3,9
31,3405095c-8a50-46c1-ac18-8efbd080e66e,2024-01-06,2022-07-04,271.91,Shipped,1,5
32,8c1745a7-9a6a-4f92-8ca7-4147f6be1f72,2023-09-26,2023-08-31,776.49,Delivered,2,5
33,1775336d-71ea-4d05-89a3-e80e966e1277,2024-04-20,2023-07-14,461.59,Cancelled,3,6
34,5129fb7c-6288-41a5-8c45-782198a6416d,2023-06-26,2023-07-14,572.75,Delivered,3,7
35,2f120554-4a53-48cc-bdfa-bc08935ddd72,2024-03-18,2022-07-27,28.6,Cancelled,2,2
36,0870e15c-2fcd-41b5-924b-ace4307bf326,2023-07-26,2023-02-13,621.46,Shipped,3,8
37,42930b33-a81a-4477-bb36-75b89cdeb3e6,2023-07-07,2022-09-01,615.97,Cancelled,3,4
38,adc0da7a-16fe-4aa0-91af-923d79fdef7c,2023-08-31,2023-05-06,620.76,Shipped,1,7
39,2648ee38-e074-45eb-a156-63abc1f254b8,2024-02-14,2023-02-23,944.31,Shipped,3,5
40,148b2758-d7ab-4928-89e4-69e6ec62b2c8,2024-01-06,2023-01-25,685.0,Cancelled,2,3
41,d450fe4a-ec4f-417b-b306-d1a8e5eeac76,2023-10-30,2024-03-03,365.91,Cancelled,3,3
42,d67e55fd-642b-4a42-aef9-c00b8a64c1b9,2023-07-26,2023-08-28,442.66,Pending,2,5
43,85940927-468f-453d-864a-7a50b48d73f1,2024-05-01,2022-08-17,700.65,Cancelled,3,6
44,37176e84-d977-4993-bc49-d76fcfc6e625,2024-03-04,2023-09-21,69.62,Shipped,3,3
45,d3447490-96fd-45d0-adf2-0806e5214606,2024-02-04,2024-05-26,670.1,Delivered,3,1
46,46743741-9466-4472-ab5f-5241f323ca74,2024-03-21,2023-02-20,673.93,Cancelled,2,2
47,a425799a-a905-4750-be1e-a9c573581a81,2024-03-07,2023-12-13,218.28,Pending,3,10
48,fb82860d-eabc-48d0-b341-facdff0ac0f1,2023-07-09,2023-09-21,137.64,Delivered,2,9
49,5306f3f5-1516-4570-9b7c-709acb175a5a,2024-03-07,2023-05-11,322.27,Delivered,1,8
50,964a870c-7c87-4b74-9d87-8f9f9cdf5a86,2024-03-30,2023-03-20,370.07,Shipped,2,5
51,30bcab0e-d857-4102-95d4-4936a1515607,2024-02-26,2022-11-01,574.49,Shipped,1,4
52,4562be7f-bb42-40b2-8426-465e3e37952d,2023-11-21,2023-03-30,444.22,Shipped,1,7
53,5f3f5638-3870-4a14-b490-b6081dfc8352,2024-02-04,2022-12-10,988.49,Delivered,3,8
54,6d16ee18-5521-46dd-aba4-b180cb69ca38,2023-07-04,2023-05-19,111.02,Shipped,3,3
55,c87a7463-19c1-4a0d-8feb-d845d0dfae43,2024-03-03,2023-09-30,216.79,Shipped,1,10
56,38018b47-b29a-4b06-9af6-6c5f2577bffa,2023-09-01,2024-03-07,169.7,Delivered,3,2
57,a25b59fd-92e8-4269-912e-cbc40b9475b1,2024-03-11,2022-09-12,656.58,Shipped,3,6
58,9a27d858-88c1-42ad-afbf-c19ee8f6cf32,2024-01-16,2024-01-10,260.76,Shipped,2,3
59,1fdb8b32-06d5-49e8-92f1-75ffae3b16ec,2023-12-01,2023-12-06,471.65,Pending,1,6
60,d480865f-9b38-4e80-b042-e325a28f5ab0,2023-12-11,2023-08-31,251.98,Pending,3,9
61,176ea1b1-6426-4cd5-9ea4-5cd69371a71f,2023-06-25,2022-10-16,167.38,Shipped,1,2
62,1db53334-fb03-43a1-9576-d4155ec17dbe,2023-06-12,2022-07-20,119.27,Delivered,1,9
63,31d0b664-0589-4877-9b02-52440950fd13,2023-06-03,2022-09-06,659.77,Delivered,1,10
64,b7d6467b-2f5a-422a-b87f-43fdf6062541,2024-03-07,2023-01-19,146.8,Delivered,3,4
65,ba26d851-35e8-479a-baaf-0e891fb797fa,2023-07-18,2022-12-27,204.62,Shipped,2,9
66,ade9b2b4-efdd-45f8-8fa3-4266ccfdba9b,2023-07-12,2024-01-11,375.04,Pending,1,6
67,9edfa3da-6cf5-4b15-8b53-031d05d51433,2023-10-16,2023-02-04,822.78,Delivered,2,8
68,11ebcd49-428a-4c22-95fd-b76a19fbeb1d,2024-05-20,2022-09-24,106.13,Delivered,2,7
69,4d125e7f-a59c-4c98-926c-bc8f38884479,2024-04-17,2024-05-11,839.57,Pending,1,7
70,0fa07a3f-2e29-4065-afa2-31e959acdd98,2023-09-20,2023-10-26,105.14,Cancelled,2,3
71,98b33c6e-0a14-490a-b795-e98680ee526e,2024-03-24,2024-01-06,976.69,Delivered,1,5
72,642aad48-fcfc-4a81-b306-d70019d5f970,2023-06-29,2023-05-27,473.96,Delivered,1,7
73,e786ab37-5bca-47be-8298-17c53308fb2e,2023-10-19,2022-08-07,976.99,Delivered,1,2
74,e6fd68e8-d69c-41c2-b860-1602bb4a06cb,2023-12-26,2023-07-31,608.8,Pending,2,6
75,b29c467d-2b5f-4932-91dc-59efeb21a3f6,2024-05-23,2023-04-19,741.87,Pending,2,6
76,c470f0e7-f76f-4fb8-b412-fc12ac322c12,2023-06-15,2023-01-16,48.8,Pending,3,10
77,28805c5d-ad1b-4f60-89e4-dab20edc6d2b,2023-10-26,2022-07-31,289.98,Delivered,1,8
78,878b9f6b-57a1-4b71-a975-d279d86dbf11,2024-04-29,2023-01-15,128.99,Cancelled,3,8
79,ebe21368-98c7-4205-9e01-a934402d0baf,2023-06-08,2022-12-14,303.18,Cancelled,2,6
80,0361524c-2cc0-4859-aa65-24ab713b7e05,2024-01-03,2023-02-13,127.54,Delivered,3,1
81,e66cd36e-68ef-4f5f-ae68-690a78bc7175,2023-10-22,2023-11-01,324.8,Shipped,3,2
82,eae2025e-8233-4e23-9ff3-334b91b15f5d,2023-12-20,2022-08-22,420.12,Pending,3,4
83,637e0edc-5b6e-4ae7-a620-81434fbaecc0,2024-02-10,2023-03-01,73.51,Cancelled,1,7
84,27460f22-403d-4f83-a859-890cd670f668,2023-10-24,2023-12-04,695.55,Cancelled,2,6
85,753c7c99-032f-46ca-b0d9-c2aa8f837ef7,2024-04-19,2023-01-10,570.94,Pending,3,8
86,bd30291a-55fe-408e-943e-2e04bdd7d19b,2024-05-12,2024-02-13,272.74,Delivered,2,10
87,2284b7a4-47e7-4593-8b58-85ca0bb2c3f0,2024-05-23,2024-02-19,528.02,Delivered,2,8
88,7b59051b-f400-48d7-831d-5a973d792fa1,2023-06-18,2022-10-14,103.0,Shipped,3,10
89,ac642b4c-49b2-4ded-9c31-d9b25a2b745b,2024-03-30,2023-09-15,580.19,Pending,3,10
90,e456697c-f268-4baa-971c-702d5bf49c04,2024-04-14,2023-09-08,930.0,Pending,2,8
91,21e15094-9efe-4464-9a90-f534a23d4c9d,2023-07-21,2022-09-30,325.38,Shipped,3,9
92,bf9cc545-6355-48f7-8f6f-a985b732d46f,2024-05-07,2023-07-10,670.74,Cancelled,3,5
93,14aa451c-a69c-4b85-9432-f8db6a174c1c,2023-07-14,2023-05-11,140.48,Delivered,1,8
94,b2d650af-313b-42b7-9836-31890063e42f,2023-08-12,2022-11-20,719.16,Pending,3,4
95,391cf046-3d4a-4d51-a8fa-fd04559b5975,2024-05-12,2023-11-01,296.51,Delivered,1,3
96,b5d97ef7-60ef-4471-b2b8-ff39a32c9b6f,2024-03-28,2024-03-13,191.36,Delivered,2,1
97,dfe1b307-9172-4f0a-ac7c-8803e01bbf50,2023-12-26,2024-03-14,590.65,Cancelled,1,5
98,df26f517-66fa-4989-8813-5d586a1689ad,2023-09-11,2022-08-14,29.91,Pending,3,2
99,c5adf681-6b10-453a-9145-de05b3ab1b2c,2023-08-29,2023-03-01,830.65,Pending,1,4
100,2a69acc7-0bf9-40ef-b581-6b74a985ab61,2023-10-23,2022-08-02,14.65,Shipped,2,8
101,b3969057-425c-4200-905a-da6b720299e3,2023-06-01,2023-05-03,681.04,Shipped,2,2
102,e28bc9ff-870f-484c-b244-f536285e25b4,2024-01-16,2023-09-25,277.31,Delivered,3,5
103,9a9e4310-8fb8-4bab-a875-4cd37cbd7025,2023-06-16,2023-10-27,737.84,Cancelled,1,10
104,09f6048f-e245-4460-8004-884cc167733f,2024-03-07,2022-07-10,962.57,Shipped,2,8
105,d675ebf7-4fe3-4c9a-9371-0f577e9cf84f,2023-06-23,2022-08-19,256.27,Pending,2,1
106,d29dc5df-cf1d-4110-8cc3-6d8c77863fe5,2023-06-01,2023-09-03,580.4,Pending,3,4
107,6a46721a-cffa-4cdd-b963-a7efe00111e5,2023-09-10,2024-01-29,596.12,Pending,3,5
108,f689a4a5-ffda-4336-8c6e-90373020da5c,2024-03-06,2023-08-16,576.53,Delivered,3,10
109,d663049d-155e-48b1-ba83-ada4a2121ac5,2024-03-28,2022-08-05,230.85,Shipped,1,3
110,03c54c71-fca0-4536-a169-df82b9bdee2d,2023-11-30,2022-07-27,953.22,Cancelled,3,9
111,6ae04d52-adb3-48cb-b315-8c0c66dd7794,2024-05-06,2023-07-27,452.65,Pending,2,2
112,03a89879-36a9-4d74-80de-59f550f0fc2b,2023-07-09,2022-11-03,847.94,Cancelled,1,1
113,faf1501b-009a-415b-8137-8be5b7a28e0a,2023-09-27,2023-11-26,702.48,Shipped,2,3
114,9cb017c1-8741-4e91-acfe-bb4bd29e8693,2024-02-23,2023-01-04,304.46,Delivered,3,1
115,9bbd750d-1e70-4c52-b0c1-fb6a19086515,2023-09-24,2024-01-22,815.66,Pending,1,3
116,4d6b234f-dfa7-46ed-b2d1-f81ba636425c,2023-07-21,2024-03-18,402.54,Pending,1,9
117,2ea60b99-fa7f-48bf-b044-284a47acf2f6,2023-12-26,2023-06-21,882.29,Shipped,1,4
118,ec3aa314-da9b-4017-b9c1-47c719a5711b,2023-06-20,2023-10-24,585.46,Delivered,2,7
119,0597aab6-14d3-4dbc-a0ac-f4c9658de17e,2023-10-12,2023-12-08,882.92,Shipped,2,5
120,ccc14d51-73f6-40d8-a9f4-1cc04653a560,2023-08-29,2023-08-30,695.61,Shipped,2,1
121,41a93f90-dc82-4527-9da3-b7e2cad6e514,2023-09-27,2023-09-13,728.0,Shipped,2,9
122,d138d150-8557-416a-a750-2a812227d96d,2023-11-22,2023-03-20,506.31,Cancelled,1,6
123,1d77ce40-58d8-4776-a51a-d4f3a699bae0,2023-12-11,2024-03-11,956.52,Cancelled,3,3
124,d9ead926-4745-4d9e-a789-6389df3277fd,2023-06-28,2022-10-05,647.55,Shipped,2,4
125,34ab18fd-0a68-488e-8ad4-041504c14982,2023-09-21,2022-09-24,429.62,Shipped,2,5
126,50910bdc-8ef0-46d4-8279-b14dae55cdff,2023-10-16,2023-11-09,610.33,Pending,1,9
127,914591ae-f03d-466a-9dec-c06af24dfdd8,2023-10-23,2022-10-30,29.0,Delivered,3,3
128,d8ab0b30-0ac0-4f0d-9974-c146e8ec01b3,2023-11-20,2023-06-13,308.56,Cancelled,3,3
129,9b8b71a1-b38a-45fb-b611-64cebfc74ca9,2023-10-31,2024-03-17,663.57,Shipped,2,3
130,a4e695c9-b65d-4226-be96-9cf3a7c5cb87,2023-06-25,2023-02-14,297.18,Pending,3,4
131,6f790959-a3e0-4b3b-b56b-0715e7180322,2023-08-17,2023-11-17,621.84,Delivered,3,1
132,2da44da1-89b5-4368-9f14-c6125f58d5b5,2024-01-19,2024-02-23,434.48,Delivered,1,5
133,4a814d53-964d-4b77-a025-f0ae35354579,2024-03-27,2023-09-22,144.12,Delivered,3,1
134,4578bab3-26a9-4465-a371-ea2c0247145f,2023-12-02,2022-08-03,305.3,Shipped,3,8
135,5e00ea6d-ca24-4e4d-9667-2017555a4085,2023-07-22,2023-06-10,574.27,Cancelled,3,6
136,c787ddfb-5697-417c-97fd-3736b7ef941c,2023-06-23,2024-01-01,594.96,Shipped,2,8
137,4505f4f6-0a8c-46c7-8921-5f4f9edb95f2,2023-07-25,2024-05-27,578.58,Pending,2,4
138,955d0e77-fb5e-4866-a640-211e29f2c3c7,2023-10-16,2023-04-29,656.67,Pending,3,5
139,fd42f697-6511-4656-9c64-60364a1eb1b7,2023-12-21,2022-07-09,655.58,Delivered,2,1
140,1d69d9fc-4b1c-48bd-a130-260c8c69778f,2024-01-27,2023-02-08,437.1,Cancelled,2,2
141,ef0a81ed-3d5d-40bc-bb03-78eb7a62722e,2023-12-06,2023-05-29,897.58,Pending,3,3
142,db66bfda-2df9-4747-8ed1-35530c5a876f,2023-12-21,2024-04-07,373.89,Pending,1,9
143,4d7bd307-1224-41e6-ba89-82dd85e69ea9,2023-10-04,2022-07-15,441.51,Pending,1,8
144,4c9a0ae1-5419-4efc-95e7-3e3f673617d9,2024-01-27,2024-03-28,893.0,Delivered,1,10
145,8f928dc5-1972-4ce3-9bd0-94486a2b3200,2024-02-19,2023-04-15,808.13,Delivered,3,6
146,564ae909-7958-4e69-bb2e-1b82e89dc815,2023-10-23,2022-08-09,706.85,Pending,3,3
147,cff4c56b-f9ea-4c64-8c41-7e7cd741d609,2024-03-22,2023-11-29,109.22,Delivered,1,6
148,1db2b452-7aa5-4a18-9fd3-c01757f98d1e,2024-02-25,2022-08-25,920.29,Pending,1,3
149,09aedbd0-6d31-4b4a-bf6b-8793b318ad4c,2024-04-24,2022-09-03,717.1,Shipped,1,9
150,afe6790a-bc18-440b-95c7-ed9d4d4985dc,2023-11-15,2022-11-18,998.86,Delivered,3,8
151,2aa36cf7-eb70-4a65-a7d9-9a23e4f7625e,2023-10-02,2023-07-03,157.95,Pending,1,2
152,ce5dc807-6025-4199-9082-3edaa0722aa0,2024-03-08,2023-09-23,869.44,Pending,3,2
153,16408169-a38d-4afc-bdd2-ed7af97ccc57,2023-06-11,2024-02-16,170.87,Cancelled,1,9
154,32b2c492-15ac-47a1-8eca-2ee310da8a95,2023-10-16,2023-08-03,619.4,Cancelled,3,4
155,62830869-0fa7-4e05-b897-4df5bff773ce,2024-05-20,2023-09-07,132.58,Shipped,1,1
156,8e751eb7-64d0-4913-991b-8adf0202861c,2023-10-01,2023-05-15,849.53,Delivered,1,7
157,eb8f2056-72d3-4c5d-8a31-b24384dd6da6,2023-12-02,2023-06-01,809.25,Shipped,3,10
158,b6e355f6-95bb-440d-89cd-4af97d161f29,2023-08-28,2023-09-25,573.41,Shipped,1,3
159,156af458-6c4c-4935-b79d-eda1ade6c5e9,2023-06-26,2022-12-12,413.11,Shipped,1,10
160,ffc573d5-fd0b-470e-b85a-f4635e4af862,2023-07-08,2022-12-31,78.48,Shipped,1,9
161,2aa50f4e-c6f0-4933-95d1-805142cb6d1d,2023-11-04,2023-08-27,700.45,Pending,1,4
162,1d7173e5-5bc7-4deb-b123-4efe6e648043,2024-01-10,2023-08-26,459.01,Pending,2,10
163,da54f267-dd13-4266-926d-53961058fe8c,2023-12-14,2022-10-07,724.84,Cancelled,2,1
164,869bdbd2-e72b-45b7-8712-0911b3b68b57,2023-12-04,2022-10-19,867.72,Cancelled,1,8
165,33a1d1c2-ad4a-4155-809f-cd8f739cd488,2023-07-08,2023-07-03,975.77,Shipped,1,5
166,41a8a6e1-65e0-4993-bf41-1fed1e70e799,2023-06-12,2024-01-28,857.25,Cancelled,1,1
167,ff3e0ba1-0ac7-48b4-a418-65bf350d278d,2023-10-07,2023-01-11,21.6,Shipped,1,10
168,9f982188-3744-4a64-8c24-9558f2ad985f,2024-05-07,2022-10-03,366.38,Shipped,3,4
169,755a3ac1-32ae-4a20-9ac9-02ee25777cf0,2023-08-02,2022-07-03,732.69,Pending,2,7
170,d3b564b0-8be0-4c3e-9c94-938160c6b3ed,2023-09-04,2023-06-20,179.91,Delivered,1,4
171,98a33736-fd1a-47ce-9ad0-a6f226bdd974,2023-11-21,2023-06-19,525.83,Shipped,1,1
172,905c053b-25fd-4cbe-bce7-1b48fba52e59,2024-04-27,2023-08-19,63.79,Delivered,3,7
173,6c596216-ae0f-4bc8-a36b-cb0167e98363,2024-05-09,2023-07-02,208.0,Pending,2,5
174,ade7cef3-7ed2-4c2f-856f-3d95e0ae1a1b,2023-05-29,2023-09-22,28.34,Cancelled,2,7
175,d5627386-528c-4241-a345-ac72eac39204,2024-01-21,2024-02-24,795.76,Cancelled,3,8
176,a2939b3b-7fa7-4d8a-bf88-ec827f99d273,2023-08-23,2023-01-16,231.69,Shipped,2,7
177,8af58903-33b5-43ce-9fec-4623ab899605,2024-01-23,2023-12-31,351.9,Cancelled,2,6
178,027c013f-3801-4399-ae6a-8e2f9c19ed34,2024-02-24,2022-11-10,928.8,Delivered,1,9
179,bf3df0bb-f66a-4168-b4a1-ca795718ada2,2024-04-17,2023-01-25,707.37,Cancelled,3,2
180,52631db9-d170-44ce-9179-7350e6256403,2024-02-03,2023-05-25,41.52,Shipped,3,9
181,dfde2281-25fb-4f3d-866d-7002091472ad,2024-04-03,2023-06-12,173.05,Cancelled,3,6
182,27e969e2-c8bf-43fb-9a43-1f7a41c30359,2024-03-11,2023-11-19,625.26,Shipped,2,8
183,4b5ca436-953c-478e-a106-7a8cd7a3283c,2023-07-26,2022-06-17,581.46,Shipped,3,7
184,786e30ef-ce9b-4e70-b4d4-dfccb7d779cc,2023-06-13,2023-11-19,245.51,Cancelled,2,5
185,843b2a7d-15ab-4c21-8cc9-3ff710fce97d,2024-02-23,2024-01-08,934.87,Delivered,1,6
186,10fc9eee-0a17-47f7-aa5f-24b6de6fec4b,2023-12-07,2022-05-30,617.83,Cancelled,1,3
187,4cea2df0-0a66-4c4e-a168-1081399f8a8f,2024-05-28,2023-07-13,540.28,Delivered,3,8
188,72d6bc20-d80d-4a1c-8247-2fd603e9ba02,2023-07-28,2022-06-11,594.01,Cancelled,1,10
189,ccf719ab-2922-4bd8-9ca5-b35354a1d505,2023-10-17,2022-09-07,732.82,Shipped,1,10
190,75f2bc20-a7f5-495c-9e62-d43f261908b9,2023-09-11,2024-02-24,318.83,Shipped,2,8
191,61d9fe39-8147-48f4-9f0e-f320f7f60e7f,2024-04-14,2022-07-08,404.24,Cancelled,3,4
192,089b30a0-809f-4923-87a1-798fe6addd9e,2023-11-22,2024-03-22,217.75,Pending,3,10
193,cb4d18d6-adb6-4a35-9734-a26c92e94e89,2024-04-27,2023-09-28,194.33,Shipped,3,10
194,99a2ecb1-c202-487b-849b-8a44ce1bb02a,2024-02-11,2023-12-09,944.93,Delivered,2,1
195,6d265dd8-bf39-4fbb-938c-3460fd938adc,2024-05-28,2023-10-04,742.16,Delivered,2,9
196,4a276dda-34c3-494a-812e-a9b8e7e13ed8,2024-01-03,2023-12-04,495.55,Pending,1,2
197,6af79ad2-993e-48c6-a6b1-06e289110af0,2024-05-20,2023-11-15,235.14,Delivered,3,1
198,d872298c-7b72-490b-b8f8-f071d360da69,2023-07-31,2024-03-13,261.81,Cancelled,2,8
199,9b8086da-6379-4035-b8e4-5086ca819c6f,2023-11-06,2023-02-16,67.45,Shipped,2,6
200,dd620222-d9ef-428b-bbcb-50b3961d8dcf,2023-12-26,2023-03-04,440.07,Cancelled,2,5
201,e2a01335-a830-43ab-853e-4b42cc4da021,2024-05-21,2023-09-15,318.68,Shipped,3,4
202,4d6cd782-2e95-43ea-bda1-7da2000fc63d,2023-12-22,2023-06-20,699.38,Delivered,1,4
203,552ae5ca-4124-405b-91fc-fe8881c16e98,2024-04-09,2023-10-07,383.97,Delivered,3,6
204,4312ece2-dc21-41e1-be56-ac3d10cc8711,2024-01-14,2023-02-22,187.81,Pending,3,1
205,c5c14262-4d84-4ec5-9334-886ff164f9d8,2023-12-02,2023-03-31,34.43,Delivered,3,5
206,6238d0a0-cf5e-4ea3-a258-4ab368777bab,2023-10-19,2023-03-11,76.58,Pending,1,9
207,ef7e85ec-a417-456f-a9ee-7f3d0ff030b8,2023-10-10,2022-06-26,682.6,Cancelled,3,7
208,babd4745-497e-4f1a-bd2b-f042209818d1,2023-09-14,2023-11-18,459.16,Pending,2,8
209,f11ddff7-0e37-4526-9582-a3bdd476fe38,2023-08-14,2023-07-18,541.21,Pending,1,3
210,2412579d-6af9-44e0-bb38-785b0932f5b6,2024-05-15,2024-03-06,897.7,Pending,1,9
211,9a1a7d6f-dd02-4100-a3d4-84087de8a234,2023-12-11,2023-11-19,990.44,Pending,3,4
212,b2ddc481-ac6d-4df8-94e5-064cb799ae8e,2024-04-09,2023-03-28,224.73,Cancelled,1,3
213,5a4f4145-fc98-4279-8f6f-111c26c06e67,2024-04-16,2023-12-16,666.45,Delivered,1,4
214,775e0ec3-9c9d-43f3-8901-8aee69407be7,2024-05-07,2022-07-14,270.69,Cancelled,3,9
215,19faa06e-0c0a-4967-b579-501a62fda854,2023-08-24,2023-09-06,30.44,Delivered,1,10
216,052daad3-26c0-4984-8734-bb05788c31f6,2023-09-29,2024-04-08,760.79,Pending,2,7
217,21f8c156-9e0d-445b-992a-34a1084fa819,2024-01-15,2024-03-10,326.82,Cancelled,2,9
218,b3386c3e-1af4-487f-92eb-dac5a1457899,2023-09-23,2023-01-15,389.63,Pending,2,9
219,31e9ca80-58bf-4b9e-a624-5b598c94af98,2023-07-20,2022-12-20,592.43,Cancelled,2,7
220,c707aef9-c6c3-444c-888e-03b662276cbc,2024-03-02,2022-12-30,832.74,Delivered,1,5
221,0f66b32d-e19b-4837-9c6a-4b5e7d859725,2023-12-16,2024-03-07,632.69,Pending,2,3
222,9d44c93e-7799-48e2-b368-c5539c30ceaa,2023-12-11,2023-02-03,873.92,Delivered,1,10
223,a6855857-567e-4862-af15-1673a1df3da7,2024-02-13,2023-03-27,280.81,Pending,2,8
224,b6af98b2-aeba-42d0-b830-32491fd3af07,2023-07-09,2023-01-25,800.07,Pending,3,7
225,d960af85-c9df-4e44-8bdf-fa7d9f3dd894,2024-04-30,2022-12-09,193.78,Delivered,3,10
226,633cbf79-e96a-41af-b55e-3aa2208a393e,2023-11-20,2024-02-24,953.26,Pending,1,9
227,beebb4ea-eab9-421b-8b36-b545cca1a034,2024-02-06,2023-04-18,690.61,Pending,3,3
228,fbbff9e0-ae56-402a-b521-ca9fdf5e6f78,2024-01-03,2023-06-23,223.35,Pending,2,3
229,dc45488d-84dd-49b9-9f1e-0ee9cf6c9992,2024-01-05,2023-03-18,947.9,Pending,1,3
230,09c67417-306a-4871-beef-71cbc915d113,2024-02-12,2023-01-29,733.55,Shipped,3,3
231,5f1ff97c-71cf-4814-a45b-d776c838a145,2023-06-30,2023-03-20,261.4,Cancelled,2,10
232,5b471c43-7499-428c-b0c3-2323c1b199c4,2023-11-26,2024-03-13,221.18,Delivered,2,6
233,f4dd05d5-1349-447a-a1cb-a182ca20854d,2023-08-13,2022-12-19,523.02,Pending,2,3
234,0a3c2c6f-ef2d-4a38-a6e4-b8df0b6d9611,2023-10-18,2023-10-20,35.41,Pending,3,3
235,06d2ed7c-e6ac-4d8a-8160-ff927c7550f2,2023-12-02,2022-11-01,215.4,Shipped,2,3
236,91bacf80-aaa0-4996-8522-dc4ef1dd50bf,2023-10-05,2024-03-23,430.44,Pending,2,8
237,3acaaf82-374a-4cc9-a039-7e67926146de,2023-10-24,2023-05-05,380.43,Shipped,3,9
238,e27ac8e9-d1c3-41bc-86be-643217ee0eb0,2024-02-20,2023-01-02,468.94,Shipped,3,5
239,809e2109-c786-4a38-a09f-1aede38690e7,2023-06-13,2023-04-07,284.85,Shipped,3,10
240,81d1bf06-6b8c-46f2-8611-f583b2d10e3d,2024-05-13,2023-11-20,590.92,Cancelled,2,9
241,254bf7ae-1d0a-4994-b20b-575d4e28e674,2024-01-05,2024-02-14,865.22,Delivered,1,10
242,6c0be55c-90e6-49e1-a44f-c3a96d0c62c3,2023-07-27,2024-01-13,126.36,Cancelled,2,4
243,1ad1daaa-ef8d-4ff0-9583-1feeec41e6f6,2023-12-18,2022-08-31,522.21,Shipped,3,10
244,6a480542-1965-4435-901b-b5fa6a677623,2023-06-27,2024-05-05,140.75,Pending,1,6
245,f45da406-bbf9-4b01-a7f9-e728c618fc1e,2023-11-28,2023-05-12,719.69,Cancelled,3,7
246,6e5bac20-725c-4675-8a95-71e407dc02b1,2024-02-05,2024-04-23,402.1,Pending,3,1
247,7f22cd12-07b6-408e-aac1-ca75afb918c8,2023-10-29,2022-09-30,569.77,Shipped,1,9
248,53125ffd-f655-460b-9d32-e231eb561699,2023-09-20,2024-04-15,191.45,Shipped,1,6
249,5a3da367-141b-4a1b-80a9-78bfb8f8903b,2024-01-30,2022-10-17,153.4,Cancelled,2,6
250,b1182d23-5bf8-4676-9f12-a0e912011caa,2024-05-05,2024-02-23,493.18,Cancelled,2,3
251,2d8b5b41-590e-43da-986f-1721078548d7,2024-04-12,2022-12-12,362.06,Pending,2,9
252,3b019fcb-f96d-4403-948c-93f3028d042b,2023-10-17,2024-02-02,941.03,Shipped,3,7
253,98ba0f0e-120d-4126-9da5-3b38d1aa6c5e,2024-04-09,2022-09-25,767.67,Shipped,2,6
254,00d3d1af-353e-4c86-a4ae-ba79e4b82987,2023-07-10,2024-02-12,751.18,Pending,2,9
255,bb6b0095-ac7b-4ab2-a8b5-6f85346d2b7e,2023-06-19,2023-09-24,904.68,Shipped,1,2
256,bf7b68ae-1f89-41b6-a6a1-a40bf031f4b9,2024-05-22,2022-08-25,92.59,Cancelled,3,3
257,b080e003-5e7f-403c-8b13-47f601d6d903,2024-03-03,2024-04-12,556.67,Cancelled,1,10
258,3b9cea95-9ad7-458f-aecb-325b064f768d,2024-01-09,2023-04-11,588.63,Cancelled,3,8
259,743c7e9d-2fde-4035-a452-bc39dbf2eed1,2023-12-19,2022-10-10,962.32,Delivered,3,8
260,b51d70d8-582d-4972-ba08-9ca81cc5a8a0,2023-09-19,2024-02-04,299.23,Shipped,3,6
261,0726d44a-2152-43c7-821a-a15ef58c43ce,2024-04-22,2022-07-07,248.42,Pending,3,10
262,55c36c3d-5cbb-4080-b547-5c5ef76dce6e,2024-04-05,2022-06-25,109.29,Cancelled,3,6
263,4bdd5f99-4ae9-4e11-b5fe-0213792ecd75,2023-11-21,2023-11-18,26.27,Shipped,2,8
264,8d9ecfb9-f549-4e22-a0df-7f74efe78b60,2023-08-17,2022-08-02,930.23,Cancelled,2,2
265,97d01e70-2f1d-4bef-93b5-3b92a2cb5f38,2024-01-31,2023-11-25,673.22,Shipped,2,7
266,88819f42-1a42-4629-94af-e646fe3216bd,2024-02-18,2022-08-06,787.3,Pending,2,8
267,606821d6-280a-47ee-8ec9-85ff94b28b9d,2024-05-27,2024-04-14,288.91,Delivered,3,4
268,200f7753-f217-4aac-a59c-ff81e5ce0ca6,2024-03-13,2022-09-06,590.55,Cancelled,3,10
269,82221345-50de-4292-b90a-9016cdec85da,2023-07-01,2023-07-14,73.32,Cancelled,2,9
270,2f16fb50-c13e-46af-bc95-90d33e2aad3e,2024-05-25,2023-09-13,490.77,Cancelled,2,4
271,a9c72e7b-6b77-4df1-9f59-aa2c4a82e06a,2024-04-05,2023-02-20,977.72,Cancelled,3,6
272,99e8c828-21da-432c-9c68-d4fd0bd7696f,2023-12-28,2022-08-07,877.74,Delivered,1,9
273,b3c161c3-13f2-437c-a4d0-27590542bd75,2023-09-27,2023-05-20,344.78,Shipped,2,4
274,4ca49aaf-6b94-4e09-a1cc-14b312bdf75f,2024-02-21,2023-01-29,961.95,Pending,2,9
275,ed28508d-bdaa-4bfa-aab0-15638cffbbb1,2024-01-02,2024-03-10,239.38,Delivered,1,6
276,4c4b91fe-6c14-4fc6-9750-ca7e246cb09c,2023-07-03,2022-10-24,949.83,Shipped,1,1
277,3f80c31f-15a5-412c-9ac4-b6c7a31034dd,2023-12-21,2022-11-08,941.96,Delivered,1,5
278,a3155940-5e87-405a-a1fd-cdf171df24d9,2023-06-05,2023-08-08,801.21,Delivered,1,6
279,605dd4d6-0ecf-495b-877a-2133f2ed33e1,2024-03-12,2023-04-18,634.14,Shipped,2,5
280,f642c8f3-6acf-49eb-8228-4fd9689bba65,2024-03-25,2022-12-24,875.55,Cancelled,2,2
281,70f8dd99-5217-4eb7-a6b9-20daba6a098f,2024-02-20,2022-09-08,300.09,Delivered,2,10
282,f3cc9d8a-4b16-48e4-9f20-f4063438b4e4,2023-07-01,2024-02-01,850.45,Delivered,3,8
283,2f7a304f-f344-4911-974f-7a54788c161e,2023-12-30,2022-08-06,621.7,Cancelled,1,2
284,1cb66f67-46e7-45ad-9bce-35d8cbe88a3f,2023-10-19,2024-03-19,23.1,Delivered,2,1
285,27649a62-b02d-452c-9b05-0db28ee4fd02,2023-07-14,2024-04-15,353.76,Delivered,1,4
286,eda2fc4c-7237-4420-b3dd-77e1cbb02fe9,2024-04-19,2022-09-01,156.66,Shipped,1,1
287,6bf4d047-c484-4a8d-af75-1bde66163e5b,2024-05-07,2024-04-03,982.01,Pending,2,8
288,f5a3e893-3f7a-4748-acbb-93c26e84f8ea,2024-04-30,2022-12-09,483.59,Delivered,3,1
289,85fa2d5c-efe6-471b-9723-a95974151acc,2023-12-09,2023-12-29,502.42,Delivered,3,7
290,a1ab17c0-7662-49cc-9af9-5c78247f4d97,2024-04-09,2023-01-21,643.08,Shipped,2,5
291,c149fa8e-7bb8-42f1-9624-d318a32652e8,2023-08-09,2023-04-19,374.9,Pending,3,6
292,d4864482-0078-4b12-8b73-50d13421beaf,2023-09-14,2023-10-30,145.53,Shipped,3,1
293,764657ca-9e65-436c-b2f7-74b1b2f11ef9,2024-04-25,2023-07-02,823.9,Cancelled,3,1
294,1d4d1180-4c6e-4fbb-b7fe-f6b501fda698,2023-12-31,2023-12-01,197.95,Shipped,1,3
295,4d18c103-a100-4d14-ba92-cd28c4c536fb,2023-08-19,2023-03-14,516.21,Delivered,3,4
296,6c98f73d-27fe-4b4b-9bf1-f1d18b92c247,2023-07-15,2022-07-13,232.07,Shipped,2,1
297,17b18e6e-78af-458e-8058-a332b4cfafa8,2023-08-20,2023-02-04,106.87,Cancelled,3,1
298,f5feba5e-c295-4f51-bf67-ee1aad9d1f42,2023-11-26,2024-03-05,863.57,Cancelled,1,6
299,67c21355-c312-4af6-8b32-992a3b7c1f9a,2023-09-17,2024-01-05,973.19,Shipped,3,3
300,0588d91d-fbe8-4a8e-a1cf-0d1d47b3df41,2024-02-21,2024-04-05,961.23,Delivered,3,2
301,ab2212c9-e23b-480e-8523-dbbb1eeed219,2023-09-05,2023-08-02,907.49,Delivered,2,5
302,65ff6adc-41ae-43f7-8010-98240a614be3,2023-06-26,2023-01-23,776.31,Cancelled,2,7
303,b5c03f6f-94e4-4c44-a3fb-dbda86ae9d5c,2024-04-21,2023-05-16,339.81,Pending,3,2
304,bf1df687-1a1e-4042-b1d0-4b0f656fa7e6,2024-01-26,2023-05-24,90.29,Cancelled,2,8
305,df0d6301-488c-4c4e-9a94-14b840aaec7a,2024-05-19,2022-11-24,413.17,Cancelled,2,1
306,322f1499-e8a5-4f31-ac2c-10d0c15648ff,2023-08-03,2024-02-24,239.91,Pending,2,8
307,120961ea-0913-4087-95d3-8ca9986cc8d5,2024-04-11,2022-07-11,141.16,Shipped,1,5
308,889c8ae2-4e3c-4f2d-8332-559dcad00273,2023-06-04,2023-01-26,62.89,Pending,2,1
309,dc0520a4-87ba-4b90-9e41-5c4e57030ede,2023-12-11,2024-05-13,728.34,Delivered,3,7
310,c31277fd-eb83-4f16-a404-d8083fc18c00,2023-11-20,2023-07-12,21.31,Delivered,3,2
311,dc66a27b-6a32-4333-916e-8a6429deb984,2023-07-14,2024-04-17,772.87,Pending,1,7
312,22696227-8513-491e-8862-2a674a294067,2024-03-22,2022-06-02,155.48,Cancelled,1,8
313,35d4cd35-a08c-4a00-85e7-425092f078b8,2023-09-05,2024-01-12,88.73,Cancelled,3,8
314,f4a5cc36-692a-4bce-9af5-5c2688083ebc,2024-04-21,2023-08-29,98.71,Shipped,3,1
315,bdce29ef-6746-40eb-8b27-9c29a274c0d7,2024-02-08,2024-02-14,675.33,Pending,1,10
316,47534952-c9c5-4ef1-a76f-8a76c74f11cd,2024-04-04,2023-11-17,252.91,Shipped,2,10
317,9177b6d4-5f2e-4167-b13e-ceb14ad12b4c,2024-04-10,2024-05-28,426.33,Pending,3,3
318,1f9078d5-2835-4cdb-a347-b24fa0f9c074,2024-03-13,2023-01-30,561.8,Cancelled,2,7
319,66b62087-61a5-4fdd-9eda-4209b270af55,2024-02-22,2023-11-23,861.95,Cancelled,2,7
320,8f42cebe-23b8-40f3-b7cb-1a27974fdedc,2023-05-30,2024-02-05,729.77,Delivered,1,7
321,a1d20ebc-5aa3-492a-8c88-b9d8ab12fb53,2023-07-20,2023-10-17,277.62,Cancelled,3,10
322,37cf8025-6a44-4a90-be0a-5a5679009c61,2023-08-12,2023-12-28,140.17,Cancelled,3,7
323,8066b49b-b1d7-42a0-bd25-cefb7a0a02ba,2023-12-26,2024-01-17,64.82,Pending,3,5
324,f55b2e5c-a6ed-4ac0-be22-e1b751783032,2023-05-30,2022-12-13,308.58,Delivered,3,8
325,248f4a25-4cd8-4f24-b1a8-c9c60f6ab75b,2023-07-14,2022-12-22,269.5,Cancelled,3,7
326,e32866d3-0d6a-48b0-beda-9ab9bec60ffe,2023-11-22,2023-03-20,461.58,Pending,2,6
327,5afb9565-068a-4c38-b739-076a9f032cdc,2023-06-13,2022-06-15,686.45,Pending,3,5
328,fe2d9d1d-e377-4008-a416-59c078b61daf,2023-09-22,2024-03-20,698.67,Pending,1,1
329,fa999f9b-86de-4365-98a2-30de02969326,2023-08-17,2024-01-11,290.68,Shipped,1,9
330,14d4dad6-ddfa-4808-afd8-643211035083,2023-07-31,2022-09-02,386.13,Shipped,3,5
331,ecb3d561-bdf0-4015-b305-ee95afb120f4,2023-09-21,2024-01-17,189.34,Shipped,2,2
332,5c7cbc62-01a4-47a1-a526-4961ab4414ae,2024-04-15,2023-01-24,790.66,Delivered,1,4
333,00f520f4-9ef1-4846-9dbc-24fd0a8aa1e4,2023-08-21,2023-08-15,66.28,Cancelled,1,7
334,a3ef802e-df86-43ce-8534-32cdffeb5d5f,2024-01-21,2023-05-21,700.03,Shipped,2,1
335,e695f8ba-ba23-48fe-8ae3-02f3b31e9be8,2024-02-21,2023-04-19,780.91,Delivered,1,3
336,92a651d7-c069-4542-a403-97213a082921,2024-01-31,2023-08-17,779.63,Cancelled,1,10
337,6f1bdd07-1aff-41ae-b0f2-c48549b564fb,2023-08-06,2024-03-22,266.83,Shipped,1,9
338,62565a95-5487-45c3-b762-6f4975fd3537,2023-10-04,2023-03-27,380.08,Pending,3,2
339,a5e3a719-6bf5-4dfd-94a8-762b2b12c92c,2023-09-05,2022-06-17,591.72,Delivered,3,4
340,25e4979d-6f6d-4f79-affe-2554e5aef699,2023-12-12,2024-02-10,280.09,Shipped,1,1
341,25c29b6a-b575-4c6e-aee8-4bcb7281b8a9,2024-05-17,2024-04-23,377.14,Shipped,2,10
342,35783f66-2114-42d6-90ea-1324862f78e1,2023-08-16,2024-01-09,205.08,Shipped,3,9
343,596305b3-71b2-41e4-afd3-b9f2e90f79f8,2023-12-17,2022-09-20,465.26,Shipped,3,6
344,6d62e40c-638d-421a-bbc5-9e92ca1209ad,2023-06-21,2023-04-01,54.17,Pending,1,3
345,bad3116b-63b8-4897-bdf0-fe6bce8d75f2,2023-10-13,2023-12-03,801.8,Pending,3,2
346,707421d4-3239-404b-8bab-5b51385c5fdc,2024-05-12,2024-02-19,86.19,Cancelled,1,7
347,b5c25d42-9626-48c4-b44a-f454f0a61c5e,2024-04-25,2024-02-23,523.65,Delivered,3,5
348,0884fd16-636a-4f8c-a7e3-f52c0cbf404d,2023-07-02,2024-04-03,313.74,Delivered,2,1
349,defa7864-15ac-45c3-a217-cf253be95767,2024-04-05,2023-09-10,581.77,Pending,3,1
350,be3feafd-0e96-4d9b-9d15-8e442fcf3b87,2024-02-14,2022-09-07,959.84,Cancelled,2,4
351,3baa17f9-2c62-4ac3-ad70-27cfa358cb1d,2024-04-28,2023-04-01,649.11,Cancelled,2,1
352,162d5c72-9ccd-4e1f-8c2a-bdaa9c5c11eb,2023-11-13,2024-04-29,45.01,Shipped,2,6
353,c061c99b-831a-452a-9e6c-8762b475e15e,2023-10-30,2022-09-02,436.1,Pending,3,4
354,e2091f49-e0a1-4d2b-857c-799848d002be,2024-04-20,2024-04-09,514.92,Shipped,2,7
355,0dcf035b-7552-46e8-a953-a1155a62ddc4,2023-12-11,2023-02-15,540.82,Pending,2,6
356,aa66b464-8420-48d9-b261-d0d2a1c2d9bf,2024-03-02,2023-08-03,684.58,Cancelled,1,4
357,8c141838-f468-40a2-a604-e5aff4db1c1e,2023-08-02,2024-01-13,284.82,Delivered,2,2
358,6e3c18c9-ef1f-40a3-bc02-ba67ee04bdde,2023-06-23,2022-08-04,137.57,Pending,1,7
359,413770e2-7d7d-41f5-b460-d20d94b9cdb5,2023-11-06,2022-08-19,398.75,Delivered,1,2
360,56525ce0-3725-4d0c-b9c4-5c38b440ffe0,2023-09-25,2023-05-13,956.84,Pending,1,5
361,0d742256-0b36-43cd-8acf-eba4441030ae,2023-12-02,2024-03-20,195.26,Cancelled,3,10
362,4a30f7cd-00fd-4c23-998c-a3b429b10823,2023-10-02,2024-05-07,904.94,Shipped,2,8
363,104dff66-23f1-467e-81d3-4690a795ac54,2024-04-08,2023-09-19,548.37,Delivered,1,1
364,38dfe76b-ae35-4290-ad80-ab08c963d148,2024-02-22,2022-10-15,462.34,Cancelled,2,8
365,8ec9ea98-6581-4934-9bcf-b1c4f87e3560,2023-10-16,2023-12-29,883.22,Pending,1,9
366,315e8080-7425-44e9-b891-aef5ebe0572c,2023-07-14,2023-02-28,464.02,Cancelled,1,5
367,9b3a0c89-1a32-4148-9bba-c83856e9b78d,2024-02-12,2022-12-08,726.93,Cancelled,2,2
368,51abf5e5-cb77-4e24-95eb-3a3de2014a45,2023-12-13,2023-08-03,405.04,Cancelled,1,9
369,e4bacd78-74ab-49fc-8930-d17952ab793f,2023-07-23,2023-04-17,905.0,Shipped,3,2
370,85a1282a-0761-485b-8168-705a533c9a31,2023-06-10,2023-06-12,693.12,Shipped,3,10
371,14827a89-5e63-44c6-b0ac-79dd0b5aafef,2024-01-09,2024-05-07,702.63,Pending,1,3
372,5882e3bb-8646-46c1-9eb4-e6c435a7c6ed,2023-12-03,2022-06-26,334.44,Pending,1,4
373,4053b188-339d-48f5-9658-b1b33012ae1c,2023-12-25,2024-02-26,759.21,Shipped,2,7
374,4d236555-bc50-44ac-baa1-72acac33f644,2023-10-28,2023-04-10,639.7,Cancelled,1,8
375,6279d944-dc28-47c6-8453-98134fee7144,2023-11-16,2024-02-06,247.62,Delivered,1,8
376,df39ccaa-580c-49fc-bb69-e69041300879,2023-10-19,2024-02-28,168.93,Delivered,1,8
377,4e49df56-0b64-4acd-bd6e-2667b6651d6e,2023-06-30,2023-11-18,798.43,Shipped,1,4
378,025b7c5f-1284-49d7-8d4e-2753ef26a5b7,2023-12-10,2023-05-10,959.57,Pending,2,7
379,702dc88a-b97f-43bb-becc-040c75ff93f0,2023-07-12,2023-06-14,463.56,Delivered,2,6
380,6980b561-cf1a-4cc1-aaca-38110c26e5d9,2024-01-30,2023-08-07,595.07,Delivered,1,1
381,70aaf525-75e4-47dd-be5b-637dfa98c115,2024-02-27,2023-03-14,859.15,Pending,2,10
382,3dbba3af-14db-4d22-95ea-e9d21e3d59d0,2023-07-29,2023-11-01,462.65,Shipped,2,9
383,275f275c-c3f3-474d-9386-1b58194665d3,2023-08-10,2024-02-12,952.36,Pending,1,1
384,36a5be06-eb52-4e01-a25e-651269fcbef0,2023-08-25,2023-01-30,579.99,Cancelled,3,3
385,d16903f2-13bf-49fe-9cdd-9f6c70cdc4a8,2024-01-03,2024-04-25,822.56,Pending,1,4
386,e2f88051-c13c-4688-8f1b-5be16d4ba69c,2023-10-24,2023-07-14,909.76,Cancelled,2,8
387,f57b8a92-0a12-43b3-a4fc-0dbad44f85e7,2024-04-17,2022-12-29,817.37,Delivered,1,9
388,38553ac8-7d71-4591-bfee-2fc72e2dffdf,2023-12-15,2022-09-24,167.82,Delivered,1,5
389,476c4878-deff-4d7a-9728-525620ca35ab,2023-12-07,2023-11-10,632.61,Cancelled,1,1
390,fea2a33a-51d1-4bcd-9a23-754bef38d426,2023-08-16,2022-12-20,404.45,Shipped,3,3
391,e64ddd91-8e9b-485e-9b77-0deb6f51ea78,2023-07-01,2024-01-10,72.09,Pending,1,8
392,c9fe6036-8a83-4fc8-9c2e-55624916e844,2024-05-01,2024-04-20,429.79,Shipped,2,2
393,c707e77b-4bf0-4e53-b608-8c973380dcfc,2023-07-04,2023-02-10,266.1,Shipped,3,6
394,764ab510-9acb-4588-8397-d4127118bb71,2023-07-15,2023-03-01,850.55,Cancelled,1,6
395,45c596d4-42d0-4ba3-a265-2c9e89421c6d,2023-08-08,2023-01-04,42.97,Shipped,1,7
396,9d683a9e-1e65-4ac1-843d-2c473b56735e,2023-12-26,2022-12-01,959.39,Delivered,2,3
397,2c2df3c2-1951-4f87-b63f-83c6c89309e9,2024-01-17,2024-05-28,361.82,Pending,2,7
398,37d316a4-3faf-4217-aa27-241fbb9e5a02,2023-11-02,2024-01-24,363.14,Pending,1,2
399,ff4533fe-bc6f-46ac-a139-d15d48d8b9ef,2023-10-20,2024-02-20,26.17,Shipped,1,1
400,89181ba3-bdee-4231-81a6-009ea8dce886,2024-01-18,2022-06-18,193.38,Pending,1,1
401,0cbdc014-dbed-442e-ada3-13e783e9973b,2023-09-01,2024-04-24,407.25,Delivered,1,5
402,45c190a8-a52b-40ce-a27b-585f1f2de275,2024-03-16,2024-01-21,930.0,Delivered,2,4
403,908e0372-bcbe-4a42-b89d-3fda1e454241,2024-01-18,2024-01-20,108.62,Cancelled,1,9
404,b76fc5b2-acc5-42df-bac4-9efa5be12d09,2024-01-04,2024-04-05,945.85,Delivered,2,8
405,483c1a4e-a91d-42cd-8bf0-6f64b4178592,2023-06-08,2023-03-25,870.79,Delivered,3,5
406,e6cd3595-d4f0-465d-bd68-17b638b80611,2023-10-02,2022-07-24,459.62,Delivered,2,4
407,4eb98768-84a5-41c3-9095-e4973d798f0b,2024-03-05,2023-07-19,333.43,Delivered,3,9
408,5f89d54d-3bcd-4aec-93ca-8c05acb5959f,2023-08-12,2023-06-24,240.42,Shipped,3,4
409,9501e917-496d-427b-baf2-f402a0e624f1,2024-01-19,2022-11-02,618.32,Pending,1,2
410,03f7ba05-cf4b-4315-a325-4d812bdfb727,2024-05-19,2023-11-22,42.74,Cancelled,2,10
411,5df2e073-53f0-4099-813d-d49a8d99743c,2023-11-06,2024-05-18,25.45,Pending,1,10
412,cfdef303-0679-4b47-a283-453695decd6e,2023-12-04,2023-11-03,434.51,Pending,2,6
413,27be0381-6544-497d-a078-9f97213c121c,2023-08-14,2023-12-30,77.39,Shipped,2,8
414,fdc12930-82ae-452f-ad40-76bcf9cb2ee8,2023-05-31,2023-12-14,259.42,Shipped,2,4
415,34dd7624-c3d9-43b0-a2b5-6be11392a255,2023-08-23,2024-01-11,228.95,Delivered,2,5
416,7f2a2e65-c659-4f7f-aa45-5fc7c80cb483,2023-11-17,2022-09-22,260.66,Cancelled,3,10
417,f8247e70-b219-4ff3-846a-c0d691ca9f9e,2024-01-05,2023-08-14,139.74,Shipped,2,7
418,21d32e24-bb89-4746-bc3d-a91136a52df9,2024-03-29,2023-08-16,21.92,Delivered,3,3
419,62759469-c28d-4ad5-bbd3-147dd0f0c75d,2023-09-12,2024-02-26,124.33,Delivered,3,1
420,21ee302e-974d-4d49-9bc6-98825a7c831a,2023-09-26,2023-04-14,622.3,Delivered,3,1
421,eaf94919-e69b-4971-bf9b-76efa1057256,2024-02-16,2022-12-05,974.51,Delivered,2,5
422,06a8e22f-d57c-4f0d-9db3-466d1ba6cc61,2024-01-27,2023-06-25,990.44,Pending,2,6
423,7d3c279b-5bce-428b-989b-b03086c47b06,2024-02-14,2023-05-24,414.96,Pending,1,8
424,f568c9c6-033c-4469-8f06-ea1874a26444,2024-04-14,2022-06-10,171.32,Cancelled,2,5
425,29bccee9-a71b-40ef-8e36-b82f3856be31,2023-06-30,2022-07-03,642.37,Pending,3,5
426,cf2a2198-7ea4-46f5-a10b-4aada92d6b05,2023-07-13,2022-10-13,495.4,Cancelled,3,3
427,8bc88bcf-7b1d-4049-bcc4-616df40d2a37,2023-11-26,2023-05-24,989.52,Cancelled,1,8
428,142a6c95-d908-4a42-b448-0761505e9c9b,2024-01-08,2023-09-22,74.65,Pending,1,7
429,66dfeb1e-9ab3-4c27-a32f-8c5b425832c0,2024-01-23,2023-06-13,785.4,Pending,1,4
430,5100f186-d25a-4049-b0e9-be17b4134208,2023-08-21,2023-07-23,295.51,Cancelled,2,10
431,f19b43da-6253-4fe3-8aae-b212c90ded29,2023-07-17,2024-05-23,249.0,Shipped,3,7
432,50ae2652-09cd-4bdf-b56a-f7370f2670d2,2024-04-30,2022-08-01,665.88,Cancelled,1,8
433,3fe65f90-f631-481e-bf40-1e04b9f94ec6,2023-08-24,2023-02-25,253.6,Shipped,2,5
434,ab1e6794-70f2-497a-9ceb-201357d9af8d,2023-06-04,2023-07-01,669.2,Cancelled,1,1
435,39d5b552-a867-40f0-a8e6-a772b9cde60c,2023-09-09,2023-12-27,522.14,Pending,1,4
436,298e9a79-abec-4c0b-981b-a30742965873,2023-12-04,2024-03-04,429.85,Delivered,3,6
437,92d6ff73-5b3a-4595-8458-92c14e0e15d3,2024-01-15,2023-08-25,559.14,Cancelled,3,5
438,a1645f58-bb78-4b2d-8ee5-144d8a1d8b42,2024-02-23,2023-09-20,294.18,Delivered,1,3
439,7db931ce-05a0-4421-9a79-b46a26b61b06,2023-07-21,2024-03-12,709.51,Delivered,1,1
440,3dd0c866-0649-4ef5-8fb2-de1ea0b976c2,2023-11-30,2023-12-28,420.71,Shipped,3,4
441,f20e8bda-39cc-4d88-832f-594d0b82b61c,2023-09-23,2023-07-27,366.94,Pending,1,6
442,d22a3a62-1109-4978-93a0-81a6a7647989,2024-02-18,2022-06-06,830.37,Cancelled,2,3
443,a9fa4ea6-f8db-4a4d-984d-3c020ff9d318,2023-10-07,2023-03-26,925.72,Delivered,1,8
444,ec071cf1-e476-48ec-a2c7-1d046c32faff,2024-03-20,2022-07-19,55.55,Shipped,3,3
445,245db6ca-6f6a-4196-b2ef-7dce376e22a6,2023-08-07,2024-05-01,240.3,Pending,3,10
446,a629d332-2d4b-45a4-8fdc-13515ba830dc,2024-05-27,2024-01-23,355.03,Shipped,1,2
447,c90853fd-fc9e-4692-ba62-6aee542d19c0,2023-12-05,2023-02-05,816.82,Cancelled,2,5
448,027752fe-61f6-4c6e-a89c-0559bf4fa4a3,2023-10-31,2022-08-10,985.64,Cancelled,2,2
449,88a0edce-4384-460c-a413-961f68c6dd5e,2024-02-18,2023-07-15,969.28,Shipped,3,10
450,fb0a6a90-bc52-434e-8dfa-4cc88805ae31,2023-10-14,2023-02-10,905.9,Pending,2,8
451,c2537638-7670-4835-b476-998dafc8128a,2023-06-10,2023-11-08,303.59,Shipped,1,7
452,1f626a97-ebe7-4f91-9092-0b690abc847e,2023-11-06,2024-01-31,992.09,Delivered,2,6
453,2bdb5720-63ea-407f-b436-498e68afe2b8,2023-09-11,2023-08-08,256.93,Shipped,2,1
454,9f312acb-2362-4bc1-8024-532000cbd313,2024-01-26,2024-01-17,114.85,Delivered,3,4
455,d70da545-8391-47a6-a977-4b71de6d2d7e,2023-12-07,2022-06-04,951.44,Pending,1,8
456,1463c5f8-25ee-44ab-b319-1702bb80d98d,2024-03-27,2022-11-15,241.09,Delivered,2,9
457,d4088ff7-d713-4061-bcc4-f772547e3918,2023-11-24,2023-04-08,692.87,Delivered,2,3
458,f22a4fc6-3f2d-48a8-ad20-481ad216ad53,2023-07-24,2023-05-03,67.77,Cancelled,3,1
459,e575ae93-ce74-4e8a-b4e1-680b05a02c72,2023-07-22,2024-01-13,733.4,Shipped,2,4
460,d69db137-c9a5-4cd1-be28-e8c52b395c4e,2023-12-24,2022-10-04,882.9,Pending,1,1
461,b7c144fb-2b16-4d04-8fb8-7c76af044a8d,2023-09-02,2023-07-21,279.71,Shipped,1,10
462,dd5aacc7-ed7a-4edf-ad5b-7d501417d4f9,2023-08-14,2023-06-26,385.27,Delivered,1,10
463,a0e77486-9ed9-4124-9a89-5c62990e8f01,2024-05-07,2023-09-14,380.55,Shipped,1,2
464,9d6c84af-266b-4d37-b5c9-9b49751f7e54,2023-07-18,2022-06-08,751.3,Cancelled,3,9
465,571aa4f6-40a2-4015-8a40-a3799a1ab357,2024-04-28,2022-06-29,245.43,Delivered,3,1
466,606375b8-bb93-4826-bcee-9d29ce4f1ca0,2023-12-11,2022-08-03,180.13,Pending,3,6
467,e3b4df81-eeb3-462c-a032-149d06fafb60,2024-05-05,2023-03-12,454.8,Pending,1,3
468,5bbdd1f4-16f1-4aad-bf10-7645094c0230,2024-03-31,2023-08-08,311.42,Cancelled,3,8
469,754724dd-269b-4c3b-abf0-f4bd4af0a6fe,2023-09-15,2023-11-16,840.8,Cancelled,2,10
470,298b7e5d-5b16-44ad-81e7-74de3c740119,2023-11-17,2023-09-16,245.36,Pending,2,2
471,566ff3ec-679b-49e8-80c3-2da9bc49b58e,2023-06-29,2022-08-15,507.37,Shipped,2,10
472,f1c58f44-7e08-4c1b-8da6-a326451437d6,2023-10-10,2024-02-20,943.16,Pending,1,7
473,87c47eb8-4f8e-4e01-83c8-e1046480fdc0,2024-05-02,2023-03-13,637.66,Delivered,3,6
474,780afabf-8cea-409b-89c9-4aa5e689e5e8,2023-07-04,2024-01-15,868.62,Cancelled,3,4
475,88239867-c5dd-467b-88f1-100bfa3222c4,2023-08-26,2022-10-01,940.81,Shipped,2,6
476,ef208346-432f-4308-8d56-206d920c3de9,2023-06-13,2023-03-02,753.26,Delivered,3,10
477,6522ff46-74b7-461c-89ce-15a8afd4fc7b,2024-04-08,2023-10-01,702.58,Cancelled,2,8
478,58ba0bf3-675e-4c52-9eb9-5739b8acdd81,2024-02-03,2023-09-01,968.29,Delivered,3,7
479,45e695b1-054b-4816-8d18-533e7efa2faf,2023-12-30,2023-06-12,994.46,Shipped,3,9
480,4100e665-08c6-46a9-bee4-e6bcbd6deb92,2023-11-15,2024-04-02,457.3,Pending,2,4
481,b3e4bd3a-94fe-41a0-ae2e-45a4ae4404d7,2023-09-01,2024-01-12,80.16,Delivered,2,3
482,feb46b24-4a2e-4d41-addb-0263c6a2894d,2023-12-29,2023-08-07,299.87,Shipped,1,6
483,c33993f2-3504-4f77-8317-c3d4afa4f554,2024-02-10,2023-10-06,160.83,Pending,3,2
484,62d59938-571c-4d78-8429-aeae877e5ea1,2024-03-14,2023-03-28,423.31,Cancelled,1,4
485,402988fd-f8cc-4f3b-959b-148ffa7bff5f,2023-07-27,2023-06-07,139.98,Cancelled,3,6
486,fb52451d-90e7-41a1-9db1-dfdc357f0a64,2024-01-12,2023-09-01,608.08,Delivered,1,7
487,f16f1487-f7f2-4e5c-8e07-55e354565b12,2024-02-01,2024-01-31,388.98,Delivered,3,8
488,ac825818-960d-4788-be1e-165decadbb86,2023-12-27,2022-10-22,896.43,Shipped,1,4
489,e02a35e9-ae6b-4c8e-8864-4581b8577478,2024-02-19,2023-04-28,968.12,Shipped,3,1
490,de386aeb-ea96-4be6-a99c-f16b5a7583c0,2023-12-04,2022-10-10,551.42,Pending,3,7
491,d8a1a546-54a6-487c-a72e-aa36e642965c,2024-05-12,2022-10-20,282.08,Cancelled,1,6
492,95be263b-0253-4c8c-91f0-c570bf5545ce,2024-01-21,2022-06-24,596.31,Shipped,3,4
493,27fa8b8a-909b-471c-8d1f-0a7fd0fce922,2024-01-13,2022-08-24,897.79,Shipped,2,10
494,4a8b77da-5cfa-48b1-9836-78eef3ca5f64,2023-06-02,2023-12-03,412.67,Delivered,2,9
495,7eaf1679-52b0-4994-8b1d-d9fda02ebb76,2023-07-20,2023-01-25,556.56,Shipped,2,3
496,6e566274-99c7-4bea-a756-264dc8649f78,2024-01-03,2023-01-06,278.94,Shipped,3,7
497,c9d0a7f4-0042-4fc6-ab87-71dffccae6b8,2024-03-04,2022-09-11,460.89,Cancelled,3,10
498,711fa10a-0b29-45c6-918f-f3582408c3c2,2023-07-20,2023-07-24,407.7,Shipped,2,9
499,0262a5aa-edec-41ef-9762-762620379089,2024-01-17,2023-03-28,255.93,Pending,1,3
500,e8ef99e9-7afc-40cd-b8bc-6621f2d7fe55,2023-07-24,2022-07-08,510.81,Pending,1,4
501,a9afa87a-d181-49bf-aa09-9a46f25a3c68,2024-03-03,2023-03-04,317.28,Shipped,1,9
502,9cb9f9aa-bf4d-4eaa-81f2-005bc7537df5,2024-03-24,2024-01-09,379.3,Cancelled,2,2
503,efa2ce12-8c83-4848-91fb-a56e300a2187,2024-01-11,2023-12-03,529.72,Cancelled,2,5
504,d48457df-f325-4f2d-8759-5b016c835975,2023-06-22,2024-05-10,753.09,Cancelled,1,1
505,10339310-2b7b-4e99-878f-40ed2c805ac7,2023-09-08,2024-02-14,340.17,Pending,2,2
506,94665d45-284b-4bcd-a3af-11d0a8ab29f1,2023-09-04,2023-05-27,924.92,Shipped,3,10
507,a1d33772-8101-4c5b-b110-397a1c2c7a34,2023-11-16,2023-12-29,863.7,Delivered,2,7
508,627b9de7-9ae4-45e0-8b1d-c2f8cbf1f93c,2024-03-09,2023-12-24,58.2,Delivered,2,3
509,4fb7c3bb-4408-404c-af44-6806c1378e75,2023-12-26,2023-03-24,261.11,Pending,1,3
510,c74dd25c-6dbf-459c-837d-975248f3531c,2024-05-26,2023-03-08,451.67,Shipped,3,3
511,47caf779-b7c9-4da8-91db-32f8fda834ea,2024-02-12,2023-07-12,113.58,Delivered,3,5
512,86fadb0e-89b1-40d4-8218-ca25f23db306,2023-07-19,2023-04-17,354.99,Cancelled,2,5
513,579e9a46-fd76-4f63-9163-de1d8df7a267,2024-05-21,2023-08-27,742.7,Cancelled,1,4
514,6e83a7b2-c857-48c3-b4a0-697630a31251,2023-06-19,2024-01-13,683.71,Pending,1,6
515,01847803-d840-4ccb-a446-eceecaa0a679,2023-09-27,2024-03-30,626.16,Delivered,1,3
516,c8dec9ab-27c3-4784-82e7-448cc0037457,2024-01-17,2023-09-11,713.42,Pending,2,3
517,c81236e6-ec77-4fc8-b38e-5adba93fa902,2023-10-18,2023-06-16,212.87,Cancelled,1,5
518,76d142d0-5c66-49bb-a257-4c5a903374bf,2023-06-06,2022-11-02,348.28,Delivered,3,6
519,e994f3e6-8fc4-4dd3-894f-7d5af313c0b0,2023-09-14,2023-03-17,679.48,Shipped,2,6
520,cc68fd3f-9d37-4a5c-a2fc-7fe3696100ac,2023-08-25,2022-11-08,880.44,Pending,2,2
521,e65a3ae4-3a72-417d-829e-d120cddb2316,2024-03-08,2023-11-12,548.24,Pending,2,1
522,fb46ed39-8772-4347-9cba-9be3040464c0,2023-12-31,2023-06-27,289.87,Delivered,1,8
523,31cb5e8e-ae25-42ca-a894-8b4cf0fcccc6,2023-07-20,2022-09-18,39.93,Cancelled,1,6
524,b3390a6e-a0b8-4e45-9abe-c113a1832fdb,2024-04-12,2022-09-26,713.23,Shipped,3,1
525,bc39e1b3-bb1d-4677-84e6-748a7f3ab7dc,2023-08-14,2022-06-18,17.81,Delivered,2,1
526,3df8eeef-e44a-41f6-9251-ad083fcb34fa,2023-09-23,2022-08-20,378.95,Delivered,3,2
527,c2112eda-f1e7-4a9b-af65-70d74643d705,2024-04-13,2023-08-24,535.23,Pending,2,8
528,92b95731-13f2-4c86-ab83-f00fed2ee36f,2024-03-04,2023-09-07,922.89,Pending,1,8
529,b6bca2a2-be79-4965-bc9a-923672bbe7b3,2023-10-30,2023-06-19,98.6,Pending,1,9
530,e51c0cdb-8247-44df-9d1f-8e30731c877a,2023-12-05,2023-12-27,411.88,Cancelled,3,4
531,19b53b7f-b47a-4dce-8f70-9452ce8c037e,2024-05-21,2023-07-02,34.07,Shipped,3,8
532,70c455a9-2a1b-4112-b033-1476f53fc3dd,2024-02-13,2022-12-02,349.18,Cancelled,3,5
533,6d3f4b37-ed90-41c1-90b2-e6e5ec6e61bd,2024-02-14,2023-12-09,626.01,Shipped,2,3
534,4598244b-f0bd-4405-a50d-d400a27ee80d,2024-01-24,2023-02-20,286.28,Cancelled,3,1
535,c1fa924e-e1bc-4fb2-afed-6cc540b000a4,2024-05-24,2022-06-30,217.65,Cancelled,3,7
536,53e83663-9c14-440d-9b2d-81ccc602bd20,2024-05-01,2022-11-03,124.55,Cancelled,2,10
537,7e15aa2c-07b6-428f-8e98-ce2517337a7c,2023-09-15,2023-04-19,581.37,Shipped,1,6
538,33e9e55e-4024-42a3-8334-f55802cee581,2023-11-07,2023-08-20,698.32,Shipped,2,6
539,6f844392-62f9-4bb2-a5dc-ac6cc329870a,2024-01-16,2023-12-19,675.24,Pending,1,3
540,ac4ebce0-a02a-4b21-a2a7-d0fcc683ad33,2023-08-23,2024-02-17,949.37,Cancelled,1,7
541,d2928f4b-e151-4a0d-b275-16ea63a6aae9,2024-01-20,2023-12-16,12.68,Pending,2,2
542,5ac5f4f0-771e-4087-952b-1ee109d5b64f,2024-04-23,2023-11-29,650.72,Cancelled,3,4
543,907d8532-2076-4932-919c-21edd47133e7,2023-09-18,2023-08-02,604.39,Delivered,2,2
544,d26eeeba-53ff-4644-8741-ee56b5e2834d,2023-10-10,2022-10-17,592.85,Shipped,3,9
545,ebc16f69-7946-4978-a5e9-675306389bd3,2023-11-09,2023-09-27,963.14,Pending,1,7
546,14dc01bc-0aa5-4583-a2a5-a421858da7da,2023-10-17,2023-10-18,26.7,Delivered,2,6
547,5c6be596-58f1-4c91-9d6d-47e490e0172f,2024-01-19,2022-12-10,699.52,Cancelled,3,6
548,b7a02afd-30d6-463f-91c2-72d801267789,2023-06-17,2023-02-24,815.54,Shipped,3,7
549,789a2829-8a66-4359-abe0-a1771c5e1698,2024-03-08,2022-12-29,514.71,Cancelled,3,5
550,d763b159-ed9a-489a-9085-2f4f0b09ec41,2023-09-10,2024-05-25,340.63,Cancelled,3,3
551,067fece7-f1ff-46dc-b45a-a79bd855fb35,2024-01-11,2023-10-20,792.93,Pending,3,1
552,2011bc8a-e7bf-4a96-a484-9eb55096ccf2,2023-10-31,2023-02-15,106.27,Shipped,3,4
553,a2b4d215-c3c5-407d-be29-2238fbfbe602,2024-01-07,2022-10-18,447.62,Delivered,1,10
554,2462c274-abbf-46c7-a80a-ee2a466bd06f,2023-12-23,2023-02-01,524.75,Delivered,3,5
555,ddda17a3-6779-4e0d-a5c1-df67987d616d,2023-12-04,2022-11-21,697.02,Delivered,3,5
556,29b49664-0f52-461d-82f1-240d4e5c6dd2,2023-07-26,2024-01-26,99.98,Cancelled,3,7
557,e91e70af-224a-4354-a490-7635201910c6,2023-05-31,2022-10-13,235.48,Pending,1,3
558,b75db71e-a453-4fe9-b48f-653e7b1bcb6b,2023-07-07,2023-03-01,416.2,Cancelled,1,4
559,bad4c288-0bf5-4ed8-b93c-2989c399fd7f,2023-10-16,2023-06-24,627.06,Pending,2,3
560,d2d07223-0b20-4e0f-8505-0a17d2e1ed4d,2023-08-31,2022-11-28,888.09,Cancelled,1,1
561,b2835498-be80-493e-b0f1-bb1d8e10fed6,2023-11-22,2022-09-29,622.64,Delivered,3,2
562,2e22fd39-f31e-4448-a323-c57fa197b954,2023-11-17,2024-04-30,142.13,Cancelled,3,2
563,d020baee-95fc-4389-8cd6-6756583e26a4,2023-12-03,2024-03-19,980.77,Delivered,2,2
564,2ca723c4-8f4e-4442-94aa-aefe153251c9,2023-07-16,2022-06-17,873.07,Cancelled,2,4
565,ccd9f2af-339c-4a75-83fd-46ffd03459a4,2023-11-27,2023-06-23,507.69,Pending,2,8
566,b56b9357-b34d-48b0-93f3-c15842ce91c0,2024-05-10,2022-06-29,923.12,Delivered,3,2
567,8476af98-425d-495f-8846-bf9040fe6898,2023-07-30,2023-04-11,545.97,Shipped,3,6
568,e8f58c5d-ffa0-4419-b4db-cc40ef7dee1a,2023-06-03,2022-08-17,924.07,Cancelled,1,8
569,72e6316e-e671-4ad2-81b5-468a27bb1580,2023-09-30,2024-01-07,831.6,Cancelled,3,9
570,a1ee691a-09e1-43b0-a71f-27728d7f7ba5,2024-02-12,2022-10-22,968.6,Delivered,3,6
571,83210210-a43c-491d-ad4d-a4ef95e38180,2024-04-08,2023-01-03,920.58,Cancelled,3,4
572,50eaa1d2-c1f8-490b-a55e-44b808a6d5b4,2023-07-07,2022-07-30,45.67,Shipped,3,10
573,31610b3d-1257-463c-b25d-cb50d15b5985,2023-06-09,2024-05-05,183.02,Cancelled,3,7
574,9c63765b-74e0-4bbb-8a80-33a7a5fd89c8,2023-09-19,2023-05-29,395.24,Delivered,3,2
575,85b303d3-756b-4c0d-8ff0-c8ac3d1cd68c,2024-01-11,2023-04-02,952.62,Pending,3,5
576,e9a4a856-556b-40fa-b5a3-cece28cdc38a,2024-04-29,2023-07-07,307.03,Delivered,2,1
577,c5826444-79fa-4501-a287-401ba7bbaa76,2023-09-26,2022-10-07,168.86,Shipped,2,7
578,1519401c-8b1f-4137-8ea2-55e08e50c79a,2024-03-09,2024-01-01,887.44,Shipped,2,5
579,00a1402e-57e7-4f7b-8486-10cfd21276c2,2023-07-14,2022-12-24,451.93,Delivered,3,5
580,1a9e8547-147a-48ac-865d-8e4ed01e488b,2024-01-18,2024-02-07,908.8,Pending,3,3
581,91fd7d4a-5a31-46a6-9b87-cc5e6d7fe9b2,2023-08-28,2023-11-20,168.63,Shipped,3,8
582,60c8e5a0-d560-464c-95f7-792a739ac9e2,2024-03-02,2022-12-30,664.51,Pending,2,7
583,d7604342-fcbc-4229-9caf-a108832c9b79,2024-04-26,2023-05-19,445.86,Cancelled,2,2
584,22d80170-1e6c-4d83-a2f6-2516dc88b09c,2023-11-06,2022-12-30,85.72,Cancelled,1,8
585,2ebed37d-05d1-46b6-acee-c38d511fcda9,2024-02-04,2024-04-15,699.5,Delivered,3,3
586,567fec5e-04ea-481d-a006-8c1cbbd743b3,2023-10-05,2024-02-08,254.92,Shipped,3,9
587,0b4cba0a-317e-4b1d-9b83-acd5e2ccddd8,2024-04-03,2023-06-27,49.22,Pending,1,9
588,b2e74e77-0fe1-4edf-a538-790169f12ccd,2023-10-26,2023-10-15,69.34,Cancelled,2,10
589,e963544a-63b7-4101-8bf8-e26a4fae667b,2023-12-28,2022-07-24,70.47,Delivered,3,9
590,cb60fefc-c47e-430e-99b7-02a20d5f024a,2024-05-24,2024-01-04,908.66,Delivered,2,9
591,eb1c3ba4-5b9e-42d0-ab0c-9fddb61b03e9,2023-12-19,2023-02-14,742.49,Cancelled,2,6
592,688181a8-13d1-4a49-ad46-9bf4d5cf2dc4,2023-11-10,2022-12-11,899.08,Pending,3,6
593,9aa909f1-5adf-4d04-b0d2-27180dd35d11,2023-07-03,2023-01-23,675.86,Pending,3,10
594,417df4f8-c1a7-4e00-9ec1-2fa2e6df12ce,2024-05-10,2024-03-09,533.65,Pending,1,4
595,d95e17e1-900f-42f7-8f4b-4ed5ac1d02e8,2023-12-07,2022-08-12,311.4,Shipped,3,10
596,2e402534-6987-4052-b421-9d3ecdc39412,2024-02-09,2024-05-19,997.98,Cancelled,3,3
597,439f4b86-cd6a-4e0c-b427-965607db34e0,2024-01-23,2023-05-02,368.57,Pending,2,2
598,106861d3-633d-4c54-b304-59cc30c42d61,2023-08-23,2023-08-30,475.94,Pending,3,9
599,06b42b6f-1f94-43c8-98a7-75945b8c4949,2024-01-17,2023-06-03,384.46,Cancelled,3,9
600,675d0855-2d55-40c9-8576-598359cd012a,2023-07-03,2022-07-13,979.73,Cancelled,3,10
601,e5a1bdae-a747-495e-b0c9-52af9db31510,2023-06-18,2023-12-09,182.91,Shipped,2,6
602,ca6ef7ce-74db-49f3-92a3-3c33037e5725,2024-03-31,2023-03-18,334.71,Pending,1,5
603,b1e186d7-df25-4e5d-befa-9c478dd6650f,2024-01-03,2023-05-16,683.55,Delivered,1,3
604,dba45b5e-1498-465b-b9fe-0a1b7efbe877,2023-09-16,2024-01-19,72.58,Pending,2,9
605,66e51767-dcb3-4e4a-891d-fa7b0d3dc6aa,2023-12-07,2023-01-11,611.18,Shipped,3,5
606,eceb9505-dbc3-4e56-88a1-7945ca6d3e06,2023-12-19,2022-09-09,482.87,Cancelled,3,1
607,840fbb0b-a5e3-47af-871d-ade6432255ee,2024-02-01,2022-07-01,291.16,Pending,3,10
608,1480f037-d39a-4bb0-962b-68d41880fa4b,2023-05-29,2023-10-15,246.03,Pending,2,9
609,19365f61-f484-478d-9bc9-e8895567a84c,2023-07-20,2022-07-16,519.37,Pending,1,3
610,277e5c18-0877-4fe6-b7d8-70b678ac8704,2023-07-02,2023-08-05,374.25,Delivered,1,5
611,ce03a34d-a022-4fee-843f-b606e8b7e2da,2024-02-28,2022-07-17,461.95,Shipped,2,4
612,002f9cc4-096b-4aff-b5b7-751f497e28aa,2023-11-10,2022-08-19,344.1,Cancelled,2,6
613,f1c51dda-2828-4370-9672-ebc7606e8502,2023-08-09,2023-03-12,970.79,Shipped,3,6
614,291a58af-259a-4b28-b22b-89748c5c192f,2023-10-13,2022-12-28,142.11,Shipped,1,10
615,28b299bc-ebbe-4a41-8781-e11f2cb38568,2024-01-29,2022-08-15,105.84,Shipped,2,1
616,f172840f-3e19-40ba-ae09-ccfba3dee81f,2023-11-13,2024-04-16,349.96,Shipped,1,1
617,540988e7-9fed-4060-af23-d4afe0ff58a5,2023-12-14,2024-04-19,595.12,Pending,1,4
618,f5657d00-7ba0-4f58-861a-e8d1f212cc6f,2024-05-06,2024-05-01,662.58,Pending,2,3
619,65ea29d1-adae-4e45-a036-e74be34d7804,2023-10-22,2024-05-14,403.28,Cancelled,2,7
620,a2bb6283-3d83-4d7c-b9f7-06d40b4ea16d,2023-07-05,2024-03-23,999.29,Cancelled,3,6
621,f75a7e6f-2b86-4694-941d-1a814815642c,2023-07-07,2023-07-16,358.37,Delivered,1,7
622,29e316ad-39dd-4477-9a22-0eb23cf9d1fe,2024-02-18,2023-03-20,724.19,Shipped,1,5
623,5d005716-7680-491b-abb6-204ee0db22d3,2023-09-20,2023-11-22,641.21,Pending,3,8
624,62f25291-2353-4455-90bc-cb66e0631450,2023-07-10,2023-06-15,814.92,Pending,2,2
625,2982100c-0372-4e33-8550-7d2b909e7f78,2024-03-08,2022-11-11,976.46,Pending,1,9
626,afdb4e0b-0171-4f1d-956a-2f20ee283bb7,2024-04-18,2023-12-17,890.9,Pending,1,10
627,2c05b870-cd34-4cd7-b7ed-75b463d0fccd,2023-07-05,2022-09-25,766.92,Shipped,3,4
628,06714938-04fe-473d-a61c-ec19fff83cec,2024-01-09,2023-09-17,701.27,Cancelled,2,7
629,00f24603-8295-4fe0-92c5-53b5d2f74429,2024-02-24,2024-04-22,342.14,Delivered,3,9
630,ecf150e6-c6f1-49c7-8c15-a57509c64c1d,2023-08-26,2023-06-24,156.21,Pending,3,2
631,25cf51c4-9c89-4296-92b0-35e01ca5a2f5,2024-03-30,2022-09-12,72.01,Cancelled,2,2
632,c96ef1a5-ac70-4464-a734-f9bbc7405255,2024-02-03,2023-02-14,249.48,Delivered,1,7
633,6b325d48-06c4-4109-89a6-e611613f718d,2023-11-07,2023-06-06,437.96,Pending,3,5
634,afb9f3a8-e9e7-41ba-916b-51ee6faefeda,2023-07-28,2023-04-09,526.78,Shipped,2,9
635,ec2b5e21-3f7a-48e0-b611-8bd6553a773a,2023-08-31,2022-09-14,775.35,Pending,2,8
636,37773772-829f-47ba-9d30-db822348e1b7,2024-03-27,2023-08-09,959.15,Delivered,2,3
637,213a6ad8-12b3-4a24-a67f-ceeb8889832c,2023-07-29,2024-03-02,126.15,Delivered,3,1
638,59c07423-a89f-4916-90ec-83746862dc24,2024-02-10,2024-05-08,115.93,Shipped,3,5
639,e54ce0de-6e79-4a92-98b7-f1a2f74f1905,2023-12-23,2022-10-08,593.8,Shipped,3,7
640,61bafa39-789c-4c72-bee2-9e686fa00319,2023-12-20,2023-09-22,747.94,Delivered,1,10
641,3d7439ee-6514-4471-aa95-1570399bcb79,2023-06-03,2022-06-13,849.67,Shipped,3,6
642,eba08424-65a5-4c1f-bb2e-cfc5a53011a2,2023-07-12,2022-09-15,936.47,Shipped,3,10
643,409b3c5b-d5e8-489c-91ab-249d94d50a99,2023-09-19,2023-06-08,983.59,Shipped,2,4
644,86ce563d-e291-45e1-869f-c269ff7acd86,2024-01-14,2023-08-15,405.8,Delivered,1,8
645,9aa1ecd6-058f-48d5-8ad6-cc515f2e1048,2023-10-15,2022-11-26,386.53,Pending,3,7
646,e072caae-797c-47bf-8793-85209c921e7f,2023-08-30,2023-11-17,156.33,Pending,1,3
647,9c684df1-0a51-4e87-86ba-68553cad275a,2023-10-16,2024-03-11,688.09,Delivered,3,7
648,6409df32-cc4e-46da-9e09-89b952526d45,2023-11-14,2024-05-07,660.19,Cancelled,3,9
649,88d3281a-1b4e-4428-a048-3bb2f6d080c4,2024-01-01,2022-08-12,863.44,Cancelled,1,3
650,24eac3f4-0c78-42f9-9a41-8b24e0acf9ff,2023-12-19,2023-10-10,106.29,Delivered,2,1
651,c48ae374-06dc-4579-a476-40a1b6a659ef,2023-10-10,2023-06-15,502.8,Shipped,3,8
652,f9fb4010-dec7-42b7-bb22-fa316bc9e970,2023-10-31,2023-10-21,585.27,Pending,2,8
653,1ad566c3-ecb0-4f48-aed6-3ea464a2bc48,2024-03-19,2024-04-10,249.14,Delivered,3,3
654,7644d183-9aab-422d-b5ef-8aabb693f4ef,2023-12-30,2022-12-24,177.34,Cancelled,1,4
655,796f9881-572a-4b53-ab6b-7b4229502326,2024-05-18,2024-03-03,860.99,Pending,1,2
656,eb1d1061-9717-4a6e-a8b4-d5b9693d993c,2024-01-04,2022-08-03,67.95,Shipped,3,5
657,c30759a4-48a1-43ab-9d55-daaffefc5b4a,2023-09-09,2022-06-28,475.91,Pending,2,9
658,5e47c2a0-eef6-4139-9ccd-d34080e97f74,2023-12-02,2024-04-04,124.68,Cancelled,2,9
659,5b8d11ba-a0ec-4e5a-a487-8d19586d7f41,2023-11-18,2022-12-04,462.49,Pending,1,6
660,84caa7c8-a159-4b4f-b901-726fc421325a,2024-04-05,2023-10-30,980.16,Delivered,1,8
661,e08c28eb-3218-4fbf-8dcc-bbedc0e0d55b,2024-02-22,2022-11-05,429.47,Delivered,2,1
662,b934718f-2d49-4ca2-81f4-317df5141524,2024-04-15,2023-08-02,858.55,Shipped,2,6
663,614f1ddc-4bc9-42ce-931d-a6ac956c2129,2024-02-15,2023-02-01,126.14,Pending,1,7
664,8d2ad974-4a86-4655-8a9d-499ca2698c2d,2023-08-29,2023-11-08,278.54,Pending,3,5
665,69199a8a-aea6-4315-88ef-444a6e63ffa4,2023-09-05,2023-11-24,409.75,Pending,2,8
666,354af1bd-ba56-42f7-a00a-a45e44e1b08c,2023-07-27,2024-03-18,405.81,Pending,2,8
667,1c3c8d35-21d4-4b7e-a258-7c8958ccf9b4,2024-04-14,2024-01-06,674.67,Shipped,3,8
668,07fe6a4e-2a6f-4e47-9b61-f92b9cf600ec,2024-04-22,2023-04-23,351.27,Delivered,2,1
669,76a933cf-65fd-4f69-93a2-5c9b6e3a52d7,2023-09-24,2022-08-30,716.63,Pending,2,6
670,b5004950-b5f5-4316-a453-35cc137fcd2b,2023-06-06,2023-10-01,642.8,Pending,2,9
671,6ce8d7dc-c71d-42d6-93ec-5718ae4a741a,2023-11-18,2023-04-15,405.17,Delivered,2,4
672,2367ad9e-8dcd-4d64-b9e8-e4ee8b7f6d7a,2024-03-12,2023-10-29,437.44,Delivered,3,8
673,2a1ace85-351c-4aac-a728-ec952b52dab1,2024-02-10,2024-05-20,618.38,Cancelled,3,8
674,22b3ce34-867a-4ac9-879b-e4e53a6e8f12,2024-01-31,2023-01-28,79.34,Pending,1,7
675,e65d1c73-5b62-47c9-be38-01afd1a8d7b0,2023-06-05,2023-04-18,824.18,Pending,3,8
676,49bcf4a8-bc62-44a8-9f93-e802e1c25cd1,2023-07-05,2023-02-03,656.89,Cancelled,3,9
677,af273f40-55cd-472e-8b10-cf68b7691470,2024-02-19,2023-01-18,729.08,Shipped,2,8
678,ea045534-f679-4fd3-8d74-afec1e548a7c,2024-03-23,2022-11-22,541.55,Delivered,3,9
679,c5fee487-68ab-4281-968d-2bc2dac7c336,2023-08-03,2023-02-10,119.37,Delivered,2,9
680,2887a3a9-e633-47c3-8303-42c7dcfbde0a,2024-03-22,2023-02-17,410.99,Pending,2,9
681,f7f1bb27-8066-4563-a0c3-0ce957ac59f2,2024-05-11,2023-02-15,411.32,Shipped,3,10
682,25033a3e-b1f5-47d0-887b-4cca54f02dc4,2024-01-04,2024-04-20,327.83,Pending,2,1
683,bd637b3a-fc0b-4519-a04a-a4a2e983cc1d,2023-12-16,2023-02-27,39.65,Delivered,2,1
684,3c0a94de-4e24-4cf7-8e33-dcabbe684e2b,2023-06-10,2022-06-10,739.88,Delivered,3,1
685,60e9bd79-fe1c-41e5-aa31-e67ae1680205,2023-10-27,2024-05-03,118.69,Delivered,1,5
686,78a55d6b-f2de-400f-a3e8-695158b5f052,2023-11-15,2023-07-27,610.25,Delivered,3,2
687,68fc642a-f6f2-4926-8e60-678b82f4b48a,2024-05-11,2023-01-09,706.19,Pending,2,6
688,1903b45f-d01c-4935-a803-2f7efef06b04,2023-11-06,2023-12-30,638.44,Pending,3,10
689,25cc2478-276d-4e19-b924-e06aaef5baef,2023-06-02,2022-06-14,959.55,Cancelled,1,8
690,a25130a8-9870-4707-955f-bc3301424249,2023-12-22,2024-02-12,112.27,Delivered,1,1
691,e1a9344e-ef7f-4bc8-bb24-cba4b4577bf7,2023-06-22,2022-08-23,868.5,Delivered,3,5
692,c77f0b62-b264-49f7-9b58-286c8461f840,2024-05-26,2022-06-15,38.9,Delivered,2,2
693,98856c7f-3475-4526-b2b4-c281a5b91ee8,2024-01-25,2022-09-10,539.57,Pending,1,2
694,83719849-fb52-44d9-9a66-d48da4f0d9c2,2024-02-16,2024-01-29,410.2,Shipped,2,5
695,bb5f15c1-b044-4ebb-8445-17ef1c769e1f,2024-02-06,2022-07-05,528.94,Cancelled,2,5
696,15db4487-6038-43f3-ab2b-cfda9d4319b5,2024-05-07,2024-03-26,371.45,Delivered,3,4
697,1d8ac1a9-02af-4382-8938-ad77cb18d6a4,2023-10-24,2022-12-28,198.66,Shipped,1,2
698,b8f35c26-d13e-439c-9cb6-f1f0e4751694,2023-09-08,2022-10-20,28.93,Shipped,3,3
699,ad0cabfc-1baf-41f1-917f-a07e7b0f78c1,2023-06-26,2023-09-19,522.97,Pending,2,10
700,b259a6a0-9591-4900-9e7c-faad73df770a,2023-06-06,2022-11-22,844.35,Cancelled,2,9
701,cfe4fb66-7c8d-4368-aaa2-843940fe81ec,2023-11-19,2023-07-16,379.48,Delivered,2,1
702,28b74f3d-ec38-46bc-ba8d-1c00c6962905,2024-02-25,2023-12-08,230.64,Pending,3,2
703,e5098f9a-d3c6-4e05-8d37-aebb8fc7f7e3,2024-02-23,2023-09-29,89.73,Shipped,3,9
704,820bc51d-db3a-4fa6-87d0-286213f36e53,2023-05-30,2023-01-16,94.46,Shipped,2,2
705,06999e1e-2b02-437e-a2cd-159aebba80d2,2024-01-09,2023-09-03,229.18,Shipped,2,8
706,2ab465e9-d97d-4b38-a4a9-8266d3d6362b,2024-03-28,2023-08-31,109.01,Pending,3,6
707,68adc28f-8463-416a-be65-6befe0efc989,2024-04-10,2022-06-13,272.39,Delivered,1,1
708,702cebbe-3544-4189-a920-46339bb68cd2,2024-03-05,2023-04-30,75.49,Cancelled,3,10
709,439ddd74-67af-46d9-af04-ef81b5481bf2,2023-10-29,2023-09-03,74.95,Pending,3,4
710,eb6ec9e0-225f-4457-9662-5aa1056b565f,2024-02-10,2023-03-03,857.71,Delivered,1,3
711,70e2ee61-e29b-44d7-abdc-9c10636241c3,2024-02-09,2022-09-23,170.5,Shipped,1,6
712,60032713-ea8f-423d-8dbc-321b90a00ee1,2023-06-21,2024-03-26,564.09,Cancelled,1,10
713,a4e0ee5b-1638-425c-8d66-65d8edf2a720,2023-06-12,2022-06-05,775.72,Shipped,3,3
714,3bac2660-55a3-4129-a7ba-6b1a96954911,2023-10-02,2024-02-20,461.85,Cancelled,2,6
715,0a02da60-749d-4601-9f98-377981bd5336,2024-01-19,2022-09-27,161.84,Pending,3,9
716,44c8fd00-1a0f-4218-9eb8-83257add8fed,2023-10-15,2024-05-22,207.6,Cancelled,3,10
717,8d00b7b2-7d82-4ccf-81eb-88e5d549faad,2024-01-20,2024-03-24,438.65,Shipped,3,5
718,43eb280e-7901-4990-a4e3-22cfa51de78b,2024-03-02,2022-08-04,532.95,Delivered,3,8
719,5d443821-8a7f-43ae-bad2-3fbf2e573864,2024-03-06,2023-12-11,355.95,Delivered,1,1
720,9bde299d-da28-4b7a-8d6d-99a628d798b4,2023-09-09,2023-09-29,783.66,Delivered,1,4
721,74f8c57b-24c5-42ca-aab3-c4d8d4e4004b,2024-05-18,2024-02-20,753.51,Pending,3,3
722,7a658abe-1188-4fa1-b660-ffd5119fc1c4,2023-12-17,2023-05-26,927.94,Cancelled,3,9
723,68f49b51-f3fa-4613-90ed-41f464aba3f6,2024-01-13,2023-01-12,38.66,Pending,2,9
724,7b777bf2-43f9-4cbd-979d-221d8e5f37fa,2024-01-16,2023-12-28,896.73,Delivered,3,10
725,4bf41e10-1c62-4f82-9081-3d923aca43f2,2024-01-30,2023-11-18,398.64,Cancelled,2,8
726,181a218e-cfd6-4560-9c05-c1f3241d3e27,2023-07-24,2023-06-25,879.59,Cancelled,3,1
727,0e8472a7-dd33-4379-a88f-58c1237d7b90,2024-01-30,2024-05-18,693.88,Delivered,2,2
728,96248805-2305-46d3-aa61-353ad2b00078,2023-11-02,2023-12-12,987.48,Shipped,2,1
729,0876daaa-01ce-4fc6-b2d1-16fe8f08963c,2024-05-17,2023-05-27,761.69,Shipped,1,9
730,b325442c-8eeb-4fd8-a783-b0c3dcae667e,2024-02-14,2024-04-04,370.9,Delivered,1,10
731,b6d066f2-7d87-4566-9a0a-80bec15dfcfc,2024-05-19,2023-06-02,506.05,Cancelled,1,4
732,79140a61-ee65-4feb-9b67-4518b0bf7f14,2024-05-25,2024-02-04,382.63,Cancelled,3,1
733,c7afae8f-dfec-42ae-98e7-60bf8f3e64f4,2024-03-29,2022-07-04,371.26,Delivered,3,9
734,af8c96a9-18f7-4499-9f61-c53457d1d37c,2023-12-29,2022-08-31,268.3,Shipped,1,4
735,7f6bf51b-3a05-40b7-bddf-55b2015128db,2024-01-03,2022-10-31,501.01,Shipped,1,6
736,4642cddb-4fbe-4aae-bbf7-0946d6ada066,2023-11-16,2022-11-14,684.92,Pending,3,8
737,5ad8712d-7ee1-42a3-824b-fe48398071b1,2023-10-11,2022-09-08,284.57,Cancelled,1,6
738,ed3032ed-824c-4948-b474-b1a4f2684ee1,2023-10-29,2022-06-28,529.14,Shipped,1,4
739,4e051eea-13d7-4846-9777-6c3a57435d9c,2024-04-27,2023-07-12,126.21,Shipped,3,6
740,bd2cdb8d-39eb-4a32-ac1b-681192dbd613,2024-01-20,2023-08-03,168.25,Shipped,1,9
741,dc58ea6a-6193-4b51-b6ac-a9b45e146c30,2023-07-30,2023-11-11,56.34,Pending,3,8
742,49b3fe66-3b4c-4730-a53d-f737c2185e77,2023-06-11,2023-08-21,971.02,Delivered,1,10
743,c6b7e7cb-be0d-44ed-b306-1611ef96a214,2023-11-05,2023-04-25,13.82,Cancelled,1,9
744,c814ed3c-e166-46ab-a8f6-14bd7b2aa677,2023-11-06,2023-04-22,186.79,Pending,1,9
745,9cc753ad-6264-490f-886c-0adf5bf26ec8,2023-06-22,2022-06-08,616.74,Pending,2,9
746,1e94eb4b-c74f-43ca-94c6-67bb211e55c3,2023-08-19,2023-08-22,90.56,Pending,2,10
747,de5fe0ee-8010-4500-9ae5-253066b48fc6,2023-09-27,2023-09-05,883.08,Delivered,1,10
748,b594b706-a7fb-481e-ba88-a4ab78916712,2023-10-13,2023-08-29,722.42,Shipped,3,8
749,5bd71dc6-ea75-434d-a1d5-34025fba6dc2,2024-01-12,2024-05-01,966.73,Shipped,2,8
750,f902d6c0-5bf5-4279-8704-768e6e927501,2023-07-25,2023-10-25,512.56,Delivered,1,10
751,b6e0eac2-c42b-44c4-846f-5825669ff1b9,2024-03-24,2022-10-30,307.4,Cancelled,1,2
752,1af4321a-ddd3-4779-8879-996dfe38f4eb,2023-11-26,2023-08-18,554.01,Cancelled,1,6
753,1ee1723b-4a96-46a4-a752-41027acf6bcc,2023-06-23,2023-07-07,931.51,Delivered,3,8
754,eed15368-5811-4722-a77d-fc7b722c353d,2023-07-04,2023-10-02,525.55,Delivered,1,3
755,edfda291-2fdb-4c0d-be4a-565e3e581dd5,2024-05-08,2023-08-06,274.53,Delivered,3,1
756,3a8be161-7fd2-470a-968d-6f3ef4b445aa,2023-06-09,2023-12-03,878.62,Delivered,3,4
757,f9adf8c5-6247-440d-ae5c-eb3d1c275035,2024-01-21,2023-04-28,378.2,Cancelled,1,4
758,7636efd9-8376-4fa8-b6fe-579f6382f3b5,2023-08-02,2023-07-17,11.37,Shipped,1,3
759,ffb59512-fa04-4706-af8d-ff9bfae3fcee,2024-01-23,2024-04-04,255.21,Cancelled,3,3
760,387cdf02-9e3b-4f04-9418-864590de6fba,2024-05-24,2022-12-07,325.05,Shipped,2,1
761,4fab2ad8-8091-421d-a637-c09facf606fc,2024-04-29,2023-09-25,860.19,Cancelled,2,2
762,849648e8-5084-440f-bb8f-5fc77c96eefa,2023-11-05,2023-11-19,463.92,Shipped,3,7
763,78c5a976-1786-42e8-806b-8fd6af157ed9,2023-11-02,2024-01-19,450.14,Cancelled,3,7
764,f325f875-e417-4ba3-a4ee-c62b51306e5c,2023-09-11,2023-07-22,342.74,Delivered,2,2
765,6e6d086c-f7b3-4a86-921d-bc093a357442,2023-11-06,2024-05-10,881.87,Delivered,3,2
766,c57842a9-934c-472a-8c72-fe13fbf28c1c,2024-05-13,2024-05-01,945.58,Pending,2,5
767,437249fd-17ee-4fe6-a810-91fe0a5a0322,2023-06-11,2023-06-08,991.97,Pending,3,9
768,2db6de21-53a9-4c5d-b9b5-c70e3346f7c6,2023-11-20,2023-04-24,382.97,Shipped,2,4
769,b2daa1f6-cc16-414a-ae4a-6e781cf4a8ed,2024-04-20,2022-08-12,966.49,Delivered,2,2
770,f3f05323-3bd5-48a2-873c-36ba5d393bf9,2023-07-07,2023-08-01,793.96,Delivered,3,6
771,88da091b-61f6-4877-8212-585b0b2f8580,2023-07-10,2023-01-11,678.93,Shipped,2,5
772,d24e3104-1dd2-4234-a131-24bd01275a63,2024-03-22,2023-10-13,252.44,Pending,3,8
773,e998952c-ef58-451f-9b1a-e0199aca0c4a,2023-09-09,2023-11-03,224.29,Delivered,1,3
774,7751b3fa-bdb6-4ff3-94e1-67063309a536,2024-03-16,2024-02-21,174.39,Delivered,2,4
775,852d2ee5-0061-4d30-9907-3286329cd43a,2023-09-16,2023-11-23,923.53,Pending,1,10
776,6a4ace0e-d89a-4500-9f13-d2fbe583847f,2023-06-09,2024-01-10,301.14,Pending,1,4
777,ed0d0418-2d58-4ce9-8974-5cd7111868f8,2024-03-24,2024-02-02,458.56,Cancelled,1,5
778,6a594b07-eda6-4806-ba19-607d3bfb255e,2023-09-27,2024-05-25,499.02,Shipped,3,5
779,00183cfe-ceb0-4220-b984-f33f61c61ae4,2023-11-13,2023-01-24,780.39,Pending,2,3
780,f9df7275-6199-4015-b5c9-599f6f9179cf,2023-06-19,2023-08-02,845.79,Cancelled,1,1
781,f45c8840-9da2-4338-8a8b-c856c3edd9b7,2024-01-22,2023-07-10,147.68,Cancelled,2,2
782,58d97f4a-9533-4356-874f-3be044f20133,2024-03-27,2023-07-20,432.64,Pending,3,4
783,565af699-d3bb-43d7-9e12-425cb42fb357,2023-08-17,2023-09-29,844.43,Shipped,1,5
784,2266a107-a408-401f-b433-97f1ad5b9bb2,2024-05-04,2024-04-12,819.85,Pending,1,3
785,40709bd4-1790-46b7-845c-21e7988d0e4a,2024-01-15,2022-06-11,111.39,Shipped,1,1
786,1a7e256d-b6ff-412c-9a6f-0c9af1f7e90f,2023-12-15,2023-01-10,164.82,Shipped,2,8
787,24536074-b13d-4531-862d-7f7a45dae1f3,2023-08-12,2023-05-02,311.16,Shipped,1,7
788,22ca9fe8-a8aa-4d13-85a9-18d19eede43c,2024-04-13,2023-06-10,84.61,Delivered,2,7
789,f9d2b2de-92bb-4701-b503-c56e61002dbd,2023-10-31,2024-03-21,430.42,Delivered,3,2
790,6bd1f046-339f-4b69-91cd-2c07a8f78b61,2023-06-13,2023-05-29,116.54,Pending,1,3
791,8f41d3e4-1ece-45e5-8018-41f4820d15c6,2024-05-01,2022-11-17,572.54,Delivered,3,3
792,79801aaa-e93b-4418-b170-b1ed1b040be3,2023-10-10,2024-02-14,254.09,Delivered,3,3
793,729bd820-e4ad-44e2-824d-9e961fe253b0,2023-09-13,2023-06-09,600.47,Pending,1,3
794,8c3af69e-7474-4f6f-adbd-b6e57844c2ac,2023-06-19,2023-12-23,126.35,Delivered,1,9
795,41229d75-6a8d-4e84-a0fe-652b56fe2301,2023-06-10,2022-12-08,976.13,Pending,1,6
796,816480fa-90a2-48e1-941b-d89660924d2b,2023-06-13,2024-04-18,933.24,Delivered,1,1
797,dcff697d-d26d-428d-91f1-5ee755e9718e,2024-04-13,2023-03-18,397.88,Shipped,2,1
798,59de5319-3f9b-4cfc-b42c-59053bcab3ea,2024-04-10,2023-04-20,249.76,Cancelled,2,3
799,69083bd6-ef61-4cac-8674-d2447b056d02,2023-11-16,2023-05-12,257.89,Pending,2,2
800,e355c369-b931-426d-b26e-8017061f5679,2023-06-27,2023-01-25,488.56,Cancelled,3,10
801,f5652d00-67a4-4b26-8d6e-44f20189a5d9,2023-07-18,2023-12-04,49.59,Shipped,3,2
802,3956fba9-7232-4dc9-8677-81b2c3a31607,2024-05-09,2023-07-24,643.31,Cancelled,1,6
803,7a2be049-40d2-416f-bdb6-12f46df2fc82,2023-12-20,2023-08-13,414.22,Cancelled,1,4
804,70df67b9-3a6f-46fa-a418-13ef799fde33,2024-03-15,2023-08-11,383.63,Delivered,1,3
805,7c76a592-a73e-4f3b-9c27-761d4894d9fc,2023-06-26,2022-12-30,811.27,Pending,3,4
806,26184c80-edf6-41e0-ae8f-0e0999755cb9,2023-06-21,2023-02-02,711.95,Delivered,2,6
807,af3b5a91-85ba-4545-94e2-6a5bf807cdd9,2024-03-08,2022-08-03,954.79,Pending,1,10
808,eec9fa67-4cc6-42fc-b006-ff85166a1a98,2023-07-10,2023-03-06,358.42,Pending,1,1
809,1f6ceec1-ac54-4740-a182-e35f848edc98,2024-03-24,2022-12-06,898.57,Cancelled,1,2
810,57c2747f-27b5-4ee7-8f1a-6c44f239fbb0,2024-05-05,2023-02-07,772.27,Cancelled,1,4
811,9f2d5db8-deba-489f-959d-e20409642b31,2023-11-03,2023-08-28,363.85,Pending,3,9
812,e668bb6e-c408-443f-a90d-07e4ce1f4081,2023-07-10,2023-10-11,625.45,Shipped,3,3
813,3008a519-ad83-4951-a3ea-a00577f63854,2024-02-15,2023-11-27,295.68,Pending,1,5
814,2ae201c0-312a-4c3c-bf00-625769560c06,2023-11-08,2022-11-06,875.66,Pending,2,2
815,f2b72bd2-c97b-42af-8c10-ef0164119d38,2023-11-28,2022-10-09,121.3,Cancelled,1,5
816,56c6544d-f60c-4881-85ac-7520cd4668fe,2024-04-18,2024-05-05,220.31,Pending,3,6
817,d46e34aa-ae9d-4797-8284-e0bee33e270a,2023-12-12,2023-05-04,191.2,Cancelled,3,2
818,53fb2ed1-b953-4807-b009-61c3855a7d8d,2023-07-18,2023-05-11,409.0,Shipped,3,8
819,8af37d72-ec4f-4490-84ea-f9432ee66e21,2023-10-12,2022-07-28,747.78,Cancelled,3,9
820,952b750d-9830-449d-99ef-bb41b66b6b0b,2024-04-03,2023-10-13,531.64,Delivered,2,10
821,b050eb01-a22f-4818-a6f3-32446f1d5baf,2023-12-02,2022-10-02,492.8,Cancelled,1,9
822,a9c7ae92-e61b-4dc6-be52-5e4f9e203161,2023-06-27,2022-07-06,10.54,Pending,1,1
823,991ab513-369f-4284-adc6-41cd921bc646,2023-11-30,2022-11-28,431.15,Pending,1,4
824,7cddb4cc-3e33-4f35-886c-976870fe3cfc,2023-06-10,2024-05-04,72.92,Shipped,3,9
825,5153f737-d7f1-4ec2-9a9d-add2e7aad070,2024-04-14,2023-01-27,216.17,Shipped,1,9
826,0021b632-3246-47d9-bb29-66398e4a295d,2023-08-27,2022-07-09,933.07,Shipped,2,9
827,3e2b6653-2258-4df3-8ff0-952a0b2591c4,2024-02-19,2023-09-30,223.24,Cancelled,3,4
828,9c272c51-ac98-4368-9fc8-b87a7176d181,2024-05-27,2022-10-03,859.75,Shipped,2,1
829,1beaf9cf-af3c-49d0-a92c-3c3e3957f082,2024-04-21,2022-12-23,804.86,Cancelled,2,10
830,840658d1-c1da-4d39-b735-0626dca8b6fd,2023-12-08,2023-05-12,167.55,Shipped,3,1
831,a2521f50-a54e-4c8f-acb3-077a6cef5e55,2023-09-24,2023-06-28,609.65,Pending,2,7
832,aedab7b5-e2aa-45a7-8951-03edfd05a5f5,2024-02-08,2023-01-05,124.51,Pending,1,3
833,31307e46-af79-4546-be51-68dc5690f74d,2023-12-15,2024-04-04,730.61,Cancelled,2,8
834,d7de701d-8eaf-4323-9f65-380029c836e0,2024-04-25,2023-12-03,641.09,Cancelled,1,3
835,640ca20c-702a-4b67-b7ae-77585b45cf5a,2023-08-25,2023-08-30,813.82,Cancelled,3,5
836,51497435-a9c9-424e-bd72-3837705bacc2,2024-02-06,2022-07-22,484.59,Delivered,1,8
837,113c1836-77f4-431b-bde9-d47dd89331ac,2023-07-23,2024-01-16,915.71,Cancelled,2,3
838,1d010478-c110-412c-b843-1ed6258694b6,2023-10-24,2024-01-25,58.86,Delivered,1,8
839,efb80c63-f42f-438f-a7e0-8e2fc06bad38,2024-03-08,2024-01-09,299.96,Pending,2,9
840,b52f6009-76c0-4651-b361-c49764e0dab3,2023-10-09,2024-01-26,717.9,Shipped,1,3
841,5e2d2454-e462-42e7-b5c3-de958a647b9f,2023-09-09,2022-10-03,423.93,Pending,2,1
842,67f8ab57-0572-4bb5-8bee-2ebdb44788bd,2023-10-05,2024-03-16,181.22,Cancelled,2,6
843,698eecba-da98-4a57-966a-dfc43513198c,2023-10-12,2022-12-30,116.14,Cancelled,1,8
844,ca6cb87c-dfb8-4708-91d2-125a95e19cb6,2023-05-31,2022-12-08,819.17,Cancelled,1,7
845,a2251838-35e1-492e-8a74-bec56951743e,2023-07-20,2022-05-30,478.41,Delivered,1,9
846,ab341860-fefd-420b-b5ef-aa99010f5ddf,2024-02-24,2022-09-21,883.46,Cancelled,1,10
847,e80bb7eb-a499-49cf-87e5-1bbc22e9e671,2024-02-06,2023-02-07,735.96,Shipped,2,1
848,8b3e00e7-6151-487e-8f02-7fe87d5d9031,2024-01-22,2022-11-15,415.63,Pending,3,6
849,9ad73702-140a-442e-90e8-57f88986148f,2023-07-18,2024-02-26,379.78,Pending,1,10
850,c095e099-7e24-4205-bb00-d206f8542953,2023-07-10,2022-07-02,520.48,Delivered,1,10
851,9df497f1-6b5a-474d-b436-7eaa03ea038f,2023-11-24,2023-04-19,890.17,Cancelled,2,8
852,156e3ae5-4fe4-4735-9c29-b6dac1d7fbe9,2023-11-22,2023-03-01,739.91,Cancelled,3,1
853,cef980ce-c471-421a-85f2-b928beb9c9e2,2023-07-14,2024-02-20,15.1,Shipped,2,9
854,dd9539fc-f7cd-4b75-9d26-3e763d3703f8,2024-05-16,2024-01-29,697.22,Pending,2,4
855,f555a628-dd15-4fb4-9680-51b70723b796,2024-03-23,2023-01-21,920.31,Shipped,1,1
856,773b8350-2743-40df-9e15-428a833cf90f,2024-04-12,2023-10-06,713.35,Delivered,2,7
857,72789d75-97f0-4fcf-9c35-1dc942260a44,2023-07-31,2023-04-29,185.24,Shipped,2,3
858,fb2323e7-d6a2-4379-a0c6-a8a74748f7ea,2024-01-24,2022-11-27,488.68,Shipped,2,10
859,bef874d7-6251-474d-a1f9-c40838330558,2024-03-21,2023-10-20,148.91,Delivered,1,4
860,3a724b9f-56fb-4c72-ad6a-1bfc81be81f4,2023-09-24,2023-05-04,365.41,Shipped,3,8
861,ef82c4d6-438d-48b1-9719-64f8d2fb05ca,2024-05-23,2023-10-19,937.75,Cancelled,1,3
862,50c6fa8c-27a0-408c-8b44-361f16c7354a,2023-07-02,2023-11-19,924.07,Pending,1,5
863,7c2b940d-9045-4445-958c-d60ea07f7f47,2024-03-14,2023-07-13,290.01,Delivered,3,6
864,86fe0ded-fe38-484b-b489-362c10345193,2023-07-20,2022-12-08,346.23,Cancelled,2,1
865,62b22fd5-51c6-42e4-af48-744f7abc9f0b,2023-08-28,2022-09-06,604.21,Shipped,1,2
866,1dd95d4c-0637-4dca-9f46-30adbaaa6300,2023-08-06,2022-06-05,963.57,Pending,2,5
867,ef89c2e7-aa17-4666-9b6e-83a96f2af3b2,2023-07-10,2023-04-03,156.32,Delivered,1,1
868,2449213a-c2fa-4184-a232-4672f64e8f4a,2024-01-29,2023-09-23,264.35,Cancelled,2,6
869,b49b93d5-1e70-4e19-87f7-9ee0e299cb48,2023-08-25,2024-01-23,874.82,Shipped,2,8
870,a11b26b0-0823-4adf-bf75-12c56e05724d,2024-03-16,2022-12-23,496.97,Cancelled,3,8
871,1d8cca3b-6261-4790-83a0-61c445a16970,2024-03-05,2022-07-17,899.97,Cancelled,2,8
872,9dbdc6ff-5fad-4a0d-8aa8-3cd65804a881,2024-05-13,2023-05-16,193.66,Pending,2,10
873,bebbe60d-3085-4e6d-a31c-c5d2cd96a6a1,2024-03-07,2023-01-31,537.34,Delivered,1,8
874,0f424ffa-8abb-472c-8aae-0c3ad31224e0,2024-05-25,2023-01-28,333.01,Cancelled,3,10
875,03927935-8d5f-42c0-83f0-ba7756b8002a,2023-12-18,2022-07-02,323.38,Delivered,3,2
876,d1cae193-7ed6-4f4e-a875-176629530a13,2023-06-09,2023-06-13,452.41,Delivered,1,8
877,4202faf9-dceb-4f56-a31c-a36b059ebb2e,2023-09-27,2023-04-17,438.75,Cancelled,1,3
878,feeac13d-5813-42c2-a33e-383454e27ea6,2023-10-20,2023-10-28,363.77,Delivered,3,10
879,8fad725d-9d0b-4f5e-996d-362dfec24805,2024-05-16,2023-10-06,915.82,Cancelled,2,4
880,c20166e3-ca68-4a98-b48e-f9a86aeb5a32,2023-10-30,2023-03-04,734.43,Delivered,1,9
881,1aac3ca1-920c-404e-8063-d5251152797e,2023-09-04,2022-06-29,730.27,Pending,3,1
882,ffbdfd47-dc79-42f0-9338-94b3854ca896,2024-03-16,2024-05-08,297.01,Shipped,1,9
883,08df6b19-7c3a-4037-a0d5-c16e961139cf,2024-04-29,2022-10-24,581.93,Cancelled,3,3
884,393031a6-c82a-4c15-9733-f669852d8585,2023-06-15,2023-11-20,781.39,Delivered,1,3
885,d61a43f2-8ecb-4971-98c8-ece658ea0417,2024-05-22,2023-07-13,797.63,Shipped,2,6
886,2d5c6415-fedc-48f9-b78b-094cb5178761,2024-02-17,2022-06-20,351.09,Pending,3,7
887,3aeb5bc0-f63d-407c-a9d2-1bf8b1954990,2024-05-27,2023-11-15,773.16,Delivered,2,4
888,b2c92c12-9bd9-4220-b38f-4acf66270136,2024-01-21,2024-05-08,738.53,Pending,3,8
889,28702bb1-5931-49b4-b061-46ffbecba4c8,2023-05-31,2022-09-15,150.09,Cancelled,1,4
890,e5039055-f90b-4724-b883-a8ea44e8a604,2024-02-01,2023-11-02,867.29,Cancelled,1,7
891,8c1a612b-fff9-4f34-b94d-9109593985b5,2023-08-19,2023-07-21,446.91,Shipped,3,3
892,773a13fb-3750-4d77-b367-2754da2e6e6c,2024-05-24,2023-06-28,491.55,Cancelled,3,8
893,20e30a4d-fbce-4cd0-9050-f32cd4062cce,2024-05-04,2023-04-10,453.89,Shipped,3,2
894,c6b4195c-aa19-4f26-8fa4-1d2246ddb0ac,2024-04-08,2023-04-20,572.17,Cancelled,1,4
895,a908923b-1551-4819-801d-ebf6c503ccb5,2024-02-12,2022-10-01,624.96,Delivered,1,9
896,df4a518a-4ef0-4a9b-93fd-2516d1bfbaba,2023-08-29,2023-02-16,503.2,Pending,1,2
897,52c1b3c7-f33c-4233-8833-b07eb4d56ffc,2024-05-02,2023-10-04,868.12,Pending,2,5
898,039d60ba-9c99-4735-95a6-52a708fce7af,2024-03-25,2024-02-08,631.46,Shipped,2,1
899,2a9e9a38-1d5a-474c-8da8-40fd4adb0798,2024-01-16,2023-11-18,407.41,Delivered,3,5
900,338f8437-faa2-4bad-867a-6bdfb63c1dd8,2023-07-30,2023-08-29,422.52,Pending,2,9
901,dd7516f5-58aa-4383-8dff-06d28340fed5,2023-08-09,2022-11-12,812.73,Shipped,3,6
902,80b2db0c-6a24-45cf-96c2-b4aa72f78920,2023-12-22,2022-06-02,354.71,Delivered,2,5
903,1f69cd43-68bf-4f7e-94dc-2301882ab925,2024-01-01,2024-02-15,219.34,Pending,3,10
904,76847398-fabb-46b6-97f4-3de414934a25,2023-10-25,2023-12-10,68.79,Shipped,3,9
905,4bebcf4f-2c94-451d-92fa-3935ff283550,2024-03-21,2024-04-20,877.27,Shipped,3,9
906,ac73189c-6fdc-4e00-a0d9-da583db4cb81,2024-02-01,2022-09-05,919.36,Shipped,3,9
907,05dd1ef0-0806-48c9-8967-49fbb2e02961,2023-08-31,2024-05-09,128.92,Cancelled,3,7
908,d87d3afc-a370-4e8a-821a-c45bd5e32aef,2023-06-08,2023-01-25,341.13,Delivered,3,1
909,f9d0a163-def1-474a-9380-1f2544f06c4e,2024-01-06,2023-07-15,183.62,Delivered,3,5
910,fa4b0bc6-5121-431f-9028-361fa94501d7,2023-09-26,2022-06-12,124.74,Shipped,1,9
911,49954cf1-faaf-400c-a74b-3d208c3fa29f,2024-04-18,2023-12-30,900.87,Shipped,3,10
912,3fb230b2-b55d-4442-8884-e6660c661a49,2023-08-22,2024-04-11,66.31,Cancelled,1,7
913,84403b37-b13b-4d4e-a368-f7d2d9732b86,2023-12-15,2024-04-19,980.68,Pending,1,10
914,0e5bc44c-98de-4bf6-8273-4d1c23d83f22,2023-08-09,2022-09-19,105.49,Shipped,1,6
915,47e77e2b-6b29-4a13-a37c-3644c9345ce7,2024-05-16,2022-09-08,864.84,Cancelled,1,4
916,f367dbe2-40e3-469f-b9b6-6d71951a0518,2024-01-19,2023-07-03,570.84,Pending,1,10
917,88653e42-cefe-43ec-a918-4b9f501049e2,2024-02-28,2023-03-22,374.24,Pending,2,3
918,b550f221-72e5-4360-a3ae-b12e7d4fbfff,2024-04-19,2022-06-11,348.92,Delivered,2,10
919,2b66b1c0-5fdd-4329-ac74-9cf41f7550bc,2023-11-11,2022-12-25,759.79,Cancelled,1,4
920,b4ca0142-3b23-4fd8-8d20-f686854df9b6,2023-12-15,2023-12-19,321.43,Delivered,1,6
921,07d5e121-623a-45ae-ba31-a27cced4dd7c,2023-11-09,2023-12-08,660.75,Shipped,3,4
922,1932263c-4eec-45b0-94c3-0b503d0daad0,2024-01-10,2022-11-18,522.15,Shipped,3,8
923,20f12d46-e775-427e-aec0-12f0d3100ac5,2023-09-28,2024-03-31,490.12,Delivered,1,1
924,e4bd7d57-03e3-425b-b00b-1433f5d61476,2024-03-24,2023-02-21,902.15,Delivered,1,7
925,69f5a741-8686-4f29-9cb7-6bb9c0ff34b4,2023-10-09,2023-12-12,559.1,Shipped,1,8
926,7ff5101d-3f1c-431b-86ff-76d11fe32b56,2024-03-06,2023-02-03,828.59,Shipped,2,3
927,6e771359-677a-4eb7-84bf-c434481ce3f9,2023-06-04,2024-05-18,728.32,Delivered,3,8
928,ed4879e7-efd1-44ee-b287-c4407881307d,2023-10-09,2023-10-05,48.17,Cancelled,2,8
929,e30d04fd-b58c-4e9f-aa0b-20400ef05b6f,2023-11-20,2023-02-24,775.38,Delivered,3,4
930,33d4a096-5b78-41ea-8634-3347daa6b26a,2024-04-22,2022-07-15,224.7,Delivered,1,9
931,cc869dea-38a7-4c54-a6b1-caba3fccb2c1,2024-02-17,2022-10-13,904.12,Cancelled,3,4
932,2fb01074-2532-4fd3-89f3-5bf84d03cbdd,2024-02-21,2024-04-20,52.49,Cancelled,1,3
933,8b4eb003-401a-4e8a-bba0-fd458d3ac4b9,2024-01-17,2023-07-23,339.74,Cancelled,1,4
934,dd3b8d93-3b8d-4d5b-ae66-5ecb06f9f4e6,2024-04-22,2024-01-03,108.74,Shipped,2,10
935,ecdd001e-6ad8-464d-b8c5-ee78d214f218,2024-02-18,2022-10-31,480.83,Cancelled,3,10
936,2826ef27-f190-4b53-b489-f5c7e22f6e82,2024-01-15,2023-06-16,821.82,Shipped,1,8
937,20fa5cd3-8f5a-4ade-821d-3ead3e4c1362,2024-04-30,2023-08-10,305.21,Delivered,2,2
938,ae63ad3a-94d7-4681-9551-1e14e18d99ce,2024-03-03,2024-04-14,159.43,Cancelled,2,4
939,8625dcb0-3f79-4d31-beb7-78d62b021118,2023-06-03,2023-06-02,336.96,Cancelled,1,5
940,cc713ba6-4ca4-4e01-8621-8f7ffcd4fb19,2024-04-10,2024-04-03,815.74,Cancelled,3,8
941,b57a5c03-cb85-4da6-9b01-98ffde21c855,2023-08-05,2023-01-16,148.98,Pending,1,6
942,75fc1b10-b8d1-4539-8562-8912bdf2b5a1,2024-02-26,2023-07-28,235.09,Delivered,3,3
943,33251c76-d8ef-45c9-a7a2-d2d0ca3c4050,2023-10-27,2023-08-29,78.16,Cancelled,3,10
944,618a4763-2af5-45a3-a97b-85380ff73f25,2023-10-19,2022-08-07,708.65,Delivered,2,9
945,6282c33d-3665-46a5-a34d-a412816a5ea8,2023-07-24,2022-09-26,401.28,Pending,3,7
946,1a608f0d-7e41-42ad-86b0-915a8880f9fd,2023-11-01,2022-12-01,317.73,Delivered,3,1
947,88662aba-1601-4cc6-9b16-0641207417e7,2024-05-28,2022-12-06,721.44,Cancelled,1,3
948,e4d08ebe-d335-414c-a62c-e6a302fbad7c,2024-03-26,2022-10-11,342.62,Delivered,3,10
949,bf33551d-f629-4535-82b3-3be214ed05bd,2024-02-22,2023-03-30,730.49,Cancelled,2,9
950,65578e91-bee5-464d-be37-355efbdc678a,2024-01-19,2022-08-08,817.05,Pending,3,7
951,fc145cfe-469a-4289-ac91-c01e734c5192,2023-08-15,2022-09-15,225.49,Pending,1,3
952,a96e2bf4-5865-43b8-b915-486569967b5c,2023-06-21,2024-02-13,974.08,Delivered,2,3
953,139e5ca2-b9e7-4780-821c-f26265739938,2024-05-04,2022-10-07,170.73,Delivered,3,1
954,96062930-2860-4311-8315-d334e47c98ea,2024-04-25,2023-04-21,297.93,Cancelled,3,4
955,dba620f1-35bb-4db0-bda3-14883e1fa8ac,2023-05-29,2022-07-27,188.0,Delivered,1,3
956,0dbcad25-daac-43a3-82f8-9ef40b9bcb7e,2024-04-26,2024-01-01,352.05,Cancelled,3,5
957,b17078ee-1129-40f2-8f21-ae6a82e2f424,2024-02-27,2022-12-10,485.26,Pending,1,9
958,b5cbb690-735b-4a80-bfbd-aeed723dc8f5,2023-07-04,2023-09-25,526.95,Delivered,1,9
959,a9584453-c2ea-4172-a5a1-5243c7281f15,2023-07-24,2024-01-17,855.07,Cancelled,1,8
960,e15093b0-a07a-4b89-998d-f20b226dded0,2023-08-01,2023-03-27,890.55,Cancelled,2,5
961,992e7dea-0374-4263-8a06-09aa827acd0d,2023-08-30,2022-10-27,227.9,Pending,1,6
962,5ba48aa0-aab6-441b-99e8-484c25d203e3,2024-04-23,2022-09-21,626.67,Cancelled,3,10
963,4c1f59df-f6b4-460b-9466-c7725df5672b,2023-10-30,2023-04-30,120.38,Delivered,3,6
964,40e5e8fa-b033-4368-a443-a7378072b635,2023-12-12,2023-08-06,464.38,Pending,3,2
965,ce91e0c9-7abd-4241-85c2-b1052234c40f,2023-10-31,2023-09-22,329.11,Delivered,3,9
966,dafd518d-d55f-4e0e-af6b-e029bbef627f,2023-11-14,2023-07-31,323.34,Pending,1,8
967,56e16c2b-659b-4dcb-9bca-e27d331978eb,2023-08-28,2022-11-23,487.76,Cancelled,3,5
968,23aa9e67-70bc-4ec1-8d29-d77a793910e6,2023-09-21,2022-05-30,732.53,Cancelled,3,3
969,f0041e32-4bc0-4de3-9197-b56179b68b95,2023-08-29,2022-09-05,78.49,Shipped,3,3
970,54f5edf7-e9bf-49f4-b373-9067cf085288,2023-09-10,2023-04-16,880.38,Pending,2,6
971,9a642c24-a34a-4c3e-9a68-fa2a59581c94,2024-01-06,2024-05-06,737.47,Delivered,1,10
972,66b9b21b-9429-4726-a557-338d6175f16a,2023-06-06,2023-07-17,184.73,Shipped,3,1
973,4c43745b-8063-4ef2-a534-28bbb20ed719,2024-05-06,2024-05-14,939.77,Shipped,3,1
974,9090d244-c1d4-4db0-909b-f39cacb1691c,2023-12-03,2024-02-02,511.25,Pending,2,4
975,6e6b3eba-3055-484e-bc38-bfd6d7e23908,2023-11-28,2024-05-26,999.81,Cancelled,2,10
976,2adb6a67-83ad-4758-83e1-592e3765002d,2023-10-30,2022-12-26,205.29,Pending,2,2
977,98ecdbc6-cec7-490b-a3e8-6d638278e1e5,2024-02-20,2023-10-15,539.56,Pending,1,4
978,881f93bd-e669-46b6-81af-b76b84733c88,2024-03-02,2023-04-08,297.35,Delivered,2,3
979,d610de6d-819d-49b4-a949-2308c710fab3,2024-02-17,2024-02-24,311.13,Delivered,2,4
980,eac503ff-79d1-4233-a5c0-7ecfd38a1bdb,2024-05-16,2023-08-20,595.15,Delivered,2,1
981,4d390362-6ef4-46b4-824c-222f577aa515,2023-10-27,2023-03-20,922.5,Pending,2,7
982,86d77094-a689-4303-a807-092d74ca0c56,2023-06-29,2024-04-17,807.21,Cancelled,2,4
983,31bf3b36-bac1-44b5-8a19-e5a80d5a2ad3,2024-03-16,2024-02-02,726.7,Shipped,2,7
984,b0fde8c9-7575-417c-81ca-37f5f7de1a61,2024-02-13,2023-05-24,563.58,Pending,3,4
985,98e16bc0-3385-49c7-84ad-e7b7119b0fb4,2023-06-07,2023-04-04,923.08,Cancelled,3,10
986,fa9f941a-41a0-44be-9b0d-ff111a6c3c25,2023-11-25,2023-03-19,497.44,Delivered,2,2
987,d35169bc-0044-4690-b17a-7c84cb3d7ee7,2024-03-20,2023-03-21,875.09,Cancelled,1,10
988,e55b88ff-f086-4962-b771-f867dfa2e52b,2024-05-10,2023-01-10,835.64,Delivered,3,8
989,e83f3278-2c70-4901-9e3f-4f152f5c5cbe,2023-10-03,2022-09-28,221.7,Shipped,2,6
990,9c017e5d-5c41-4fb5-a94a-29d3f73c3dce,2023-11-17,2024-01-26,773.51,Delivered,2,7
991,acac00dc-024e-4609-8486-4d26cfd09276,2023-11-07,2022-08-26,22.05,Shipped,1,1
992,054961d6-0438-43d4-a81b-3fe3fda48455,2024-02-25,2023-08-27,329.6,Shipped,1,5
993,2adfd824-edae-4c39-aa9e-062a9b89bf0d,2024-02-10,2022-09-22,237.27,Shipped,3,4
994,f65a1a2a-4f76-4aac-9ec2-2e0cd4cd82fa,2023-11-18,2024-02-22,511.79,Cancelled,1,7
995,d2bddb3b-649e-4503-bc73-7aead273dcbe,2023-08-04,2022-11-11,739.48,Shipped,2,3
996,dbb59fc2-5cff-496e-bd03-c81f7ff35029,2023-12-29,2022-08-28,106.7,Shipped,2,3
997,6e935faf-9502-41d5-967a-d0895acecdbf,2023-06-07,2022-06-10,519.77,Delivered,2,6
998,0654f465-b311-49c4-9d86-fd12c8359b91,2023-10-06,2024-03-20,939.03,Delivered,3,7
999,98082cf3-03a7-49aa-ac14-af79c4a0c1cd,2023-09-18,2023-12-26,236.36,Shipped,1,3
1000,bd05bc2c-5a50-4a98-85c5-5e39881d0ee1,2023-06-22,2023-01-13,680.37,Delivered,3,10
