order_product_id,product_id,order_id,quantity,price
1,5158588,642,3,31.538556
2,200342,976,7,54.053999999999995
3,287257,862,1,295.271904
4,5158588,222,8,116.71228800000002
5,284040,237,8,1057.60872
6,327643,802,7,106.21842000000002
7,327643,432,3,38.455560000000006
8,370366,287,3,43.181424
9,9714,958,3,44.976438
10,250717,235,5,45.05655
11,5085621,270,5,8.39448
12,159278,870,5,173.253115
13,672824,588,7,88.924024
14,5082817,940,8,118.185408
15,380673,827,10,98.29358
16,380673,541,5,62.38897000000001
17,680045,593,5,894.2959900000001
18,5160460,902,9,98.761644
19,324282,647,3,14.898329999999998
20,680045,145,8,1000.712032
21,77927,571,7,15.567551999999997
22,305802,556,9,196.757298
23,274431,680,4,11.393391999999999
24,159278,399,2,52.371002
25,370545,218,9,18.919007999999998
26,327643,206,1,13.467580000000002
27,681616,91,7,950.21388
28,281964,288,1,50.392032
29,5242257,803,6,67.00482
30,274780,978,5,515.14246
31,283751,931,6,458.51255999999995
32,5173243,749,4,50.495400000000004
33,5242257,689,10,139.8573
34,295897,921,8,67.44276
35,327643,881,9,121.20822000000001
36,686242,29,5,789.39552
37,290935,322,2,26.935160000000003
38,424688,229,2,24.98881
39,244959,816,3,74.871216
40,252541,531,3,6.764472
41,152431,188,8,13.279392
42,336566,63,6,81.14991599999999
43,159278,731,4,156.16484400000002
44,290570,301,3,21.549852
45,672824,436,10,168.10136
46,309460,587,4,514.8813799999999
47,250717,2,6,51.86826
48,413761,208,9,270.90513
49,661260,273,1,7.7986320000000005
50,389137,460,7,8.221626
51,5165010,572,3,56.635025999999996
52,276801,688,6,250.37812799999998
53,671190,631,5,211.48884499999997
54,272163,1,5,37.227575
55,252541,102,7,18.684204
56,286932,815,5,64.45017
57,304530,270,9,264.470814
58,673474,722,5,22.44816
59,297488,857,10,103.12342
60,306523,174,1,38.205888
61,5164832,640,6,117.485964
62,181321,692,2,10.238769999999999
63,314906,968,1,8.091006
64,159278,999,1,32.980662
65,5158588,930,3,36.972936000000004
66,299674,30,1,8.478085
67,291641,884,9,845.499762
68,82090,618,7,82.22329500000001
69,663060,288,10,12.99772
70,244959,130,6,146.00363399999998
71,281964,490,10,584.94186
72,424469,895,7,401.42592
73,5159113,463,2,19.561320000000002
74,5164832,484,10,152.84106000000003
75,306523,119,9,335.267604
76,5181911,344,10,818.2178999999999
77,5327219,588,8,16.34976
78,671190,190,4,169.19107599999998
79,281964,42,7,409.459302
80,653813,152,9,83.87208
81,258534,232,7,82.344906
82,673581,845,10,80.79993
83,654066,61,4,6.604536
84,250306,401,7,66.57417899999999
85,5160460,235,3,35.572061999999995
86,299674,853,8,64.55592
87,324368,315,2,20.841268
88,680045,765,3,510.717636
89,389137,153,4,5.076467999999999
90,284040,233,3,439.47279
91,342228,864,3,255.82265099999998
92,159278,823,6,197.88397200000003
93,244959,543,3,74.871216
94,274780,600,4,589.263416
95,274326,856,10,448.07301
96,286932,767,3,32.482038
97,309460,888,8,1056.13248
98,357092,853,10,1142.31546
99,673474,340,3,20.029842
100,290935,721,6,56.513040000000004
101,680045,192,4,715.4367920000001
102,77927,948,4,10.772352
103,681935,340,9,2864.70756
104,5222732,196,2,150.906438
105,274326,845,8,455.041944
106,280074,988,3,73.575909
107,297488,799,6,57.262008
108,273383,793,4,33.05016
109,654066,158,1,1.651134
110,287257,511,1,300.10857799999997
111,663060,118,6,8.129352
112,272163,441,3,32.68174500000001
113,250306,665,2,17.165722
114,664303,905,8,17.394272
115,324368,984,9,109.945836
116,661401,63,10,78.72203999999999
117,682978,450,10,613.5050600000001
118,309460,68,6,792.0993599999999
119,670451,530,10,123.53802999999999
120,365891,546,7,816.629198
121,681616,94,8,1553.23872
122,5164832,696,5,84.94311000000002
123,5082817,271,2,29.546352
124,258986,130,2,13.635089999999998
125,5222732,508,7,412.269417
126,342333,973,3,28.890582
127,370545,435,7,18.428255999999998
128,657303,876,2,10.611804000000001
129,5170997,349,3,44.45091
130,5181370,926,3,168.42588
131,5159642,413,8,232.806912
132,258986,84,9,87.10456500000001
133,378595,597,4,220.769892
134,77927,719,3,5.5218240000000005
135,661260,948,2,23.254704
136,5242257,429,1,11.81466
137,380673,797,10,112.25862000000001
138,316067,589,2,203.08859999999999
139,5157522,876,9,310.52435399999996
140,261633,728,10,122.01952
141,5081799,668,3,195.16949100000002
142,291641,280,9,981.5486309999999
143,657303,878,10,61.15554
144,317726,231,5,77.64141000000001
145,424469,177,8,666.92736
146,365891,56,7,841.6736859999999
147,680045,135,6,1209.134916
148,159278,484,5,199.690605
149,275076,77,5,153.32031
150,661085,500,9,63.100080000000005
151,273383,705,6,60.03342000000001
152,309460,980,5,691.470325
153,306523,252,3,170.450028
154,290570,500,6,43.099704
155,274257,888,5,956.0571900000001
156,357092,872,9,971.766963
157,365891,182,9,932.158764
158,258986,758,2,15.984539999999999
159,5082817,403,2,31.258656
160,673581,930,7,59.837778
161,82090,758,10,80.80080000000001
162,327643,314,2,26.935160000000003
163,662590,964,2,14.34654
164,671190,948,4,156.579704
165,661401,190,5,60.03342
166,258534,626,5,57.49689
167,272903,250,10,1030.28492
168,661401,345,7,55.105428
169,272529,222,5,394.85971
170,280074,353,9,137.010078
171,271879,484,6,16.015032
172,682978,851,8,552.9939360000001
173,297488,823,10,95.43668
174,664303,894,9,15.887844
175,663060,851,10,13.548919999999999
176,306523,34,2,111.08143199999999
177,290570,33,2,15.921216000000001
178,274431,204,4,12.833127999999999
179,294266,281,3,59.308416
180,276801,121,7,345.785748
181,671930,448,4,137.729592
182,366351,399,3,6.903467999999999
183,272163,846,6,46.04313
184,370545,301,8,16.816896
185,680045,502,9,1813.7023740000002
186,682978,780,2,92.725244
187,258741,281,4,37.84374
188,290935,441,3,31.314240000000005
189,5171372,415,6,91.263744
190,5222732,538,2,130.927594
191,316067,216,4,406.17719999999997
192,336566,73,8,165.026448
193,10933,26,9,343.791063
194,284040,635,4,733.83948
195,271686,42,1,2.1621599999999996
196,670451,360,10,123.53802999999999
197,286932,209,3,33.313824000000004
198,663060,163,10,13.33056
199,271879,738,6,14.213976
200,342228,602,5,384.77960499999995
201,324282,526,1,5.09328
202,671930,300,5,172.16199
203,317726,90,10,126.07517999999999
204,250717,190,6,79.10946
205,328359,439,7,350.90853
206,428463,847,4,693.953568
207,661085,895,5,50.96107500000001
208,5158807,381,9,507.82188599999995
209,672824,602,1,12.703432
210,687212,192,6,44.2572
211,275612,381,9,91.04238
212,671190,695,3,159.82223399999998
213,328359,842,1,82.616085
214,5165010,520,9,199.181268
215,295897,216,9,66.43444500000001
216,309460,972,8,1029.7627599999998
217,671875,102,5,157.29432
218,681935,343,5,1357.5806999999998
219,332278,319,9,75.522942
220,653813,79,6,60.07343999999999
221,273383,141,4,40.02228
222,280074,505,7,145.026882
223,380673,373,8,81.046448
224,5160460,731,2,35.357388
225,428463,909,2,262.210608
226,662953,609,3,25.444314
227,9714,19,5,79.30493999999999
228,682978,497,7,348.67625799999996
229,682978,173,8,398.487152
230,370545,726,10,18.10944
231,670409,517,1,37.506861
232,250717,620,4,51.55524
233,258534,594,3,24.859338
234,266826,434,10,114.59448
235,77927,774,4,10.530432
236,275612,394,2,24.49962
237,7024694,652,10,16.034399999999998
238,5170997,546,5,74.08485
239,5181370,122,3,132.67716000000001
240,274780,130,10,1141.7750400000002
241,657343,456,7,82.40064
242,5167862,854,1,12.443952
243,5159113,106,1,8.56394
244,283751,13,5,339.1234
245,5181370,818,8,348.10368000000005
246,342333,476,5,45.96528
247,670357,746,3,134.96743800000002
248,5159642,85,1,28.374268
249,5158807,72,1,59.281690999999995
250,274780,873,10,1113.26698
251,258584,491,1,4.011744
252,657303,597,8,32.898816000000004
253,5160460,770,4,70.714776
254,5159113,571,7,58.981440000000006
255,5160266,705,9,131.79299400000002
256,5025072,105,8,737.179632
257,5081799,936,2,130.11299400000001
258,275245,825,2,15.996672000000002
259,5164832,64,3,57.423761999999996
260,7033014,685,8,24.463296
261,304530,127,7,238.798511
262,328359,823,10,564.6448499999999
263,272903,647,10,1325.3524200000002
264,5158077,50,7,28.994139999999998
265,274361,629,8,242.364672
266,663060,940,1,1.354892
267,671930,437,6,206.59438799999998
268,398017,832,6,112.79578799999999
269,274699,936,2,18.072324000000002
270,274361,147,9,334.841364
271,272577,823,4,74.115228
272,275612,259,1,8.031609999999999
273,275076,853,7,214.648434
274,5157522,89,8,256.913424
275,280074,494,9,154.323477
276,370366,642,5,85.19412000000001
277,5167862,215,2,22.457691999999998
278,294266,328,9,206.53250400000002
279,653813,236,10,142.1352
280,680287,988,3,488.823525
281,274431,231,7,25.648685999999998
282,309460,813,2,257.44068999999996
283,5164832,8,8,105.33657600000001
284,280074,492,3,58.74965099999999
285,663060,282,2,3.439912
286,686242,182,3,581.651928
287,324368,136,1,9.947616
288,377288,300,6,729.4518
289,681616,360,5,699.5394
290,332278,467,8,45.026064
291,77927,393,6,11.382335999999999
292,281964,740,3,153.652422
293,5160266,732,3,28.803438
294,380673,285,8,115.05470400000002
295,271879,651,5,9.61702
296,341790,200,2,11.726154
297,349056,215,5,332.083605
298,378595,92,7,452.9184660000001
299,424688,274,7,111.026405
300,261633,752,2,24.403904
301,272411,977,9,13.468896
302,366351,199,10,23.011559999999996
303,5159113,690,9,112.77306
304,5158588,183,6,73.94587200000001
305,661085,56,3,27.137985000000004
306,5157522,789,8,339.967152
307,250029,993,8,266.950152
308,250306,802,8,59.145776
309,304530,629,5,210.08613499999998
310,290935,36,6,56.513040000000004
311,424469,149,3,155.24064
312,378595,201,4,306.36975600000005
313,258741,677,6,38.07351
314,7033014,940,9,32.578524
315,316067,700,9,779.5714499999999
316,5158588,667,9,131.30132400000002
317,687212,347,7,83.1831
318,670409,700,10,256.34301
319,281964,285,6,316.72930799999995
320,380673,477,4,49.911176000000005
321,332626,247,10,1115.0568
322,680287,559,3,334.089525
323,275245,104,7,83.261304
324,342333,697,10,82.95388
325,272411,159,7,10.973942
326,657303,979,3,17.934642
327,275076,536,2,52.313953999999995
328,9714,444,4,50.372296
329,271879,313,5,8.284040000000001
330,5164832,473,10,161.69868000000002
331,5025072,497,7,523.706022
332,657343,692,3,52.652159999999995
333,5081799,915,8,363.877976
334,5222732,459,3,154.70693699999998
335,671875,888,4,182.92969200000002
336,295897,567,6,45.64791
337,663060,813,8,13.759648
338,370545,600,1,1.634112
339,5157522,528,2,95.761116
340,305802,760,8,224.984376
341,272163,165,2,14.28523
342,661401,754,4,41.668368
343,5081799,773,5,201.90929
344,314906,390,7,55.724256000000004
345,244959,832,3,96.601491
346,5167862,258,6,111.033774
347,5222732,902,5,294.47815499999996
348,250029,700,6,157.71709800000002
349,276801,533,8,350.741216
350,316138,266,1,202.0161
351,316067,714,5,403.11325
352,320200,577,1,38.771808
353,357092,409,10,930.1838400000001
354,680287,986,4,459.11389999999994
355,687212,469,4,32.6976
356,681935,334,9,2370.93318
357,5160460,695,8,125.524336
358,337428,525,6,651.610926
359,7033014,10,6,22.217976
360,261633,267,10,94.57152
361,657343,897,3,42.04224
362,250717,962,2,22.87866
363,424469,582,9,767.53008
364,272411,887,2,3.4743239999999997
365,252212,789,2,23.12205
366,271879,982,3,6.393923999999999
367,258741,430,7,66.22654499999999
368,258584,262,9,41.910858
369,370545,931,5,8.17056
370,428463,55,10,1999.6178400000003
371,5676514,633,10,17.53466
372,662953,971,3,31.865525999999996
373,274780,297,4,478.426984
374,10933,111,10,436.26123
375,250717,211,2,16.00068
376,370366,751,5,68.02668
377,252212,970,9,84.478275
378,5167862,301,6,86.668326
379,283871,850,5,34.044
380,250306,943,4,31.954772
381,5025072,634,4,415.293912
382,181321,680,1,7.808085
383,274431,274,8,29.312783999999997
384,280074,939,2,30.446683999999998
385,82090,766,4,33.85718
386,670357,232,3,145.838097
387,274361,76,8,218.698656
388,377288,244,1,107.9029
389,5181911,477,5,432.8181
390,275076,523,3,78.470931
391,252212,968,4,52.1037
392,5158077,472,3,16.91118
393,299674,782,3,20.035784999999997
394,271879,636,9,24.022548
395,5157363,527,4,81.683976
396,306523,886,2,113.633352
397,428463,588,10,1408.5640799999999
398,671190,494,9,567.5738309999999
399,672824,778,3,45.370583999999994
400,5170997,54,3,38.29392000000001
401,5181370,549,1,64.70892
402,317726,912,2,25.215035999999998
403,5173243,252,9,76.39920000000001
404,271879,302,10,23.68996
405,250029,73,1,23.337162000000003
406,272411,866,8,12.168464
407,10933,375,8,349.008984
408,200342,998,10,91.41
409,671190,424,4,201.42320399999997
410,424469,898,8,666.92736
411,370366,96,2,34.860528
412,681935,339,6,1580.62212
413,244959,949,5,121.66969499999999
414,5159642,453,4,173.105712
415,657343,629,10,120.7296
416,5171372,399,2,30.421248000000002
417,366351,521,9,16.443342
418,5158588,752,7,81.54442800000001
419,271879,544,7,18.684204
420,349056,156,6,565.716798
421,378595,831,9,550.424889
422,665505,747,5,24.767119999999995
423,7033014,621,5,12.45024
424,258584,701,9,32.580108
425,664303,204,6,11.736792000000001
426,77927,350,1,2.336544
427,424469,719,5,426.4056
428,152431,357,1,1.584576
429,283751,861,7,367.97375999999997
430,274431,937,1,3.876444
431,5165010,183,1,18.878342
432,681935,247,1,252.71981999999997
433,5160460,31,2,31.381084
434,398017,13,1,17.497874
435,5082817,588,10,129.35384
436,283751,852,2,110.13463999999999
437,398017,357,4,92.618008
438,670451,862,3,37.061409
439,5158077,133,9,53.302409999999995
440,5159113,655,3,25.69182
441,261633,875,7,96.236448
442,380673,522,8,78.63486400000001
443,271686,494,10,26.1828
444,332626,106,9,737.39304
445,327643,358,10,151.74060000000003
446,686242,115,4,939.1396320000001
447,283871,109,9,67.91040000000001
448,672824,452,2,38.750544
449,5158588,649,10,100.35648
450,370366,620,6,90.735792
451,324282,343,9,53.20971
452,290935,345,3,30.53238
453,159278,668,10,268.56048
454,152431,753,7,11.273724000000001
455,271686,818,8,12.70976
456,9714,308,9,121.76728199999998
457,272529,888,10,641.17858
458,7033014,621,10,26.084519999999998
459,274326,676,2,92.36291399999999
460,274326,824,3,170.640729
461,297488,842,8,82.498736
462,428463,514,10,1213.32816
463,336566,861,3,41.613984
464,398017,675,1,16.193596
465,250717,134,10,86.4471
466,316138,506,9,1271.1698999999999
467,357092,205,7,840.109263
468,5165010,215,10,261.98106
469,370366,133,7,95.237352
470,309460,495,5,981.621225
471,283751,622,3,183.05892
472,324368,946,1,10.420634
473,309460,480,6,1151.4917699999999
474,305802,356,4,87.447688
475,5676514,256,8,14.622608
476,5160460,518,8,125.524336
477,266826,88,3,25.260648
478,250717,344,9,77.80239
479,5025072,131,2,149.630292
480,9714,136,8,126.88790399999999
481,673474,352,8,53.412912
482,77927,279,7,11.438784
483,413761,772,2,77.44238999999999
484,181321,636,5,39.040425
485,283871,700,2,15.3384
486,673474,814,1,4.703117999999999
487,5085621,828,10,15.14958
488,5181370,271,6,320.61744000000004
489,316067,129,8,596.9048
490,5676514,111,8,14.027728
491,389137,53,3,3.8073509999999997
492,250717,166,9,92.62431
493,5085621,934,1,1.948833
494,5081799,916,4,266.204268
495,5164832,101,5,66.91377
496,671930,96,3,97.638723
497,336566,101,3,53.691834
498,356804,148,5,214.05165
499,314906,194,2,18.481068
500,320200,863,9,314.872956
501,5171372,129,1,12.145536
502,5158766,940,2,27.194776000000005
503,250717,913,6,77.33286
504,378595,569,9,689.3319510000001
505,357092,284,6,647.844642
506,5159642,313,6,182.907816
507,687212,266,10,121.563
508,252541,316,2,3.672192
509,274257,292,9,1068.198588
510,356804,612,6,423.31977000000006
511,284294,503,2,30.344468
512,252212,77,7,63.750225
513,314906,20,9,69.85661400000001
514,657343,12,3,44.478719999999996
515,181321,219,8,51.58296
516,314906,226,4,46.290024
517,5081799,886,8,520.4519760000001
518,7024694,658,9,13.02183
519,389137,80,6,9.590723999999998
520,305802,868,7,252.20582100000001
521,9714,218,6,77.493312
522,377288,115,4,410.8104
523,357092,890,5,465.0919200000001
524,366351,647,5,12.08837
525,681616,12,10,1399.0788
526,290935,727,5,47.09420000000001
527,673474,772,1,5.792682
528,274326,509,9,386.859969
529,7024694,357,2,4.76901
530,304530,50,7,264.61064700000003
531,5158807,87,4,267.17314799999997
532,274361,941,1,31.736165999999997
533,271879,747,4,9.019295999999999
534,5158766,637,3,47.016828000000004
535,275612,669,10,83.72209999999998
536,314906,34,1,7.761846
537,370366,225,8,108.842688
538,250029,829,2,63.52117200000001
539,5160266,816,10,100.08305999999999
540,250029,710,6,200.212614
541,110597,159,6,71.758656
542,686242,88,1,142.462792
543,271686,67,10,20.4372
544,309460,954,10,1341.79045
545,357092,258,4,431.896428
546,653813,323,5,50.06119999999999
547,661085,471,4,25.306040000000003
548,5327219,259,8,14.08512
549,250306,952,4,48.737412
550,413761,716,5,215.197325
551,291641,482,4,619.298028
552,424469,719,10,582.8592000000001
553,5164832,628,10,133.82754
554,309460,938,2,340.66487
555,110597,1000,9,97.127532
556,272163,95,4,37.806580000000004
557,5158766,853,10,95.09624000000001
558,673581,69,3,26.943273000000005
559,682978,741,2,122.701012
560,9714,635,7,94.70788599999999
561,290570,694,8,62.094768
562,250717,121,9,79.79472
563,5160460,373,2,31.381084
564,275076,851,8,257.733784
565,294266,916,9,206.53250400000002
566,671875,583,6,184.040358
567,252541,873,5,8.95126
568,290570,793,6,71.030196
569,424688,708,6,74.96643
570,424688,619,2,30.19302
571,77927,961,5,9.48528
572,681616,10,5,699.5394
573,336566,125,2,40.330092
574,320200,907,6,300.148548
575,271686,784,10,21.621599999999997
576,5085621,312,8,19.525176
577,5164832,609,1,16.169868
578,662953,408,6,56.563835999999995
579,77927,361,1,2.336544
580,250306,818,2,19.021193999999998
581,250306,130,5,60.921765
582,357092,116,9,837.1654560000001
583,5159642,169,10,304.84636
584,653813,352,8,113.70816
585,670409,973,1,24.591441
586,291641,501,9,845.499762
587,670451,550,6,94.094574
588,299674,62,2,13.35719
589,304530,963,9,359.930142
590,299674,740,8,53.42876
591,356804,708,4,198.79566
592,657343,656,4,50.588159999999995
593,662953,442,3,31.865525999999996
594,681616,305,2,279.81576
595,665505,709,4,17.067391999999998
596,275076,870,10,225.31454
597,314906,216,7,55.724256000000004
598,661085,232,8,58.75604
599,244959,375,2,74.228238
600,681935,707,3,1003.25358
601,424469,891,4,295.96224
602,258584,271,6,27.940571999999996
603,250306,663,2,15.977386
604,77927,574,1,1.810944
605,152431,197,8,14.714784
606,295897,515,4,37.482060000000004
607,686242,123,7,1425.9084280000002
608,5676514,380,5,13.37193
609,5167862,778,2,28.889442
610,286932,587,3,49.541598
611,309460,457,6,1177.94547
612,5158077,402,9,50.73354
613,258534,842,1,7.137892
614,5158766,137,1,10.538688000000002
615,316067,876,5,533.42975
616,276801,998,2,69.073928
617,365891,820,2,266.47189199999997
618,295897,847,6,50.58207
619,152431,729,5,11.78226
620,671875,342,2,56.774044
621,272163,911,7,66.16151500000001
622,670357,881,8,579.8319120000001
623,297488,434,7,74.034912
624,272529,250,8,441.845728
625,77927,492,10,16.34112
626,671875,648,8,263.638088
627,5081799,371,9,494.617266
628,5181911,527,10,636.0554
629,7033014,515,8,19.423008
630,670451,365,6,74.122818
631,332278,800,2,10.417464
632,349056,810,5,309.094365
633,661401,740,3,31.251276
634,670451,832,8,141.356424
635,250029,470,1,23.337162000000003
636,305802,463,4,144.117612
637,349056,526,10,735.95817
638,272577,379,1,16.445051
639,9714,355,4,76.827816
640,271686,520,3,5.2819199999999995
641,181321,815,4,18.951159999999998
642,287257,633,4,1181.087616
643,295897,90,5,36.31320000000001
644,680287,432,1,98.86945
645,274361,304,1,35.166582
646,7033014,564,3,6.740712
647,284294,795,8,154.082096
648,682978,821,1,55.195038000000004
649,366351,885,2,4.350204
650,671930,505,1,29.371433
651,377288,534,9,752.6736000000001
652,274780,418,4,412.11396800000006
653,5181370,173,10,534.3624000000001
654,159278,846,6,163.775766
655,5181911,278,1,86.56362
656,250717,333,3,38.66643
657,5171372,718,9,94.16908800000002
658,370366,665,10,117.20832000000001
659,663060,814,6,8.129352
660,324368,514,1,9.947616
661,370366,998,7,83.389768
662,5159113,382,7,76.09994
663,687212,636,4,42.1876
664,5159113,609,6,75.18204
665,77927,247,6,13.343615999999997
666,258534,875,6,68.996268
667,250029,300,7,269.224641
668,370366,402,6,102.232944
669,290570,461,2,16.182012
670,291641,27,7,710.576769
671,316067,391,8,661.4976
672,272163,38,7,76.257405
673,317726,841,8,96.281856
674,5081799,475,1,46.879678999999996
675,5159642,381,8,243.877088
676,342333,897,7,95.69813400000001
677,672824,813,5,65.14368
678,380673,564,6,71.258616
679,287257,699,2,590.543808
680,7024694,729,4,7.444979999999999
681,5158588,332,4,51.793392000000004
682,5173243,249,9,93.8223
683,5157522,651,10,424.95894
684,258986,718,6,56.765609999999995
685,671930,861,5,140.19096000000002
686,281964,950,8,495.072864
687,304530,640,1,42.017227
688,349056,941,3,171.63282600000002
689,328359,556,7,565.325145
690,316138,868,7,877.7678000000001
691,5173243,518,10,82.76849999999999
692,258741,757,10,79.92269999999999
693,272411,913,9,17.378045999999998
694,365891,473,5,559.57637
695,5159642,90,7,302.934996
696,275245,677,4,41.278944
697,5081799,648,10,468.79679
698,284294,152,10,217.00734
699,356804,785,4,185.03358
700,5164832,146,7,96.552246
701,5158807,595,9,420.29133299999995
702,5222732,548,5,327.318985
703,682978,936,3,139.08786600000002
704,661401,776,3,28.115748000000004
705,5158766,140,1,15.672276000000002
706,200342,42,3,17.022000000000002
707,272163,75,2,18.903290000000002
708,258741,856,5,37.772324999999995
709,77927,499,5,10.51056
710,252212,190,4,41.6043
711,671190,669,9,479.46670199999994
712,663060,926,7,11.459448
713,687212,453,10,85.63099999999999
714,314906,303,1,7.1832840000000004
715,271879,466,6,11.197032
716,681616,715,3,516.96036
717,5157363,607,3,42.142176
718,275612,558,4,32.126439999999995
719,662953,85,4,26.372752
720,266826,894,9,83.982528
721,349056,35,4,257.761812
722,252212,421,6,78.15555
723,5170997,572,6,113.89518000000001
724,266826,879,9,108.357228
725,661260,299,2,16.757328
726,5242257,800,2,27.97146
727,673581,795,8,68.386032
728,286932,402,7,77.732256
729,661401,199,7,72.919644
730,653813,353,6,73.99055999999999
731,273383,610,5,50.02785
732,5170997,598,10,133.71609999999998
733,670409,480,9,204.82572600000003
734,356804,666,3,183.63775500000003
735,258584,942,7,41.761566
736,271879,681,1,1.656808
737,250306,507,1,8.193264
738,284040,402,2,309.96108
739,671190,470,4,201.42320399999997
740,304530,223,10,420.17226999999997
741,671190,878,10,532.74078
742,671930,145,7,191.366903
743,77927,788,1,1.765728
744,252541,293,1,1.790252
745,258741,460,9,75.572595
746,654066,448,8,17.976816
747,670451,968,3,44.779878
748,5170997,720,1,18.556230000000003
749,275245,564,8,57.738624
750,5158807,291,1,53.33379299999999
751,290570,122,10,115.72506000000001
752,327643,182,5,54.6721
753,5676514,726,10,26.14326
754,663060,935,7,9.484244
755,356804,702,5,306.062925
756,275076,802,6,173.905974
757,110597,156,5,69.41349
758,5222732,418,9,663.828561
759,272903,191,6,667.960188
760,258584,945,10,39.11578
761,250717,392,2,18.575339999999997
762,673474,824,4,22.054032
763,428463,124,2,312.163632
764,342228,357,10,716.28473
765,5165010,702,1,17.571445999999998
766,275245,455,8,62.389056000000004
767,272903,475,10,1113.26698
768,349056,533,7,660.002931
769,413761,564,6,180.60341999999997
770,266826,146,3,40.695732
771,250029,295,5,126.08401500000001
772,5158588,783,1,10.200036
773,320200,474,8,279.887072
774,661401,963,7,59.20395599999999
775,327643,344,9,121.20822000000001
776,332278,891,10,57.723839999999996
777,680045,628,2,412.30429200000003
778,5676514,525,6,10.966956
779,77927,602,3,6.671807999999999
780,250717,421,6,53.19648
781,284040,513,1,187.67457
782,5170997,2,4,46.072880000000005
783,349056,15,2,126.803808
784,286932,92,5,58.16320999999999
785,5165010,51,7,154.918764
786,670357,743,2,101.34847800000001
787,654066,437,5,9.298905000000001
788,274361,810,9,405.478062
789,275245,263,1,11.894472
790,275245,927,6,43.303968
791,661260,312,4,28.869312
792,378595,534,2,95.08489200000001
793,272163,108,2,14.28523
794,5167862,134,4,49.775808
795,274780,606,10,1402.1607600000002
796,290570,990,2,15.523692
797,662953,127,1,8.972964
798,337428,677,1,139.133529
799,671875,966,2,62.917728000000004
800,428463,241,9,1179.9477359999998
801,5327219,657,2,3.17744
802,332278,18,8,46.179072
803,291641,602,6,908.0852219999999
804,377288,729,3,226.39260000000002
805,274361,760,4,148.818384
806,283871,678,10,92.66400000000002
807,332626,711,3,276.85812
808,661085,275,10,68.36064999999999
809,357092,374,10,1142.31546
810,377288,141,5,438.03549999999996
811,295897,980,8,60.86388
812,332278,476,4,28.355183999999998
813,5159642,457,1,29.577548
814,5181911,407,7,636.62711
815,297488,523,8,76.349344
816,671190,475,4,156.579704
817,250717,908,1,8.86608
818,5159113,41,9,88.02594
819,356804,405,8,342.48264
820,428463,940,3,468.245448
821,290570,400,7,64.683738
822,258534,704,9,91.855386
823,670409,825,4,105.681828
824,681935,875,3,902.59434
825,284294,70,10,151.72234
826,661085,846,2,12.653020000000001
827,680287,896,4,395.4778
828,5181911,993,10,818.2178999999999
829,686242,693,2,459.02445600000004
830,272163,598,7,74.544855
831,670357,214,4,199.43020800000002
832,687212,823,6,44.2572
833,274326,522,5,230.90728499999997
834,290935,552,10,109.3442
835,5085621,894,9,18.555965999999998
836,305802,110,6,211.321638
837,283871,576,9,100.9908
838,681616,862,2,397.23048000000006
839,274699,704,8,80.35115200000001
840,428463,105,5,655.5265199999999
841,428463,646,1,165.127248
842,82090,738,10,99.2277
843,681616,976,3,390.66732
844,275612,784,9,77.66072999999999
845,5159113,166,9,88.02594
846,7033014,724,7,16.995131999999998
847,272577,59,2,23.002396
848,680045,394,7,1443.0650220000002
849,110597,822,2,24.311364
850,5025072,65,7,523.706022
851,275245,788,4,37.137312
852,661085,297,5,34.180324999999996
853,5181370,38,1,56.141960000000005
854,428463,756,9,1267.707672
855,5085621,487,4,7.034915999999999
856,662590,967,3,22.07088
857,398017,381,10,161.93596
858,273383,934,4,31.23972
859,324282,984,4,21.341879999999996
860,398017,108,3,48.580788
861,413761,587,1,33.904255
862,266826,652,2,16.840432
863,661085,201,8,54.68852
864,662953,127,5,54.32931
865,332626,312,8,1080.2275200000001
866,370545,229,9,21.028896
867,5158766,654,7,109.70593200000002
868,673581,40,3,26.943273000000005
869,306523,148,2,98.589176
870,299674,524,6,35.575979999999994
871,299674,449,5,48.858974999999994
872,377288,810,7,870.5781000000001
873,283751,107,1,78.17436
874,398017,448,6,112.79578799999999
875,200342,332,3,27.423000000000002
876,250029,771,2,66.737538
877,5171372,347,6,62.77939200000001
878,653813,70,8,88.75583999999999
879,314906,239,8,66.71313599999999
880,7033014,378,9,27.521208
881,258584,377,4,16.046976
882,5159642,654,8,270.238176
883,275076,920,3,73.038603
884,9714,852,7,88.151518
885,261633,189,1,8.533695999999999
886,665505,34,5,35.15976
887,295897,191,10,89.1891
888,258741,589,3,28.382804999999998
889,682978,885,8,441.56030400000003
890,274326,686,6,384.525306
891,284294,652,4,60.688936
892,271686,114,2,4.324319999999999
893,662953,997,7,51.146592
894,661260,192,4,39.289536000000005
895,653813,259,10,142.1352
896,671190,999,4,176.36603599999998
897,673474,202,8,52.213392
898,5081799,50,4,219.829896
899,671930,658,8,289.40693600000003
900,366351,526,6,16.719588
901,77927,317,2,3.531456
902,258584,906,1,3.911578
903,274326,174,3,134.42190300000001
904,5157522,578,4,191.522232
905,309460,144,6,829.7643899999999
906,159278,693,7,169.635578
907,5676514,812,4,7.013864
908,327643,2,5,50.887299999999996
909,5164832,78,2,38.282508
910,661401,296,6,72.040104
911,349056,99,8,754.289064
912,673474,166,2,11.585364
913,671875,250,2,77.266332
914,317726,907,1,14.779908
915,250029,300,7,181.037808
916,274257,682,6,826.721196
917,275612,762,10,80.31609999999999
918,686242,872,4,814.8048160000001
919,280074,784,5,82.24736499999999
920,5025072,423,6,448.890876
921,290935,885,5,77.61330000000001
922,286932,647,7,75.791422
923,5158588,346,7,90.63843600000001
924,306523,680,3,170.450028
925,324282,688,9,46.59039
926,424469,246,9,750.29328
927,152431,611,4,6.639696
928,276801,578,9,354.994164
929,316138,737,1,202.0161
930,673581,618,10,67.87017
931,657303,689,4,14.843184
932,670357,238,4,244.910952
933,673581,576,8,58.334472
934,671875,327,2,65.909522
935,290935,524,1,15.522660000000002
936,304530,154,10,420.17226999999997
937,110597,493,5,53.95974
938,110597,153,2,29.374488
939,657303,397,1,4.773546
940,5081799,477,6,261.805962
941,258534,813,10,71.37892
942,304530,414,10,325.65552
943,673474,865,3,12.153708000000002
944,77927,739,7,13.279392
945,398017,265,3,54.719742
946,654066,439,7,16.526181
947,657343,971,9,98.04672000000001
948,370366,90,9,136.103688
949,5327219,669,8,17.297279999999997
950,5159113,406,8,97.99152000000001
951,428463,850,8,1248.654528
952,77927,178,6,10.865664
953,261633,614,2,19.813695999999997
954,5159113,419,2,19.561320000000002
955,653813,744,9,86.01984
956,5327219,389,5,8.5834
957,82090,273,5,58.730925
958,10933,373,8,305.592056
959,272577,546,5,63.728880000000004
960,661401,805,4,29.141664000000002
961,5181911,165,6,429.85866
962,272903,981,1,140.21607600000002
963,275245,71,9,71.98502400000001
964,5327219,97,5,13.0914
965,337428,885,9,855.8252009999999
966,261633,94,6,65.866176
967,673474,109,8,44.108064
968,370545,650,3,4.902336
969,272411,7,5,7.4827200000000005
970,258584,646,8,46.655664
971,673581,64,4,34.193016
972,413761,12,3,104.83210499999998
973,316067,181,9,1081.83735
974,286932,203,5,54.13673
975,258584,153,8,33.620048
976,332278,2,5,28.861919999999998
977,272903,435,7,812.3344460000001
978,663060,953,10,12.99772
979,290570,44,1,8.339141999999999
980,258584,219,10,39.11578
981,672824,71,7,111.999888
982,252212,292,5,52.005375
983,266826,398,2,19.550216
984,286932,54,6,99.083196
985,271686,43,5,8.9474
986,424469,371,2,111.82944
987,274257,707,4,646.115184
988,280074,85,7,175.62113100000002
989,671190,791,9,380.679921
990,272903,694,5,515.14246
991,284040,534,6,769.6042199999999
992,275612,439,5,47.80845
993,336566,444,6,120.990276
994,671930,372,2,72.35173400000001
995,7033014,706,9,22.410432000000004
996,5181911,113,4,274.91404
997,378595,820,9,582.323742
998,286932,124,8,90.292048
999,252212,526,8,64.6836
1000,5160266,222,8,78.776064
1001,258986,932,8,54.54035999999999
1002,671190,518,3,189.19127699999999
1003,366351,531,10,24.17674
1004,275245,270,4,31.993344000000004
1005,266826,92,4,37.325568000000004
1006,5158807,614,7,414.97183699999994
1007,5167862,359,6,91.69102799999999
1008,284040,331,10,1628.2791
1009,686242,805,4,918.0489120000001
1010,297488,67,9,92.811078
1011,5159642,382,2,58.201728
1012,671875,873,1,40.589339
1013,272903,574,2,222.65339600000001
1014,252212,579,9,104.049225
1015,272411,385,1,1.7371619999999999
1016,306523,829,9,310.277016
1017,5181911,664,10,704.8847999999999
1018,250306,808,6,57.063582
1019,294266,598,2,57.478608
1020,159278,462,6,187.044174
1021,349056,940,4,368.67481200000003
1022,356804,52,4,192.88038
1023,258584,906,2,9.853272
1024,281964,833,8,599.511312
1025,306523,562,2,98.589176
1026,654066,895,1,1.651134
1027,272903,566,5,736.57927
1028,380673,871,7,83.135052
1029,370366,230,4,57.575232
1030,287257,790,6,2056.478652
1031,5181370,665,10,505.09080000000006
1032,5157363,240,9,183.788946
1033,424688,227,2,35.741310000000006
1034,274361,90,5,195.44217
1035,342333,691,10,118.61205999999999
1036,159278,478,8,209.484008
1037,670409,66,3,68.275242
1038,159278,981,1,26.185501
1039,272163,811,3,21.976560000000003
1040,670409,151,3,73.774323
1041,670409,742,10,309.72942
1042,5157522,708,7,283.134852
1043,320200,360,5,281.81703
1044,250029,476,4,100.86721200000001
1045,681935,145,7,1769.0387399999997
1046,5170997,279,5,82.34695
1047,258534,457,5,45.91071
1048,336566,675,2,29.061843999999997
1049,5081799,369,7,465.85746900000004
1050,670357,687,9,667.2967110000001
1051,5242257,946,10,93.80430000000001
1052,5160460,742,1,12.360194
1053,258534,858,3,23.730912
1054,290570,113,2,15.523692
1055,327643,520,10,128.1852
1056,653813,518,1,10.012239999999998
1057,281964,72,5,292.47093
1058,284294,855,9,164.988252
1059,378595,838,8,428.401512
1060,5170997,680,9,170.84277
1061,424688,636,8,126.88732
1062,309460,811,10,1703.32435
1063,274780,34,10,1160.4777800000002
1064,82090,114,9,108.144315
1065,657343,325,4,47.086079999999995
1066,5081799,220,5,201.90929
1067,663060,338,7,9.775108
1068,272163,175,9,64.283535
1069,320200,386,5,174.92942
1070,5170997,925,2,25.529280000000004
1071,284040,954,7,861.3441899999999
1072,305802,748,10,253.79711
1073,681616,617,2,267.11424
1074,341790,941,8,33.040392
1075,349056,783,5,309.094365
1076,290935,52,3,40.40274000000001
1077,309460,340,9,1072.13067
1078,77927,288,9,15.891551999999999
1079,681935,306,6,2006.50716
1080,671930,263,8,202.40292800000003
1081,252541,385,10,18.66172
1082,370545,483,6,10.865664
1083,252212,604,4,41.6043
1084,304530,220,3,95.257347
1085,286932,824,8,93.06113599999999
1086,258741,635,4,26.03232
1087,258986,526,7,67.747995
1088,5157522,907,8,256.913424
1089,5181370,634,10,435.1296000000001
1090,274361,877,8,253.88932799999998
1091,5165010,797,1,20.918934
1092,670409,346,4,117.105156
1093,5082817,820,5,57.42088
1094,181321,810,9,46.074465
1095,258741,232,8,54.54035999999999
1096,250029,743,4,120.08314800000001
1097,327643,379,6,62.62848000000001
1098,272529,837,9,800.806446
1099,328359,245,3,204.67161
1100,10933,575,3,109.934961
1101,327643,348,3,28.256520000000002
1102,5167862,35,2,24.266498
1103,7033014,811,8,20.867615999999998
1104,5676514,887,4,6.4910559999999995
1105,266826,645,8,72.787232
1106,5164832,560,6,117.485964
1107,682978,642,1,47.549856000000005
1108,686242,300,6,1163.303856
1109,661401,758,7,50.99791200000001
1110,275245,109,4,31.194528000000002
1111,320200,307,1,45.005634
1112,306523,785,4,187.675488
1113,428463,102,7,1399.732488
1114,389137,984,9,14.386085999999999
1115,357092,229,2,276.65868600000005
1116,275245,614,1,11.894472
1117,5160460,773,4,43.894064
1118,274361,520,3,92.375514
1119,357092,269,8,1106.6347440000002
1120,309460,827,4,612.97002
1121,5159113,589,5,38.015800000000006
1122,272577,758,7,93.462943
1123,5181911,68,4,286.57244
1124,252212,864,5,52.005375
1125,272903,568,1,165.982278
1126,5165010,928,1,18.316606
1127,673581,401,6,60.714522
1128,10933,439,9,491.72181300000005
1129,5167862,632,7,129.539403
1130,5158766,371,2,21.422632000000004
1131,657303,869,1,5.050188
1132,200342,721,8,51.128
1133,5222732,883,5,311.54409
1134,653813,387,9,110.98584
1135,309460,825,4,681.32974
1136,324282,202,4,19.86444
1137,680045,905,4,715.4367920000001
1138,283751,143,4,271.29872
1139,671930,200,7,177.10256200000003
1140,258741,604,3,25.190865000000002
1141,274361,793,2,61.583676
1142,653813,391,10,117.3744
1143,271879,33,1,1.866172
1144,366351,652,8,22.292784
1145,5081799,710,5,223.75848000000002
1146,661260,947,10,79.98336
1147,283871,230,3,33.6636
1148,110597,190,10,154.30926
1149,5157363,829,10,136.96653999999998
1150,306523,58,10,469.18872
1151,284040,502,6,683.26308
1152,332278,792,7,46.903374
1153,424688,82,2,22.18534
1154,272411,434,4,7.351343999999999
1155,5181370,881,5,217.56480000000005
1156,252212,39,9,104.049225
1157,5159113,761,7,72.43236
1158,5157363,499,8,109.57323199999999
1159,272411,658,10,14.965440000000001
1160,671930,411,2,68.864796
1161,661085,839,3,18.979530000000004
1162,332626,225,8,843.18048
1163,284040,366,9,1107.4425299999998
1164,244959,974,5,144.848655
1165,317726,200,8,86.88028800000001
1166,258534,941,2,20.412308
1167,283751,272,8,625.39488
1168,280074,139,9,137.010078
1169,280074,344,10,176.72921
1170,9714,297,1,19.206954
1171,673474,700,1,4.051236
1172,5159642,665,2,86.552856
1173,661085,311,1,9.045995000000001
1174,680287,66,3,296.60835
1175,324282,641,1,5.335469999999999
1176,681616,979,2,397.23048000000006
1177,671930,719,9,292.916169
1178,328359,271,5,277.7724
1179,681935,20,10,3183.0083999999997
1180,673474,284,3,16.540523999999998
1181,5160266,644,8,114.518448
1182,152431,725,1,2.303532
1183,290570,76,5,40.45503
1184,258986,966,8,67.17564
1185,389137,87,8,12.087143999999999
1186,661401,583,1,11.737044000000001
1187,365891,955,5,573.90576
1188,294266,604,9,180.839736
1189,670357,943,7,365.59826100000004
1190,297488,76,2,19.087336
1191,365891,714,7,1036.662914
1192,275612,200,3,22.29882
1193,671930,362,9,227.70329400000003
1194,275245,352,2,15.996672000000002
1195,377288,827,5,377.321
1196,657303,840,5,25.25094
1197,5159642,365,1,37.546964
1198,290570,979,4,41.084232
1199,5157522,794,6,254.975364
1200,413761,219,2,96.98601
1201,380673,848,6,56.576868
1202,671930,338,5,180.87933500000003
1203,284040,254,8,1501.39656
1204,682978,123,5,345.62121
1205,366351,30,5,12.08837
1206,286932,880,8,109.096416
1207,159278,155,8,249.392232
1208,663060,140,10,19.824120000000004
1209,250717,820,1,12.88881
1210,377288,674,2,167.26080000000002
1211,295897,142,2,14.76321
1212,5242257,865,4,39.11292
1213,428463,145,8,1075.700736
1214,258986,992,10,83.96955
1215,284040,64,9,1318.4183699999999
1216,258584,381,5,20.05872
1217,671875,371,1,31.458864000000002
1218,272577,284,8,103.636456
1219,342228,591,10,1067.94303
1220,250717,735,6,48.002039999999994
1221,77927,94,3,8.079264
1222,327643,276,2,20.35492
1223,286932,668,5,80.71503
1224,5167862,698,6,111.033774
1225,309460,582,6,714.75378
1226,380673,147,3,37.433382
1227,5159642,463,3,78.777816
1228,287257,437,5,1439.49749
1229,5173243,712,3,32.85765
1230,687212,957,4,33.2332
1231,252541,298,1,2.368996
1232,5181370,700,1,64.70892
1233,661085,298,5,31.632550000000002
1234,275245,18,10,118.94472
1235,274361,5,1,30.295584
1236,5158766,78,7,74.97921200000002
1237,5159113,162,7,72.43236
1238,5171372,995,7,94.500224
1239,275245,246,3,25.135992
1240,5242257,197,9,100.50722999999999
1241,290570,186,9,71.64547200000001
1242,398017,3,1,18.239914
1243,316067,344,9,756.37485
1244,275245,226,2,23.788944
1245,283751,208,3,160.28627999999998
1246,370366,868,8,136.310592
1247,5242257,305,4,38.48256000000001
1248,261633,361,6,69.68332799999999
1249,5181911,722,6,614.82366
1250,357092,338,10,974.41491
1251,274431,362,1,3.2082819999999996
1252,428463,687,6,786.6318239999999
1253,5181370,706,1,42.426520000000004
1254,281964,104,8,403.136256
1255,10933,989,2,67.82699600000001
1256,370366,170,4,68.155296
1257,258534,148,3,35.290673999999996
1258,366351,5,9,24.516162
1259,413761,369,2,96.98601
1260,200342,188,2,11.348
1261,686242,915,10,2037.01204
1262,272529,150,6,450.995688
1263,357092,89,9,1080.1404810000001
1264,305802,912,10,218.61921999999998
1265,324282,420,7,32.17158
1266,9714,452,9,113.337666
1267,320200,364,1,50.024758
1268,273383,972,3,24.787619999999997
1269,5170997,595,5,92.78115000000001
1270,200342,93,8,58.391999999999996
1271,424688,114,1,15.860915
1272,309460,470,8,1029.7627599999998
1273,357092,273,7,799.6208220000001
1274,306523,968,8,298.015648
1275,657303,532,6,30.301128000000002
1276,5171372,656,7,71.413888
1277,5170997,187,8,92.14576000000001
1278,5242257,232,5,59.0733
1279,5157363,618,4,58.86143199999999
1280,250306,474,5,39.943464999999996
1281,5158077,352,10,66.7293
1282,365891,359,6,721.4345879999998
1283,5157522,786,2,59.440824000000006
1284,275245,929,1,9.284328
1285,342228,226,1,90.216126
1286,664303,163,8,13.144864
1287,316067,967,5,533.42975
1288,274780,834,9,1001.940282
1289,671875,196,5,182.584485
1290,275612,706,3,25.886909999999997
1291,5025072,626,10,725.88978
1292,337428,525,7,760.2127469999999
1293,428463,869,9,1561.395528
1294,661260,493,8,82.557888
1295,5242257,789,4,57.228120000000004
1296,5170997,419,1,11.518220000000001
1297,271686,55,6,10.73688
1298,295897,621,6,45.64791
1299,337428,353,6,570.550134
1300,5160460,674,7,89.17480599999999
1301,274326,65,2,79.560828
1302,7033014,103,7,20.232827999999998
1303,291641,825,4,375.777672
1304,332626,408,4,527.9841600000001
1305,250717,619,9,102.95397
1306,342228,684,6,541.296756
1307,687212,559,8,66.4664
1308,370545,453,10,17.65728
1309,283871,546,1,7.6692
1310,378595,732,8,612.7395120000001
1311,275076,170,10,243.46201000000002
1312,341790,303,9,36.064412999999995
1313,5676514,197,2,3.2455279999999997
1314,673581,668,6,48.479957999999996
1315,200342,686,7,63.987
1316,673474,342,5,33.38307
1317,284294,24,7,101.884958
1318,5158588,427,1,14.589036000000002
1319,181321,570,2,12.18933
1320,681616,787,4,542.97936
1321,152431,813,6,9.663192
1322,290935,402,2,21.86884
1323,283871,165,10,112.21199999999999
1324,274361,688,7,212.06908800000002
1325,389137,645,1,1.3635089999999999
1326,275245,157,5,49.111920000000005
1327,661401,776,2,18.743832
1328,342228,829,2,153.91184199999998
1329,682978,407,7,300.34751600000004
1330,297488,54,9,92.811078
1331,5025072,867,2,139.271796
1332,304530,355,5,236.706195
1333,365891,749,6,888.5682119999999
1334,250717,212,10,90.1131
1335,5171372,670,7,85.018752
1336,317726,810,4,71.591256
1337,275245,249,8,78.57907200000001
1338,272577,370,1,16.445051
1339,5181370,939,10,455.8204
1340,673474,550,2,11.585364
1341,671930,372,8,326.07775200000003
1342,370366,814,8,139.442112
1343,680045,473,1,135.164026
1344,287257,7,8,3047.762032
1345,5164832,519,3,50.965866000000005
1346,5164832,612,10,131.67072000000002
1347,284040,201,10,1262.0016
1348,671930,30,1,40.759719000000004
1349,272163,935,7,53.716984999999994
1350,324282,578,4,25.01928
1351,670451,16,2,31.364857999999998
1352,159278,15,4,104.742004
1353,654066,288,9,19.116081
1354,5165010,948,1,20.918934
1355,316067,660,8,661.4976
1356,661401,463,9,93.753828
1357,5164832,680,6,91.70463600000001
1358,250029,199,3,78.85854900000001
1359,370366,203,6,68.569104
1360,5157363,361,1,12.675716
1361,428463,98,2,390.942288
1362,274326,356,6,268.84380600000003
1363,324368,175,3,43.383186
1364,200342,367,3,23.165999999999997
1365,370366,101,6,63.45801600000001
1366,673474,42,7,31.942218
1367,389137,130,2,3.3587819999999997
1368,681935,945,1,300.86478
1369,324282,706,2,10.35342
1370,250717,824,1,12.88881
1371,291641,317,5,604.247715
1372,5159113,474,8,78.24528000000001
1373,258534,659,9,69.41518199999999
1374,413761,580,6,195.14972999999998
1375,275245,943,2,20.639472
1376,274431,271,7,23.146717999999996
1377,258584,99,7,27.381046
1378,284040,581,2,264.40218
1379,664303,552,8,13.481472000000002
1380,5181370,919,2,126.51144000000001
1381,297488,407,2,30.750324000000003
1382,5158807,383,3,169.27396199999998
1383,181321,109,1,6.44787
1384,317726,105,5,73.89954
1385,686242,801,9,1744.9557840000002
1386,366351,981,7,11.835964
1387,5158077,938,10,66.7293
1388,341790,610,3,14.525081999999998
1389,653813,783,1,9.55776
1390,295897,139,7,53.255895
1391,5171372,353,8,87.686144
1392,5181911,344,1,73.84026999999999
1393,327643,836,4,37.675360000000005
1394,258986,222,5,34.08772499999999
1395,377288,524,10,754.642
1396,159278,985,5,195.20605500000002
1397,389137,907,9,12.271581
1398,284040,883,1,128.26737
1399,82090,369,8,58.32872
1400,680287,335,2,318.56385
1401,283871,802,5,34.044
1402,670357,168,9,456.06815100000006
1403,342333,339,4,53.456568
1404,661085,544,4,36.183980000000005
1405,5081799,353,7,384.702318
1406,291641,924,6,928.947042
1407,665505,397,5,29.03472
1408,252212,542,7,72.807525
1409,5222732,236,1,62.308817999999995
1410,7024694,529,10,18.61245
1411,274257,996,2,263.064768
1412,306523,762,4,149.007824
1413,181321,807,10,53.36485
1414,7024694,870,6,8.68122
1415,5081799,421,5,227.423735
1416,283751,152,1,61.019639999999995
1417,686242,762,4,918.0489120000001
1418,5181911,14,6,614.82366
1419,5167862,418,9,162.810351
1420,665505,128,7,49.223664
1421,275245,301,4,47.577888
1422,671875,528,7,270.432162
1423,316067,753,10,1015.443
1424,272903,292,9,1001.940282
1425,681935,393,2,543.0322799999999
1426,661085,581,10,90.45995000000002
1427,665505,926,4,18.442048
1428,274257,628,10,1377.86866
1429,258741,981,3,19.844054999999997
1430,5160460,991,8,97.287936
1431,252541,719,10,18.36096
1432,342333,743,1,8.295387999999999
1433,271879,799,6,11.016576
1434,274780,596,4,560.8643040000001
1435,200342,496,8,73.128
1436,258986,682,8,52.06464
1437,10933,953,10,558.9092700000001
1438,665505,539,9,52.262496
1439,266826,443,10,84.20215999999999
1440,5181370,358,10,561.4196000000001
1441,5171372,351,10,104.63232000000002
1442,272903,703,4,530.140968
1443,424688,862,4,57.07818
1444,5158077,780,5,20.710099999999997
1445,295897,254,2,14.16261
1446,283751,686,7,367.97375999999997
1447,663060,724,4,6.548256
1448,670451,692,2,24.309407999999998
1449,275245,837,2,15.996672000000002
1450,274699,691,6,67.899348
1451,5081799,446,7,328.15775299999996
1452,398017,537,10,231.54502000000002
1453,665505,518,4,19.224128
1454,672824,700,8,101.627456
1455,287257,168,3,1028.239326
1456,276801,33,4,157.775184
1457,305802,330,7,165.35920099999998
1458,5085621,194,7,11.458839
1459,5167862,712,10,124.43951999999999
1460,250717,288,9,97.99217999999999
1461,5085621,309,4,6.825588
1462,687212,199,3,24.924899999999997
1463,274699,903,8,92.61230400000001
1464,336566,333,5,69.35664
1465,389137,910,4,4.698072
1466,370366,621,9,105.48748800000001
1467,5158077,605,3,17.76747
1468,424469,81,5,291.42960000000005
1469,673474,800,2,8.979264
1470,250029,405,1,26.286183
1471,299674,499,10,95.52345
1472,250029,720,2,76.92132600000001
1473,336566,603,4,50.067375999999996
1474,356804,231,8,466.09992
1475,281964,420,8,403.136256
1476,413761,840,7,286.75647
1477,5676514,206,4,8.833967999999999
1478,274257,820,9,1374.124338
1479,283751,273,7,385.47123999999997
1480,274780,981,4,456.71001600000005
1481,5170997,297,7,132.87771
1482,271879,505,5,9.33086
1483,342333,248,6,80.18485199999999
1484,336566,931,9,124.841952
1485,661260,844,4,33.514656
1486,316067,820,2,168.0833
1487,681935,760,9,2370.93318
1488,378595,506,10,783.5202900000002
1489,287257,457,4,1756.417032
1490,283751,77,6,469.04616
1491,274326,838,6,307.03973399999995
1492,336566,937,8,161.320368
1493,309460,835,9,1459.11051
1494,284040,176,6,878.94558
1495,284294,730,10,145.54994
1496,258986,367,5,33.073425
1497,365891,167,2,240.47819599999997
1498,324368,576,6,59.685696
1499,5158807,933,6,355.69014599999997
1500,5082817,766,4,59.092704
1501,377288,756,10,1027.026
1502,252541,966,10,16.568080000000002
1503,283751,773,1,76.41875999999999
1504,5157363,763,6,97.83579600000002
1505,5181911,511,8,508.84432
1506,5165010,172,1,18.316606
1507,5025072,448,5,460.73726999999997
1508,327643,870,5,77.61330000000001
1509,295897,627,8,56.65044
1510,200342,881,4,32.452
1511,5164832,488,6,71.28813600000001
1512,366351,981,9,16.443342
1513,295897,943,10,73.81605
1514,287257,253,9,3263.487084
1515,294266,98,6,153.043632
1516,5081799,434,4,230.96088400000002
1517,687212,312,2,14.7524
1518,662590,843,8,57.38616
1519,413761,138,8,344.31572
1520,365891,962,9,932.158764
1521,663060,177,6,9.822384
1522,272163,403,6,39.66126
1523,680045,687,5,726.08501
1524,280074,891,2,43.534358
1525,110597,220,7,124.49921400000001
1526,275612,904,2,16.744419999999998
1527,332626,46,9,817.18848
1528,261633,272,8,79.25478399999999
1529,5327219,982,8,14.08512
1530,687212,56,1,7.3762
1531,342228,940,8,758.273432
1532,5159642,319,8,243.877088
1533,5157363,411,4,56.189568
1534,671190,2,7,451.58784299999996
1535,687212,780,2,21.0938
1536,272577,858,9,140.872446
1537,261633,641,8,68.26956799999999
1538,5025072,257,3,214.257312
1539,5242257,289,3,35.443979999999996
1540,332278,404,4,34.336872
1541,413761,478,4,154.88477999999998
1542,332626,644,5,442.65819999999997
1543,258584,30,1,3.620012
1544,295897,324,6,56.223090000000006
1545,77927,665,9,16.298496
1546,366351,239,10,21.751019999999997
1547,297488,837,10,110.79334
1548,377288,9,2,205.4052
1549,252212,211,8,83.2086
1550,287257,49,3,1087.8290279999999
1551,428463,622,3,422.56922399999996
1552,5676514,574,2,3.2455279999999997
1553,7024694,626,1,2.384505
1554,280074,577,2,35.345842
1555,5158588,3,1,12.324312
1556,275245,867,4,37.137312
1557,274257,41,8,949.509856
1558,673474,15,5,32.63337
1559,266826,677,7,94.95670799999999
1560,5160460,596,8,94.85883199999999
1561,337428,770,3,253.27033799999998
1562,82090,156,5,49.61385
1563,304530,324,2,65.13110400000001
1564,653813,2,5,69.4716
1565,280074,87,6,124.30875599999999
1566,5160266,14,7,68.929056
1567,5164832,882,3,39.501216
1568,305802,575,7,196.861329
1569,671875,893,1,30.673393
1570,370366,578,10,117.20832000000001
1571,258534,155,9,72.358902
1572,332626,860,9,817.18848
1573,672824,518,4,67.240544
1574,424688,34,4,73.12482
1575,295897,935,6,50.58207
1576,281964,472,10,512.17474
1577,661401,91,5,41.03022
1578,272411,119,4,8.702232
1579,673474,478,6,26.265203999999997
1580,380673,2,3,37.433382
1581,284040,368,7,861.3441899999999
1582,290935,122,7,71.24222
1583,670451,475,1,10.967842
1584,681935,667,4,1337.67144
1585,274361,910,1,37.204596
1586,5181370,728,5,280.70980000000003
1587,5181370,779,2,126.51144000000001
1588,181321,388,2,10.238769999999999
1589,272163,330,2,15.34771
1590,250717,421,8,74.30135999999999
1591,5676514,762,9,19.876427999999997
1592,5157522,323,2,76.464324
1593,304530,957,2,75.603042
1594,5164832,159,2,26.765508
1595,670357,549,1,57.873771000000005
1596,366351,472,3,5.888778
1597,342228,15,8,615.6473679999999
1598,284294,395,2,43.401468
1599,272163,630,6,46.04313
1600,671930,286,3,122.27915700000001
1601,662953,718,5,36.53328
1602,661260,951,4,46.509408
1603,275245,836,10,98.22384000000001
1604,152431,919,4,7.7837760000000005
1605,272903,244,8,824.2279360000001
1606,181321,797,5,32.23935
1607,5327219,378,4,7.377439999999999
1608,5081799,764,1,51.946983
1609,272903,33,6,696.2866680000001
1610,366351,49,10,27.240180000000002
1611,266826,492,1,8.420216
1612,663060,638,10,15.47388
1613,5082817,815,4,74.00553599999999
1614,305802,312,9,212.604687
1615,5167862,502,7,84.93274299999999
1616,398017,65,8,176.308704
1617,275076,414,5,130.78488499999997
1618,424469,201,8,682.24896
1619,274326,709,5,320.43775500000004
1620,272577,159,7,93.462943
1621,271686,762,5,8.8032
1622,274257,697,9,1203.182442
1623,291641,218,4,416.441664
1624,356804,978,1,49.698915
1625,380673,267,3,43.145514000000006
1626,274431,454,6,18.939456
1627,283871,778,9,66.2148
1628,349056,660,6,343.26565200000005
1629,327643,366,10,101.77459999999999
1630,309460,530,5,766.2125249999999
1631,266826,240,4,33.680864
1632,9714,217,5,96.03477
1633,305802,702,7,246.541911
1634,7024694,751,4,6.25362
1635,5165010,939,10,180.21408000000002
1636,324282,575,4,18.38376
1637,5082817,412,3,55.50415199999999
1638,5327219,31,7,11.121039999999999
1639,680287,588,5,706.8451249999999
1640,250306,554,5,36.96611
1641,5222732,849,6,392.782782
1642,327643,412,2,31.045320000000004
1643,365891,268,2,223.830548
1644,670357,376,2,115.74754200000001
1645,687212,146,10,100.38600000000001
1646,272411,520,4,8.702232
1647,5165010,143,10,232.51858000000001
1648,284294,284,5,67.35038
1649,686242,898,9,1385.434332
1650,424688,135,3,36.87912
1651,286932,386,5,68.18526
1652,398017,794,9,145.742364
1653,272163,438,8,85.19412
1654,336566,803,2,35.794556
1655,5157363,199,1,14.047392
1656,671190,290,8,516.1003919999999
1657,299674,178,1,6.678595
1658,287257,279,6,1598.638152
1659,5160460,252,1,15.690542
1660,272529,669,5,394.85971
1661,5160460,945,3,35.572061999999995
1662,664303,399,4,6.740736000000001
1663,290935,89,5,75.87030000000001
1664,297488,299,3,30.937025999999996
1665,258534,2,1,11.763558
1666,275245,168,3,25.135992
1667,258986,606,5,48.391425000000005
1668,250717,781,6,54.067859999999996
1669,328359,695,5,282.32242499999995
1670,5085621,851,6,14.643881999999998
1671,664303,973,10,20.694960000000002
1672,328359,13,1,55.55448
1673,314906,462,5,57.86253000000001
1674,662590,901,5,42.69915
1675,306523,473,2,76.411776
1676,342333,646,3,24.886163999999997
1677,272577,608,9,133.155657
1678,686242,498,1,183.263292
1679,5158807,534,8,331.67934399999996
1680,5081799,715,10,519.46983
1681,320200,450,8,310.174464
1682,261633,663,1,9.221024
1683,328359,223,7,395.251395
1684,342333,298,2,21.342276
1685,272577,331,2,32.890102
1686,342228,204,2,170.548434
1687,290935,827,10,101.77459999999999
1688,663060,677,10,19.37892
1689,328359,248,3,169.393455
1690,275612,533,6,49.423680000000004
1691,5158766,333,1,15.672276000000002
1692,274699,611,3,21.073236
1693,271686,680,8,20.475839999999998
1694,5170997,150,3,38.29392000000001
1695,332278,696,5,42.92109
1696,327643,761,7,73.06656000000001
1697,82090,326,9,73.911915
1698,290570,93,2,23.676732
1699,365891,146,3,422.87216399999994
1700,424469,383,8,413.97504000000004
1701,349056,9,8,531.333768
1702,681616,159,9,1747.39356
1703,283871,712,10,87.58800000000001
1704,272163,909,5,36.6276
1705,281964,465,3,153.652422
1706,266826,799,10,90.98404000000001
1707,681935,169,9,3009.76074
1708,5181911,906,5,512.3530499999999
1709,291641,658,8,1238.596056
1710,283871,477,2,15.3384
1711,290935,323,9,109.04706000000002
1712,356804,823,2,137.93769
1713,657343,903,10,117.71519999999998
1714,274699,616,3,33.949674
1715,398017,606,7,122.485118
1716,653813,1000,8,77.71455999999999
1717,671930,637,5,142.487345
1718,380673,959,10,112.25862000000001
1719,670409,28,10,292.76288999999997
1720,670409,415,5,132.102285
1721,5158588,938,1,12.324312
1722,305802,376,6,131.171532
1723,662953,175,6,50.888628
1724,275245,862,2,16.258704
1725,5025072,913,4,299.260584
1726,662953,599,4,30.616375999999995
1727,272529,545,10,910.2263400000002
1728,670357,868,8,462.99016800000004
1729,5170997,680,6,80.22966
1730,244959,24,2,72.561258
1731,342333,759,9,106.75085399999999
1732,5158766,195,1,15.320316000000002
1733,336566,377,6,123.769836
1734,5082817,876,8,131.36569599999999
1735,370545,849,4,10.772352
1736,299674,128,4,33.91234
1737,5158588,253,6,69.89522400000001
1738,272903,406,5,580.2388900000001
1739,342228,872,2,146.925408
1740,316138,957,9,1818.1449
1741,272529,446,2,119.358308
1742,200342,453,2,12.262
1743,673474,280,6,34.756092
1744,424688,423,6,66.55602
1745,280074,374,3,75.266199
1746,663060,198,6,11.627352000000002
1747,342228,702,3,284.352537
1748,337428,838,5,680.044695
1749,152431,209,10,20.44476
1750,413761,16,10,409.6521
1751,682978,992,2,110.39007600000001
1752,7024694,845,10,16.29705
1753,297488,969,4,41.249368
1754,389137,375,9,11.714543999999998
1755,5082817,299,9,166.512456
1756,657303,316,5,26.529510000000002
1757,271879,376,6,9.940848
1758,5676514,843,10,16.227639999999997
1759,5160460,265,1,10.973516
1760,332626,107,4,363.19488
1761,274326,218,4,184.72582799999998
1762,276801,122,10,438.42652
1763,664303,27,7,11.796288000000002
1764,661401,827,3,21.856248
1765,250717,328,1,9.01131
1766,272529,285,8,497.679952
1767,5165010,737,6,108.128448
1768,320200,438,9,428.52466799999996
1769,327643,137,2,26.935160000000003
1770,273383,956,4,24.28472
1771,653813,139,10,117.3744
1772,317726,912,5,87.47937
1773,309460,209,1,191.915295
1774,349056,372,7,432.732111
1775,5164832,173,1,13.382754
1776,275245,738,9,71.98502400000001
1777,337428,587,1,84.423446
1778,670451,765,9,98.710578
1779,336566,723,8,100.13475199999999
1780,686242,745,10,2347.8490800000004
1781,680045,362,7,1252.014386
1782,5158588,598,10,97.85076000000001
1783,290935,221,7,73.06656000000001
1784,332278,987,1,5.208732
1785,378595,315,3,203.93648100000001
1786,7033014,196,2,6.115824
1787,5158077,936,2,9.33086
1788,332278,835,2,11.733876
1789,304530,980,5,170.57036499999998
1790,5676514,459,6,12.525084
1791,299674,403,4,23.717319999999997
1792,424469,538,5,352.1232
1793,428463,594,8,1093.321152
1794,680045,777,3,536.5775940000001
1795,324368,872,4,46.188072
1796,316138,184,7,877.7678000000001
1797,5159642,195,7,183.814904
1798,82090,531,6,70.47711000000001
1799,77927,355,6,12.612672
1800,349056,996,3,199.250163
1801,5157363,169,7,126.87109400000001
1802,5157522,615,2,64.228356
1803,671875,599,9,276.060537
1804,286932,858,7,115.597062
1805,274431,437,10,38.76444
1806,5159113,842,6,49.293240000000004
1807,349056,488,5,389.30463
1808,250306,528,5,40.966319999999996
1809,290935,181,1,10.609060000000001
1810,671875,145,5,153.366965
1811,250029,52,9,285.845274
1812,5222732,182,4,249.23527199999998
1813,672824,148,6,70.53916799999999
1814,657343,62,4,62.30784
1815,283751,405,4,258.22368
1816,272529,150,8,728.1810720000001
1817,370366,64,3,51.116472
1818,377288,997,1,83.63040000000001
1819,5181911,263,2,137.45702
1820,5158077,25,4,21.31308
1821,657343,261,6,107.72352000000001
1822,671875,131,6,274.394538
1823,274431,679,10,30.777619999999995
1824,9714,998,3,39.381342
1825,671930,684,1,28.038192000000002
1826,5222732,61,8,366.268048
1827,314906,67,4,33.356567999999996
1828,272163,386,8,75.61316000000001
1829,687212,667,3,22.1286
1830,252541,384,2,3.732344
1831,5158588,539,4,40.142592
1832,5160460,885,4,62.762168
1833,320200,616,3,169.090218
1834,272163,826,4,28.57046
1835,5159642,509,8,270.238176
1836,305802,158,4,144.117612
1837,110597,301,9,160.07041800000002
1838,670409,702,10,264.20457
1839,271879,401,10,23.68996
1840,275076,17,9,275.976558
1841,287257,272,9,2591.0954819999997
1842,295897,473,10,84.30345000000001
1843,284294,401,8,146.65622399999998
1844,287257,860,1,342.746442
1845,244959,283,5,121.66969499999999
1846,662953,835,8,67.85150399999999
1847,424688,964,6,107.22393000000002
1848,365891,151,6,699.9678839999999
1849,274699,60,2,15.824116000000002
1850,653813,208,10,117.3744
1851,250029,223,5,166.843845
1852,5167862,415,2,36.180078
1853,661401,341,10,104.17092
1854,686242,87,10,2347.8490800000004
1855,200342,57,8,73.128
1856,662953,849,8,84.974736
1857,266826,657,9,87.975972
1858,295897,442,2,21.115710000000004
1859,5171372,164,9,115.644672
1860,664303,37,9,22.048092000000004
1861,5242257,847,3,37.23867
1862,258986,733,5,29.362949999999998
1863,680287,40,3,403.66755
1864,341790,24,5,20.650244999999998
1865,661085,824,1,6.326510000000001
1866,657303,333,5,21.53949
1867,82090,403,5,46.896075
1868,250029,487,6,190.56351600000002
1869,681616,497,10,1550.3076
1870,299674,500,6,41.300489999999996
1871,5181911,424,4,419.29884
1872,5081799,327,1,54.957474
1873,671190,189,7,451.58784299999996
1874,5082817,876,3,46.887983999999996
1875,681935,679,2,753.58404
1876,681616,711,2,271.48968
1877,5025072,378,6,386.67175199999997
1878,324368,995,1,14.461062
1879,275245,844,3,23.395896
1880,349056,117,4,247.27549199999999
1881,305802,692,9,324.264627
1882,413761,598,9,292.72459499999997
1883,274699,149,2,19.119672
1884,663060,78,3,5.947236000000001
1885,9714,980,1,19.206954
1886,671930,100,1,34.432398
1887,389137,757,1,1.935657
1888,5159642,507,3,87.302592
1889,200342,698,8,64.904
1890,661260,819,5,36.08664
1891,663060,74,10,19.37892
1892,5173243,763,4,39.4146
1893,297488,151,5,51.56171
1894,276801,61,10,355.96148
1895,342228,70,10,734.6270400000001
1896,272903,166,6,696.2866680000001
1897,365891,380,4,447.661096
1898,5676514,417,9,24.069474
1899,413761,135,9,348.4907549999999
1900,261633,913,10,122.01952
1901,252212,392,3,34.683075
1902,110597,588,4,71.142408
1903,316067,96,3,259.85714999999993
1904,661260,96,8,65.034816
1905,258741,371,6,40.905269999999994
1906,5085621,926,1,1.678896
1907,284040,851,9,1318.4183699999999
1908,152431,691,9,14.494788
1909,653813,957,3,29.142959999999995
1910,159278,16,9,241.704432
1911,275076,512,3,73.038603
1912,5158766,807,10,122.33124000000002
1913,377288,174,2,175.21419999999998
1914,314906,536,9,72.819054
1915,5676514,972,4,7.193472
1916,274361,576,7,222.15316199999998
1917,290570,65,2,15.921216000000001
1918,653813,965,4,38.23104
1919,5081799,607,1,46.879678999999996
1920,670409,633,4,130.164972
1921,5676514,222,1,2.087514
1922,295897,154,3,19.660410000000002
1923,274780,576,2,339.59091600000005
1924,5164832,636,5,76.42053000000001
1925,271879,169,5,8.284040000000001
1926,342228,975,9,644.656257
1927,356804,342,9,620.719605
1928,681935,713,3,814.5484199999999
1929,309460,134,1,119.12563
1930,324282,354,7,36.23697
1931,258986,952,5,31.727925
1932,258741,890,6,58.06971
1933,250717,419,4,34.57884
1934,653813,766,8,68.99584
1935,294266,375,9,173.482776
1936,283871,749,2,14.7144
1937,252541,357,5,11.274119999999998
1938,314906,403,3,25.017425999999997
1939,290935,762,2,21.86884
1940,200342,238,8,58.391999999999996
1941,159278,976,2,79.876242
1942,5081799,985,1,46.879678999999996
1943,5165010,586,6,105.428676
1944,342228,892,10,902.1612600000001
1945,272903,627,1,103.02849200000001
1946,332278,371,7,39.397805999999996
1947,316138,653,7,1255.0811
1948,283751,808,3,193.66776
1949,653813,79,7,99.49464
1950,250717,723,9,97.99217999999999
1951,284294,295,4,88.797096
1952,332626,250,1,117.15172000000001
1953,314906,60,7,71.897406
1954,663060,801,1,1.637064
1955,290570,253,8,64.728048
1956,274361,869,9,246.035988
1957,258584,977,10,49.266360000000006
1958,328359,226,6,430.07012999999995
1959,349056,581,2,126.803808
1960,389137,183,6,7.614701999999999
1961,5165010,593,2,52.396212
1962,297488,865,2,19.087336
1963,5164832,303,8,107.062032
1964,672824,139,9,114.33088799999999
1965,5082817,684,10,127.26911999999999
1966,299674,571,4,25.62758
1967,661401,705,5,46.85958
1968,5167862,420,1,12.443952
1969,250306,826,8,95.28578399999999
1970,294266,734,3,86.217912
1971,275245,56,8,62.389056000000004
1972,654066,378,6,12.744054
1973,5025072,236,1,72.588978
1974,5158077,378,2,13.65246
1975,5173243,22,4,30.6396
1976,274780,5,10,1030.28492
1977,5158077,971,8,35.80504
1978,291641,453,10,1343.26941
1979,7033014,144,10,24.90048
1980,5676514,923,2,4.640636
1981,275245,884,4,31.194528000000002
1982,5327219,185,10,21.621599999999997
1983,272577,718,7,86.99275899999999
1984,5160460,76,9,159.108246
1985,320200,440,8,360.045072
1986,670357,429,4,296.576316
1987,5158588,517,5,52.564260000000004
1988,5160460,301,2,31.381084
1989,305802,435,4,98.498092
1990,320200,499,8,279.887072
1991,281964,264,10,584.94186
1992,671930,737,10,325.46241000000003
1993,653813,25,8,76.46208
1994,82090,969,4,41.70082
1995,314906,701,4,28.733136000000002
1996,306523,729,6,266.09234399999997
1997,283871,631,5,43.794000000000004
1998,336566,674,8,165.026448
1999,665505,983,4,27.496128
2000,380673,742,9,126.529722
