order_id,order_number,shipping_date,order_date,order_amount,order_status,customer_id,address_id,total_price
0,0,2024-09-19,2024-07-12,3,delivered,1,1,20390000.0
1,1,2024-11-04,2024-08-16,3,delivered,2,1,5229000.0
2,2,2024-04-20,2024-04-13,1,delivered,4,3,5868000.0
3,3,2024-08-07,2024-07-12,1,delivered,2,2,22919700.0
4,4,2024-10-25,2024-01-01,1,cancelled,2,3,8191000.0
5,5,2024-06-16,2024-05-01,2,cancelled,2,2,9789000.0
6,6,2024-09-08,2024-06-26,2,delivered,2,3,29478000.0
7,7,2024-10-13,2024-01-05,1,cancelled,2,3,5014000.0
8,8,2024-10-22,2024-08-29,1,delivered,3,3,1499100.0
9,9,2024-10-21,2024-10-18,1,delivered,2,2,908000.0
10,10,2024-05-16,2024-03-04,2,delivered,1,3,7124000.0
11,11,2024-11-11,2024-09-27,3,cancelled,2,1,7166000.0
12,12,2024-11-11,2024-11-11,2,cancelled,1,1,28476000.0
13,13,2024-05-26,2024-01-24,3,delivered,1,3,9399000.0
14,14,2024-10-11,2024-08-13,2,cancelled,1,2,30625000.0
15,15,2024-03-24,2024-01-24,3,delivered,3,1,12438700.0
16,16,2024-10-13,2024-10-13,3,delivered,3,2,28517000.0
17,17,2024-10-06,2024-09-15,2,delivered,2,3,12275000.0
18,18,2024-06-24,2024-03-27,2,delivered,4,3,27901000.0
19,19,2024-04-07,2024-03-22,1,delivered,4,1,4564000.0
20,20,2024-10-24,2024-09-16,3,delivered,2,2,4016650.0
21,21,2024-04-25,2024-02-14,2,delivered,4,2,11157000.0
22,22,2024-04-27,2024-02-15,3,delivered,2,1,27781000.0
23,23,2024-11-04,2024-06-21,3,delivered,1,1,14993800.0
24,24,2024-07-27,2024-06-02,3,delivered,3,1,5242900.0
25,25,2024-10-12,2024-05-15,2,delivered,3,1,5432000.0
26,26,2024-11-04,2024-10-28,1,delivered,1,2,1555000.0
27,27,2024-11-01,2024-01-29,2,delivered,1,2,10793000.0
28,28,2024-09-27,2024-08-05,1,delivered,1,2,6846000.0
29,29,2024-09-24,2024-07-22,1,delivered,2,3,2997000.0
30,30,2024-10-03,2024-03-11,1,cancelled,1,1,1578000.0
31,31,2024-11-04,2024-09-04,2,delivered,2,1,12788000.0
32,32,2024-01-17,2024-01-11,2,delivered,3,2,2996000.0
33,33,2024-09-27,2024-09-13,1,cancelled,4,2,5988000.0
34,34,2024-06-17,2024-05-22,2,delivered,4,2,3300400.0
35,35,2024-09-07,2024-06-16,1,delivered,4,2,2646000.0
36,36,2024-07-23,2024-05-18,3,delivered,2,2,9125000.0
37,37,2024-06-07,2024-05-29,1,delivered,2,3,1586000.0
38,38,2024-10-09,2024-02-29,2,delivered,2,3,4847000.0
39,39,2024-11-06,2024-11-01,1,delivered,2,3,4023000.0
40,40,2024-07-25,2024-03-01,3,cancelled,2,1,23571900.0
41,41,2024-01-02,2024-01-01,2,delivered,4,2,71797000.0
42,42,2024-09-04,2024-01-19,1,cancelled,2,2,1394100.0
43,43,2024-09-23,2024-09-09,3,delivered,1,1,11613600.0
44,44,2024-06-16,2024-01-11,1,delivered,3,1,5745000.0
45,45,2024-08-25,2024-06-13,2,delivered,1,1,5739000.0
46,46,2024-09-17,2024-02-13,3,delivered,4,3,338184200.0
47,47,2024-04-28,2024-01-30,3,delivered,2,1,17669000.0
48,48,2024-07-06,2024-07-04,3,delivered,2,1,8876000.0
49,49,2024-05-29,2024-04-22,3,delivered,1,2,5176000.0
50,50,2024-04-30,2024-04-06,1,delivered,4,1,6441000.0
51,51,2024-07-27,2024-07-12,1,delivered,3,3,526000.0
52,52,2024-10-11,2024-03-21,1,delivered,1,1,11583000.0
53,53,2024-06-10,2024-06-10,2,delivered,2,2,42436350.0
54,54,2024-08-28,2024-08-18,2,delivered,4,2,25284000.0
55,55,2024-09-20,2024-01-08,3,delivered,1,2,34529000.0
56,56,2024-10-20,2024-09-28,1,delivered,3,1,8133000.0
57,57,2024-11-02,2024-10-06,2,delivered,2,2,8745000.0
58,58,2024-05-22,2024-05-17,1,delivered,1,2,6031800.0
59,59,2024-10-03,2024-05-09,1,delivered,4,2,6489000.0
60,60,2024-07-03,2024-03-18,1,delivered,3,1,777000.0
61,61,2024-05-20,2024-05-15,3,delivered,4,3,23798000.0
62,62,2024-11-07,2024-11-01,2,delivered,1,1,4746000.0
63,63,2024-09-22,2024-09-13,1,delivered,4,3,3230000.0
64,64,2024-03-27,2024-02-10,1,cancelled,3,2,1052000.0
65,65,2024-07-12,2024-04-01,1,delivered,4,1,820000.0
66,66,2024-11-04,2024-08-30,1,delivered,2,1,4227000.0
67,67,2024-10-11,2024-09-20,3,delivered,4,3,5586000.0
68,68,2024-08-06,2024-08-01,2,cancelled,1,3,6392800.0
69,69,2024-10-10,2024-10-08,2,delivered,4,1,6400000.0
70,70,2024-05-22,2024-02-05,3,delivered,4,3,8748000.0
71,71,2024-11-10,2024-11-10,3,delivered,2,2,12993900.0
72,72,2024-07-07,2024-01-09,2,delivered,4,3,7601000.0
73,73,2024-11-08,2024-09-16,3,delivered,2,2,15758000.0
74,74,2024-08-31,2024-08-29,1,delivered,1,1,1268000.0
75,75,2024-03-24,2024-02-17,1,delivered,3,2,1469000.0
76,76,2024-09-18,2024-06-26,2,delivered,3,2,3742200.0
77,77,2024-10-20,2024-10-16,3,delivered,4,3,16688200.0
78,78,2024-11-10,2024-08-23,1,delivered,4,3,1499100.0
79,79,2024-10-01,2024-09-11,1,delivered,4,1,3824000.0
80,80,2024-02-21,2024-01-19,2,delivered,3,3,4541000.0
81,81,2024-04-03,2024-03-17,3,cancelled,2,3,23979000.0
82,82,2024-04-18,2024-03-28,3,delivered,1,1,13624000.0
83,83,2024-10-23,2024-06-15,3,delivered,3,1,76539000.0
84,84,2024-11-08,2024-11-02,2,delivered,1,2,10068000.0
85,85,2024-07-06,2024-06-17,3,delivered,2,1,78629000.0
86,86,2024-10-22,2024-09-20,3,delivered,1,1,8470000.0
87,87,2024-09-20,2024-07-25,2,delivered,1,3,69878950.0
88,88,2024-06-29,2024-01-02,3,delivered,4,3,58451000.0
89,89,2024-11-04,2024-09-24,3,delivered,1,1,21215000.0
90,90,2024-11-04,2024-07-12,3,delivered,4,1,6148000.0
91,91,2024-11-11,2024-11-08,3,delivered,3,2,9318950.0
92,92,2024-05-25,2024-04-14,1,delivered,2,2,6656000.0
93,93,2024-09-30,2024-06-13,1,delivered,1,2,852000.0
94,94,2024-06-26,2024-04-05,1,delivered,3,2,742900.0
95,95,2024-10-30,2024-10-21,3,delivered,4,3,8005000.0
96,96,2024-10-12,2024-09-29,2,delivered,1,3,7960000.0
97,97,2024-10-02,2024-06-24,2,cancelled,2,1,8093000.0
98,98,2024-11-09,2024-08-13,1,cancelled,4,1,855000.0
99,99,2024-10-16,2024-09-26,2,delivered,3,2,55433000.0
100,100,2024-10-28,2024-10-28,1,delivered,4,2,4181900.0
101,101,2024-10-25,2024-10-02,2,delivered,3,1,7016000.0
102,102,2024-07-27,2024-02-15,2,delivered,2,3,3574000.0
103,103,2024-05-25,2024-05-04,3,delivered,4,2,8040200.0
104,104,2024-06-11,2024-04-15,2,delivered,2,2,8963000.0
105,105,2024-06-24,2024-01-29,3,delivered,4,1,5478000.0
106,106,2024-09-14,2024-03-15,3,delivered,3,2,37421000.0
107,107,2024-08-31,2024-03-08,3,delivered,4,2,10253250.0
108,108,2024-10-18,2024-06-16,2,delivered,2,3,102344000.0
109,109,2024-08-17,2024-07-06,2,delivered,4,2,4788000.0
110,110,2024-09-13,2024-03-24,1,cancelled,2,3,4422000.0
111,111,2024-10-25,2024-02-17,1,cancelled,1,2,999000.0
112,112,2024-09-10,2024-06-03,3,delivered,1,3,6630900.0
113,113,2024-10-02,2024-03-05,1,delivered,3,3,7860000.0
114,114,2024-08-22,2024-08-02,1,delivered,2,3,3690000.0
115,115,2024-05-16,2024-04-26,2,delivered,1,2,7022000.0
116,116,2024-10-26,2024-10-01,1,delivered,2,1,499700.0
117,117,2024-08-21,2024-01-19,1,delivered,1,3,6802000.0
118,118,2024-09-04,2024-04-17,1,delivered,4,2,1962000.0
119,119,2024-10-18,2024-09-11,3,delivered,4,3,6683000.0
120,120,2024-09-27,2024-01-11,2,delivered,4,2,57269000.0
121,121,2024-09-14,2024-08-27,3,delivered,1,2,12564000.0
122,122,2024-03-26,2024-02-28,3,delivered,3,2,7737500.0
123,123,2024-10-29,2024-10-11,1,delivered,3,1,1903500.0
124,124,2024-07-10,2024-06-25,1,delivered,1,2,1863900.0
125,125,2024-07-18,2024-02-16,3,cancelled,1,1,40719000.0
126,126,2024-04-28,2024-01-26,2,cancelled,4,3,3941000.0
127,127,2024-11-10,2024-11-10,2,delivered,1,3,3535000.0
128,128,2024-11-11,2024-10-27,3,delivered,4,1,20539000.0
129,129,2024-05-28,2024-02-08,1,delivered,3,2,3949000.0
130,130,2024-10-02,2024-09-05,1,cancelled,2,2,5331000.0
131,131,2024-08-12,2024-03-31,3,cancelled,3,3,12555300.0
132,132,2024-11-04,2024-05-18,2,delivered,1,2,12916000.0
133,133,2024-08-31,2024-07-10,1,delivered,3,3,2882000.0
134,134,2024-09-27,2024-08-06,2,delivered,3,2,15493000.0
135,135,2024-04-02,2024-03-12,2,delivered,1,1,4005000.0
136,136,2024-09-07,2024-07-19,2,delivered,4,3,7941000.0
137,137,2024-10-10,2024-08-11,3,delivered,3,1,8739000.0
138,138,2024-11-11,2024-11-10,1,delivered,2,1,680000.0
139,139,2024-10-11,2024-05-22,1,delivered,1,1,617000.0
140,140,2024-07-14,2024-04-02,3,delivered,1,1,22547000.0
141,141,2024-11-06,2024-10-22,3,delivered,4,1,14754000.0
142,142,2024-04-04,2024-02-07,1,delivered,1,2,6074000.0
143,143,2024-09-22,2024-06-10,1,cancelled,4,2,1283000.0
144,144,2024-10-22,2024-09-08,3,delivered,4,1,32867000.0
145,145,2024-08-04,2024-02-20,1,delivered,3,3,1522000.0
146,146,2024-07-03,2024-01-28,3,delivered,3,2,9644000.0
147,147,2024-11-03,2024-10-31,1,delivered,4,1,5948000.0
148,148,2024-09-02,2024-04-19,1,delivered,1,3,4890000.0
149,149,2024-07-07,2024-06-22,1,delivered,3,1,3124000.0
150,150,2024-11-06,2024-10-14,1,delivered,2,2,996000.0
151,151,2024-09-01,2024-07-22,1,delivered,4,1,1630000.0
152,152,2024-01-31,2024-01-27,1,delivered,2,1,7962900.0
153,153,2024-07-21,2024-05-30,3,cancelled,4,3,7633000.0
154,154,2024-05-29,2024-05-09,1,cancelled,2,3,3789000.0
155,155,2024-10-30,2024-10-13,3,delivered,2,2,28000700.0
156,156,2024-10-26,2024-07-18,3,delivered,4,3,2696000.0
157,157,2024-06-05,2024-01-18,1,delivered,1,1,1578000.0
158,158,2024-10-01,2024-08-04,3,delivered,4,1,43694000.0
159,159,2024-01-19,2024-01-13,2,delivered,4,2,5164000.0
160,160,2024-05-28,2024-03-10,2,delivered,4,1,60339000.0
161,161,2024-09-03,2024-04-03,2,cancelled,2,2,4426000.0
162,162,2024-08-27,2024-08-14,2,delivered,1,3,4238000.0
163,163,2024-10-22,2024-02-10,2,delivered,1,2,4424000.0
164,164,2024-11-08,2024-05-08,2,cancelled,4,2,3035000.0
165,165,2024-08-06,2024-03-23,3,delivered,3,2,4396000.0
166,166,2024-11-07,2024-10-26,3,delivered,3,2,7112000.0
167,167,2024-07-16,2024-06-16,1,delivered,1,3,52032000.0
168,168,2024-09-10,2024-08-15,3,cancelled,1,1,5265000.0
169,169,2024-08-31,2024-01-20,3,delivered,3,2,8088000.0
170,170,2024-07-30,2024-07-19,2,delivered,4,1,109347000.0
171,171,2024-06-17,2024-02-01,1,cancelled,2,2,2824000.0
172,172,2024-09-25,2024-07-31,1,cancelled,1,1,3182000.0
173,173,2024-05-21,2024-02-07,1,delivered,4,1,1052000.0
174,174,2024-10-30,2024-09-26,2,delivered,3,3,3422000.0
175,175,2024-11-08,2024-08-19,2,cancelled,4,3,3501000.0
176,176,2024-09-16,2024-08-26,3,delivered,3,1,44431000.0
177,177,2024-06-28,2024-06-25,2,delivered,3,1,3156000.0
178,178,2024-08-09,2024-06-01,3,cancelled,1,1,11738000.0
179,179,2024-11-04,2024-02-11,3,delivered,2,1,3722750.0
180,180,2024-10-07,2024-09-07,1,delivered,3,3,1630000.0
181,181,2024-11-03,2024-08-26,3,delivered,2,1,6325000.0
182,182,2024-10-29,2024-10-09,2,delivered,4,2,3804000.0
183,183,2024-09-14,2024-01-15,2,delivered,2,3,1142000.0
184,184,2024-10-04,2024-09-30,1,cancelled,3,3,1322000.0
185,185,2024-09-26,2024-04-09,3,delivered,1,3,5482000.0
186,186,2024-10-15,2024-09-04,1,cancelled,2,2,526000.0
187,187,2024-11-02,2024-10-28,2,delivered,2,2,17820000.0
188,188,2024-09-24,2024-05-11,2,delivered,2,1,52106000.0
189,189,2024-10-26,2024-07-01,2,cancelled,3,1,21208000.0
190,190,2024-03-08,2024-02-20,3,delivered,2,2,16287000.0
191,191,2024-10-23,2024-10-06,3,delivered,4,1,4381000.0
192,192,2024-04-01,2024-02-08,1,delivered,2,1,1578000.0
193,193,2024-09-08,2024-06-22,1,delivered,2,3,6550000.0
194,194,2024-07-17,2024-07-08,3,delivered,1,2,38947000.0
195,195,2024-05-11,2024-04-21,1,delivered,2,2,1037000.0
196,196,2024-11-02,2024-07-14,1,cancelled,4,1,1742000.0
197,197,2024-10-12,2024-09-12,2,delivered,3,2,5163000.0
198,198,2024-11-11,2024-11-08,2,delivered,2,1,9866000.0
199,199,2024-05-18,2024-01-15,2,delivered,2,3,6432000.0
200,200,2024-09-06,2024-08-30,2,delivered,3,1,11923000.0
201,201,2024-10-27,2024-06-08,1,delivered,1,1,14493000.0
202,202,2024-06-24,2024-06-03,3,delivered,1,1,80526000.0
203,203,2024-08-16,2024-01-27,2,delivered,1,3,39266000.0
204,204,2024-11-05,2024-11-05,3,delivered,2,2,11637000.0
205,205,2024-11-08,2024-10-20,1,delivered,2,2,834000.0
206,206,2024-08-08,2024-06-26,1,delivered,1,3,2639000.0
207,207,2024-10-18,2024-10-15,1,delivered,2,1,11936000.0
208,208,2024-11-08,2024-10-20,2,delivered,3,2,2565500.0
209,209,2024-05-09,2024-01-19,2,delivered,1,1,3655400.0
210,210,2024-11-05,2024-09-17,1,delivered,2,1,1578000.0
211,211,2024-11-02,2024-10-26,3,delivered,2,2,21381500.0
212,212,2024-06-25,2024-05-08,1,delivered,1,3,4806000.0
213,213,2024-09-23,2024-09-19,3,delivered,1,1,6444000.0
214,214,2024-11-09,2024-09-29,2,delivered,1,1,1928000.0
215,215,2024-10-15,2024-10-08,3,cancelled,4,3,5054000.0
216,216,2024-10-14,2024-10-08,2,delivered,2,1,28793000.0
217,217,2024-11-08,2024-09-09,2,delivered,2,1,9149400.0
218,218,2024-10-31,2024-02-21,1,delivered,3,1,984000.0
219,219,2024-06-08,2024-03-03,2,cancelled,4,2,3724000.0
220,220,2024-11-02,2024-10-18,1,delivered,4,3,7086000.0
221,221,2024-08-10,2024-06-02,3,delivered,1,1,7223000.0
222,222,2024-09-22,2024-09-14,1,delivered,2,3,1151000.0
223,223,2024-10-21,2024-10-21,3,delivered,4,2,11789000.0
224,224,2024-10-19,2024-04-14,3,delivered,3,1,12012800.0
225,225,2024-10-12,2024-07-07,1,delivered,4,2,987000.0
226,226,2024-11-08,2024-11-07,1,delivered,2,3,2714000.0
227,227,2024-09-11,2024-08-27,2,delivered,2,1,2053000.0
228,228,2024-09-18,2024-09-13,2,delivered,3,3,30968000.0
229,229,2024-10-07,2024-09-27,2,delivered,2,3,17166000.0
230,230,2024-07-09,2024-06-09,3,delivered,3,3,6912000.0
231,231,2024-07-15,2024-05-19,1,delivered,3,3,3546000.0
232,232,2024-11-03,2024-11-03,1,delivered,1,2,3048000.0
233,233,2024-07-14,2024-01-15,1,delivered,4,1,1811000.0
234,234,2024-10-25,2024-06-21,2,delivered,1,3,6004550.0
235,235,2024-05-07,2024-02-08,1,delivered,1,2,4572000.0
236,236,2024-10-28,2024-10-26,3,cancelled,2,2,8920000.0
237,237,2024-07-07,2024-01-25,1,delivered,2,1,1676000.0
238,238,2024-08-13,2024-08-11,2,delivered,2,3,17692000.0
239,239,2024-10-20,2024-09-30,2,delivered,2,2,5727000.0
240,240,2024-10-05,2024-09-12,1,delivered,3,1,2744000.0
241,241,2024-11-01,2024-03-06,2,cancelled,2,1,10516000.0
242,242,2024-04-26,2024-01-01,2,delivered,4,1,2538000.0
243,243,2024-06-07,2024-03-29,2,delivered,1,3,3135000.0
244,244,2024-09-25,2024-05-04,1,delivered,2,2,6103000.0
245,245,2024-10-23,2024-03-04,2,delivered,1,3,10150000.0
246,246,2024-11-03,2024-10-28,1,delivered,4,2,726000.0
247,247,2024-08-21,2024-07-12,3,delivered,2,1,5626000.0
248,248,2024-10-03,2024-07-01,2,delivered,1,2,2324000.0
249,249,2024-09-07,2024-09-05,3,cancelled,3,2,24616300.0
250,250,2024-11-04,2024-05-01,1,delivered,2,2,2182000.0
251,251,2024-09-12,2024-05-03,3,delivered,3,1,4623900.0
252,252,2024-04-01,2024-03-21,3,delivered,4,2,9111200.0
253,253,2024-07-03,2024-01-23,3,delivered,4,3,7243800.0
254,254,2024-08-04,2024-07-10,3,delivered,2,2,21211000.0
255,255,2024-07-24,2024-06-13,2,delivered,3,2,15138000.0
256,256,2024-11-09,2024-06-10,2,cancelled,2,2,4170000.0
257,257,2024-09-07,2024-04-16,2,cancelled,2,2,48105000.0
258,258,2024-08-28,2024-08-25,1,delivered,4,3,1564000.0
259,259,2024-09-02,2024-08-22,1,delivered,3,1,5499000.0
260,260,2024-10-31,2024-07-25,1,delivered,2,3,1329000.0
261,261,2024-09-05,2024-01-15,2,delivered,3,1,3063000.0
262,262,2024-07-19,2024-04-13,1,delivered,2,3,1401000.0
263,263,2024-03-22,2024-01-10,2,delivered,2,2,5588000.0
264,264,2024-10-01,2024-09-10,3,delivered,2,1,12649000.0
265,265,2024-06-17,2024-01-09,1,cancelled,4,3,526000.0
266,266,2024-01-19,2024-01-02,2,delivered,4,3,11794000.0
267,267,2024-10-31,2024-07-19,2,delivered,4,2,5054000.0
268,268,2024-10-22,2024-09-06,3,delivered,3,2,15958500.0
269,269,2024-09-28,2024-05-15,3,delivered,2,2,7163000.0
270,270,2024-07-27,2024-07-13,2,delivered,4,1,2277000.0
271,271,2024-10-20,2024-10-03,2,delivered,2,1,2104000.0
272,272,2024-07-13,2024-02-23,1,delivered,3,3,1052000.0
273,273,2024-10-05,2024-09-25,3,delivered,1,3,9216350.0
274,274,2024-11-08,2024-03-09,1,delivered,3,1,67206000.0
275,275,2024-11-08,2024-07-29,1,delivered,3,2,2916000.0
276,276,2024-07-14,2024-05-26,3,delivered,2,1,5100000.0
277,277,2024-03-28,2024-01-02,3,delivered,2,3,6165000.0
278,278,2024-05-09,2024-01-11,1,delivered,4,2,4966000.0
279,279,2024-10-06,2024-07-13,2,delivered,4,2,3139000.0
280,280,2024-04-23,2024-04-09,3,delivered,1,2,8800700.0
281,281,2024-09-12,2024-09-07,3,delivered,3,2,8705000.0
282,282,2024-05-20,2024-01-12,3,delivered,2,1,30128950.0
283,283,2024-04-10,2024-01-19,2,delivered,3,3,2437000.0
284,284,2024-10-20,2024-07-18,2,cancelled,1,3,5166000.0
285,285,2024-10-21,2024-10-02,2,delivered,3,3,5532000.0
286,286,2024-05-31,2024-04-16,1,delivered,3,2,1733000.0
287,287,2024-10-06,2024-02-20,3,delivered,4,3,9478000.0
288,288,2024-11-10,2024-11-10,1,delivered,4,3,6847600.0
289,289,2024-05-08,2024-01-06,1,delivered,4,3,8508000.0
290,290,2024-06-08,2024-04-20,1,delivered,3,2,4029000.0
291,291,2024-11-03,2024-05-30,3,cancelled,1,2,9612000.0
292,292,2024-03-28,2024-03-11,1,delivered,2,3,1578000.0
293,293,2024-09-08,2024-08-26,1,delivered,3,3,976600.0
294,294,2024-08-13,2024-06-07,1,cancelled,1,1,5210000.0
295,295,2024-11-10,2024-11-09,3,delivered,2,2,182283000.0
296,296,2024-07-14,2024-03-31,2,delivered,2,2,21763000.0
297,297,2024-11-01,2024-03-02,2,delivered,4,1,2406000.0
298,298,2024-10-13,2024-09-28,2,delivered,1,1,5497000.0
299,299,2024-08-24,2024-06-15,1,delivered,3,1,1915000.0
300,300,2024-10-17,2024-01-03,3,delivered,3,1,21313600.0
301,301,2024-09-16,2024-07-19,3,delivered,1,1,17224000.0
302,302,2024-04-07,2024-03-15,1,delivered,1,2,2247000.0
303,303,2024-09-26,2024-01-25,2,delivered,2,2,7335000.0
304,304,2024-09-02,2024-05-13,1,delivered,3,2,4677000.0
305,305,2024-08-07,2024-04-01,3,delivered,4,1,7131000.0
306,306,2024-10-09,2024-04-10,2,delivered,3,3,32408000.0
307,307,2024-07-17,2024-01-06,3,cancelled,4,3,4594400.0
308,308,2024-07-10,2024-06-01,1,delivered,3,3,1578000.0
309,309,2024-10-29,2024-05-23,3,delivered,2,3,16388000.0
310,310,2024-04-29,2024-02-29,2,delivered,1,2,124591000.0
311,311,2024-10-22,2024-10-03,2,cancelled,3,1,5505900.0
312,312,2024-08-02,2024-04-05,3,delivered,1,2,110613700.0
313,313,2024-11-11,2024-11-09,3,delivered,1,2,100291900.0
314,314,2024-09-08,2024-04-07,3,cancelled,1,2,11099000.0
315,315,2024-09-26,2024-07-28,1,delivered,3,3,5736000.0
316,316,2024-09-29,2024-06-23,2,delivered,3,3,6329000.0
317,317,2024-08-18,2024-08-05,2,delivered,2,2,3326000.0
318,318,2024-05-19,2024-05-01,3,delivered,2,2,30220000.0
319,319,2024-06-16,2024-06-08,3,delivered,3,2,9869750.0
320,320,2024-06-27,2024-01-03,2,cancelled,2,2,6460000.0
321,321,2024-08-30,2024-02-09,2,delivered,4,3,2252000.0
322,322,2024-11-04,2024-08-19,1,delivered,3,2,893000.0
323,323,2024-10-24,2024-08-16,2,delivered,3,2,3741000.0
324,324,2024-05-19,2024-03-27,3,cancelled,1,3,18921000.0
325,325,2024-08-28,2024-05-31,3,delivered,2,1,9022000.0
326,326,2024-07-05,2024-05-15,3,delivered,2,3,6327600.0
327,327,2024-09-07,2024-09-03,3,delivered,4,2,8440450.0
328,328,2024-10-14,2024-08-02,3,delivered,3,3,58824000.0
329,329,2024-10-08,2024-03-12,3,delivered,1,3,28544900.0
330,330,2024-05-20,2024-03-06,2,delivered,3,1,10310000.0
331,331,2024-05-25,2024-04-16,3,delivered,3,1,7981000.0
332,332,2024-10-31,2024-07-23,3,delivered,3,1,3697000.0
333,333,2024-08-31,2024-08-08,1,delivered,3,1,10380000.0
334,334,2024-09-01,2024-03-16,1,cancelled,3,3,1258000.0
335,335,2024-02-04,2024-01-14,3,delivered,3,1,33117950.0
336,336,2024-09-03,2024-01-10,1,delivered,2,2,6630000.0
337,337,2024-06-28,2024-06-07,1,cancelled,3,2,1791000.0
338,338,2024-08-03,2024-05-18,2,cancelled,4,2,4819000.0
339,339,2024-11-05,2024-10-30,3,delivered,1,2,5946000.0
340,340,2024-09-26,2024-04-21,2,delivered,1,2,2300950.0
341,341,2024-10-10,2024-08-15,3,delivered,2,2,14220400.0
342,342,2024-11-10,2024-04-26,3,delivered,2,3,5230700.0
343,343,2024-06-18,2024-06-02,2,delivered,3,1,2498400.0
344,344,2024-10-31,2024-04-26,3,delivered,3,3,4978100.0
345,345,2024-09-27,2024-09-25,1,delivered,2,2,1412000.0
346,346,2024-11-05,2024-10-30,2,cancelled,2,1,7928000.0
347,347,2024-11-07,2024-11-02,1,delivered,1,3,2802000.0
348,348,2024-09-12,2024-03-24,3,delivered,1,3,17114000.0
349,349,2024-08-10,2024-08-05,3,delivered,3,3,9782000.0
350,350,2024-10-01,2024-09-21,3,cancelled,2,2,8151100.0
351,351,2024-07-28,2024-04-29,3,delivered,3,3,10406000.0
352,352,2024-11-10,2024-10-29,2,delivered,3,3,10082000.0
353,353,2024-05-19,2024-04-26,1,cancelled,3,3,5664000.0
354,354,2024-11-01,2024-08-03,2,delivered,1,1,5969000.0
355,355,2024-10-12,2024-07-02,3,delivered,4,1,5829000.0
356,356,2024-09-04,2024-04-16,2,delivered,1,2,11170000.0
357,357,2024-10-25,2024-09-29,3,cancelled,3,2,85638000.0
358,358,2024-09-29,2024-06-22,3,delivered,1,3,19831000.0
359,359,2024-07-04,2024-04-05,2,delivered,1,2,1281700.0
360,360,2024-10-22,2024-02-22,3,delivered,1,2,4182000.0
361,361,2024-10-22,2024-09-27,2,delivered,3,3,49109700.0
362,362,2024-11-09,2024-10-03,1,delivered,1,3,3654000.0
363,363,2024-09-28,2024-09-20,3,delivered,3,2,63523000.0
364,364,2024-07-01,2024-06-09,2,delivered,4,2,8837300.0
365,365,2024-08-13,2024-07-01,1,delivered,2,3,1953200.0
366,366,2024-09-03,2024-08-24,3,delivered,4,1,11298000.0
367,367,2024-07-20,2024-01-01,3,delivered,2,1,19546000.0
368,368,2024-10-01,2024-09-02,3,delivered,2,1,132438000.0
369,369,2024-06-06,2024-06-01,1,delivered,4,2,3063000.0
370,370,2024-08-10,2024-04-19,1,delivered,3,1,1850000.0
371,371,2024-03-07,2024-03-06,2,delivered,3,2,4672000.0
372,372,2024-11-09,2024-04-13,2,delivered,3,1,2510300.0
373,373,2024-10-24,2024-03-01,3,delivered,3,3,6141800.0
374,374,2024-05-17,2024-03-05,2,cancelled,4,1,16683000.0
375,375,2024-10-23,2024-08-17,3,delivered,3,1,10878000.0
376,376,2024-08-24,2024-01-21,1,delivered,4,2,13540000.0
377,377,2024-05-17,2024-03-16,1,delivered,1,2,671000.0
378,378,2024-08-20,2024-07-17,2,delivered,4,2,2062000.0
379,379,2024-10-22,2024-03-20,3,delivered,4,1,5665000.0
380,380,2024-09-18,2024-07-09,3,delivered,4,2,8485000.0
381,381,2024-10-25,2024-08-05,1,delivered,3,2,13683000.0
382,382,2024-09-21,2024-04-22,2,delivered,1,1,3713000.0
383,383,2024-10-08,2024-09-13,2,delivered,4,1,11325600.0
384,384,2024-10-19,2024-07-11,2,delivered,4,3,7064000.0
385,385,2024-10-20,2024-08-05,1,delivered,3,2,6084000.0
386,386,2024-11-02,2024-10-28,3,delivered,2,1,14901000.0
387,387,2024-05-10,2024-03-23,1,delivered,1,1,1851000.0
388,388,2024-10-01,2024-08-31,3,delivered,4,1,14341000.0
389,389,2024-09-23,2024-06-29,1,delivered,4,1,1242000.0
390,390,2024-10-23,2024-10-03,3,delivered,1,2,17504000.0
391,391,2024-11-07,2024-11-04,1,cancelled,1,1,668000.0
392,392,2024-04-13,2024-02-26,3,delivered,3,2,14169000.0
393,393,2024-08-22,2024-01-22,1,cancelled,1,2,3598000.0
394,394,2024-10-18,2024-06-05,1,delivered,1,3,1052000.0
395,395,2024-05-08,2024-02-13,2,delivered,3,1,15064000.0
396,396,2024-04-30,2024-02-10,3,cancelled,1,2,82559000.0
397,397,2024-06-17,2024-03-03,2,delivered,4,3,9562500.0
398,398,2024-07-25,2024-02-26,3,delivered,2,1,26568100.0
399,399,2024-10-12,2024-07-10,2,delivered,4,2,4642000.0
400,400,2024-07-18,2024-07-17,3,delivered,1,1,13105000.0
401,401,2024-10-17,2024-03-25,3,cancelled,2,1,7089800.0
402,402,2024-09-25,2024-09-12,1,cancelled,2,3,2673000.0
403,403,2024-10-28,2024-09-18,1,delivered,1,2,1992000.0
404,404,2024-10-09,2024-08-31,1,delivered,1,1,65628000.0
405,405,2024-03-24,2024-02-05,3,delivered,2,1,9393000.0
406,406,2024-07-15,2024-06-17,2,cancelled,1,2,5987000.0
407,407,2024-06-27,2024-04-04,2,cancelled,1,3,4018700.0
408,408,2024-04-23,2024-01-14,3,cancelled,1,2,3028000.0
409,409,2024-10-28,2024-09-21,1,delivered,1,1,1630000.0
410,410,2024-08-06,2024-05-25,1,delivered,3,1,2196000.0
411,411,2024-06-29,2024-03-25,2,delivered,4,2,3568200.0
412,412,2024-09-30,2024-09-09,3,delivered,1,2,5120000.0
413,413,2024-10-13,2024-08-25,2,delivered,3,2,37343400.0
414,414,2024-10-23,2024-10-12,1,delivered,2,1,8136000.0
415,415,2024-10-13,2024-03-10,3,delivered,2,1,5643000.0
416,416,2024-11-11,2024-06-15,3,delivered,1,1,16141000.0
417,417,2024-08-07,2024-03-20,1,delivered,2,3,2698000.0
418,418,2024-09-07,2024-09-03,3,delivered,1,1,25380000.0
419,419,2024-08-05,2024-03-31,3,delivered,4,1,184133000.0
420,420,2024-07-07,2024-06-19,2,delivered,3,2,3252000.0
421,421,2024-11-11,2024-09-04,3,delivered,3,2,8330000.0
422,422,2024-10-18,2024-10-03,1,delivered,1,1,40356000.0
423,423,2024-06-19,2024-01-10,1,delivered,3,3,4809000.0
424,424,2024-08-13,2024-07-01,1,delivered,4,3,5382000.0
425,425,2024-09-30,2024-09-16,3,cancelled,1,2,10184000.0
426,426,2024-09-29,2024-09-23,2,delivered,4,1,38980800.0
427,427,2024-11-11,2024-11-11,1,delivered,1,3,436000.0
428,428,2024-10-31,2024-08-09,2,cancelled,1,2,12792000.0
429,429,2024-05-29,2024-05-12,2,delivered,3,2,8697000.0
430,430,2024-11-08,2024-10-21,1,delivered,4,1,1578000.0
431,431,2024-05-22,2024-05-13,2,delivered,3,1,4144000.0
432,432,2024-11-10,2024-11-10,2,delivered,1,1,2617600.0
433,433,2024-07-11,2024-03-24,2,delivered,4,1,8650000.0
434,434,2024-05-30,2024-05-14,2,delivered,4,2,6041000.0
435,435,2024-08-31,2024-05-25,3,delivered,4,1,63796900.0
436,436,2024-09-25,2024-06-29,1,delivered,4,2,3622000.0
437,437,2024-10-22,2024-08-13,2,delivered,3,3,8440000.0
438,438,2024-10-04,2024-02-10,3,delivered,3,3,18499900.0
439,439,2024-09-26,2024-09-11,1,delivered,4,2,8646000.0
440,440,2024-09-13,2024-02-24,1,delivered,2,2,1578000.0
441,441,2024-10-09,2024-04-30,1,delivered,4,2,1578000.0
442,442,2024-07-01,2024-05-25,3,delivered,4,1,4515000.0
443,443,2024-11-02,2024-09-03,3,cancelled,2,1,8579000.0
444,444,2024-08-26,2024-02-24,1,delivered,4,2,4248400.0
445,445,2024-06-26,2024-01-25,1,delivered,1,1,2795850.0
446,446,2024-10-07,2024-08-29,1,cancelled,4,3,1064000.0
447,447,2024-08-24,2024-05-15,2,delivered,3,1,2495600.0
448,448,2024-08-19,2024-01-18,2,delivered,1,2,1329700.0
449,449,2024-10-08,2024-06-02,2,delivered,1,3,9261000.0
450,450,2024-10-18,2024-09-22,2,cancelled,1,3,6410000.0
451,451,2024-06-27,2024-06-08,3,delivered,4,2,5983000.0
452,452,2024-11-11,2024-11-02,3,delivered,4,2,7272000.0
453,453,2024-06-26,2024-05-05,3,delivered,1,1,4484000.0
454,454,2024-02-06,2024-01-07,2,delivered,2,2,5269000.0
455,455,2024-10-11,2024-02-08,2,delivered,1,1,5397000.0
456,456,2024-05-26,2024-01-20,2,cancelled,1,2,6406000.0
457,457,2024-09-24,2024-02-25,3,delivered,1,2,7968000.0
458,458,2024-09-22,2024-06-05,2,delivered,1,3,5382000.0
459,459,2024-04-04,2024-01-18,1,cancelled,3,2,1454000.0
460,460,2024-11-01,2024-11-01,2,cancelled,3,3,11331000.0
461,461,2024-10-22,2024-06-17,1,delivered,1,1,2058000.0
462,462,2024-07-17,2024-05-06,1,delivered,1,2,4478000.0
463,463,2024-10-20,2024-10-19,3,delivered,2,3,3751000.0
464,464,2024-10-16,2024-08-30,1,delivered,3,1,1952250.0
465,465,2024-09-24,2024-09-13,2,cancelled,2,3,6167500.0
466,466,2024-07-04,2024-02-15,3,delivered,1,3,33409100.0
467,467,2024-10-23,2024-07-24,2,delivered,3,2,4316600.0
468,468,2024-10-24,2024-07-08,1,delivered,2,1,1404000.0
469,469,2024-10-24,2024-06-04,1,delivered,1,1,706800.0
470,470,2024-05-22,2024-05-03,2,delivered,2,3,3444000.0
471,471,2024-08-24,2024-08-17,1,delivered,4,3,1052000.0
472,472,2024-10-10,2024-07-16,2,delivered,3,3,5847500.0
473,473,2024-09-21,2024-03-07,1,delivered,1,2,3950100.0
474,474,2024-10-10,2024-09-06,2,delivered,4,2,90293000.0
475,475,2024-10-31,2024-07-04,3,delivered,3,1,18204000.0
476,476,2024-11-10,2024-10-15,3,delivered,3,3,11426000.0
477,477,2024-11-07,2024-09-27,2,delivered,4,2,3047000.0
478,478,2024-10-22,2024-09-27,3,delivered,4,1,11535400.0
479,479,2024-11-11,2024-02-11,1,cancelled,4,1,1471000.0
480,480,2024-11-08,2024-11-06,3,delivered,1,2,26584800.0
481,481,2024-11-02,2024-09-17,1,delivered,2,1,1680000.0
482,482,2024-10-29,2024-09-14,3,cancelled,3,3,6395000.0
483,483,2024-03-04,2024-01-09,3,delivered,3,2,10741950.0
484,484,2024-07-06,2024-04-06,3,delivered,3,2,7236000.0
485,485,2024-06-23,2024-02-25,1,delivered,4,1,17553000.0
486,486,2024-10-10,2024-06-22,1,delivered,2,3,7665000.0
487,487,2024-10-30,2024-09-08,3,cancelled,4,3,11927350.0
488,488,2024-08-18,2024-07-25,2,cancelled,2,1,8144200.0
489,489,2024-10-15,2024-04-23,1,delivered,4,3,2960000.0
490,490,2024-05-06,2024-03-20,3,delivered,3,2,3385900.0
491,491,2024-10-25,2024-07-31,1,delivered,1,2,7449000.0
492,492,2024-11-07,2024-08-30,1,delivered,2,3,7669350.0
493,493,2024-07-18,2024-07-13,3,delivered,3,1,10172000.0
494,494,2024-11-03,2024-10-19,1,delivered,2,2,3972000.0
495,495,2024-11-07,2024-10-28,1,delivered,3,1,2552000.0
496,496,2024-10-28,2024-08-15,3,delivered,4,3,6038000.0
497,497,2024-10-28,2024-08-12,3,delivered,4,1,48541000.0
498,498,2024-10-29,2024-09-01,1,cancelled,1,2,650000.0
499,499,2024-09-23,2024-08-17,3,delivered,4,3,4917000.0
500,500,2024-11-02,2024-10-18,3,delivered,4,2,7809000.0
501,501,2024-08-01,2024-02-26,3,delivered,4,2,12522000.0
502,502,2024-09-15,2024-06-24,2,delivered,3,3,8212000.0
503,503,2024-05-27,2024-02-01,1,delivered,3,1,8721000.0
504,504,2024-11-06,2024-09-21,2,delivered,1,1,43987350.0
505,505,2024-08-31,2024-01-11,3,delivered,2,3,23627000.0
506,506,2024-08-01,2024-07-07,1,delivered,2,2,6052000.0
507,507,2024-10-13,2024-05-03,2,delivered,1,1,91674000.0
508,508,2024-06-28,2024-06-28,1,delivered,2,2,1923000.0
509,509,2024-05-09,2024-03-17,2,delivered,2,3,2051000.0
510,510,2024-10-07,2024-08-20,3,delivered,2,2,8010000.0
511,511,2024-09-03,2024-08-27,2,delivered,2,1,8080000.0
512,512,2024-05-15,2024-05-14,3,delivered,4,2,49606400.0
513,513,2024-11-07,2024-10-21,2,delivered,1,1,5823700.0
514,514,2024-04-28,2024-04-28,3,delivered,3,1,12550000.0
515,515,2024-08-22,2024-02-09,2,delivered,1,2,6540000.0
516,516,2024-02-24,2024-02-07,3,delivered,1,2,5893000.0
517,517,2024-11-08,2024-10-26,3,delivered,1,1,12772600.0
518,518,2024-10-10,2024-04-05,3,delivered,1,1,178819000.0
519,519,2024-06-09,2024-03-26,3,delivered,1,1,34677000.0
520,520,2024-08-26,2024-07-31,2,delivered,3,3,9406000.0
521,521,2024-10-26,2024-09-18,1,cancelled,1,1,9454500.0
522,522,2024-09-15,2024-08-27,2,delivered,4,1,13571000.0
523,523,2024-03-22,2024-02-18,3,delivered,2,1,3576000.0
524,524,2024-09-07,2024-03-30,3,delivered,2,1,5291000.0
525,525,2024-10-01,2024-04-14,3,delivered,3,3,17636000.0
526,526,2024-10-25,2024-10-25,2,delivered,4,3,17812000.0
527,527,2024-11-01,2024-09-30,3,delivered,2,3,8300000.0
528,528,2024-07-16,2024-03-10,1,delivered,4,2,1627350.0
529,529,2024-11-10,2024-11-10,1,delivered,3,3,9084000.0
530,530,2024-07-18,2024-07-02,3,delivered,3,3,9116000.0
531,531,2024-10-13,2024-09-19,1,delivered,3,3,3110000.0
532,532,2024-06-14,2024-03-30,3,delivered,4,3,15575000.0
533,533,2024-07-31,2024-05-27,3,delivered,3,2,19097700.0
534,534,2024-09-08,2024-05-03,3,delivered,1,1,15575000.0
535,535,2024-11-05,2024-08-20,2,cancelled,2,2,9419000.0
536,536,2024-06-21,2024-01-17,2,delivered,1,2,17294000.0
537,537,2024-09-15,2024-01-20,3,delivered,1,3,8277000.0
538,538,2024-10-28,2024-10-26,2,delivered,3,3,2760000.0
539,539,2024-03-27,2024-01-12,1,delivered,2,3,7498000.0
540,540,2024-11-11,2024-09-24,2,delivered,3,2,2993000.0
541,541,2024-03-13,2024-02-23,2,delivered,4,2,7424000.0
542,542,2024-06-18,2024-02-26,3,delivered,3,2,14519000.0
543,543,2024-10-20,2024-10-12,2,cancelled,3,3,5597000.0
544,544,2024-09-01,2024-01-25,3,delivered,4,3,30441550.0
545,545,2024-10-25,2024-06-16,3,delivered,2,1,6560000.0
546,546,2024-10-29,2024-10-08,2,delivered,2,1,3164000.0
547,547,2024-10-27,2024-03-07,2,delivered,4,2,5306000.0
548,548,2024-04-19,2024-02-09,2,delivered,4,1,15624000.0
549,549,2024-09-15,2024-05-06,3,cancelled,1,3,7409000.0
550,550,2024-07-21,2024-07-04,1,cancelled,1,3,6990000.0
551,551,2024-10-07,2024-07-17,1,delivered,1,2,4230000.0
552,552,2024-10-10,2024-08-09,2,delivered,1,2,112812000.0
553,553,2024-05-11,2024-05-09,3,delivered,2,1,64897000.0
554,554,2024-09-27,2024-06-10,1,cancelled,1,3,1052000.0
555,555,2024-07-13,2024-02-13,1,delivered,3,2,5205000.0
556,556,2024-08-16,2024-07-14,1,delivered,3,2,5036000.0
557,557,2024-10-22,2024-10-07,2,delivered,2,3,7961000.0
558,558,2024-09-07,2024-04-30,2,delivered,1,3,2556000.0
559,559,2024-09-28,2024-03-06,1,delivered,4,3,5964000.0
560,560,2024-10-17,2024-09-21,3,delivered,1,2,9997000.0
561,561,2024-11-05,2024-06-07,1,delivered,1,2,2031000.0
562,562,2024-03-09,2024-03-01,3,delivered,4,1,11021000.0
563,563,2024-11-05,2024-07-25,3,delivered,3,3,4709700.0
564,564,2024-06-29,2024-06-16,3,cancelled,3,2,9566000.0
565,565,2024-07-14,2024-05-23,2,delivered,4,3,4023000.0
566,566,2024-10-07,2024-08-17,3,delivered,3,1,5635000.0
567,567,2024-03-27,2024-02-28,1,delivered,4,1,1460000.0
568,568,2024-10-04,2024-08-30,3,cancelled,1,1,10157000.0
569,569,2024-06-19,2024-04-30,2,delivered,1,1,85628000.0
570,570,2024-10-07,2024-01-30,2,delivered,4,2,55337400.0
571,571,2024-06-26,2024-02-01,2,cancelled,1,1,25466800.0
572,572,2024-08-22,2024-02-23,3,cancelled,3,3,6022150.0
573,573,2024-08-08,2024-04-03,2,delivered,2,3,7270400.0
574,574,2024-08-23,2024-02-05,3,delivered,3,3,10336000.0
575,575,2024-08-27,2024-07-11,3,delivered,3,3,7441000.0
576,576,2024-08-24,2024-06-05,2,delivered,1,3,11214000.0
577,577,2024-06-26,2024-03-07,1,delivered,1,3,3097000.0
578,578,2024-02-22,2024-02-06,3,cancelled,3,3,4811000.0
579,579,2024-06-22,2024-02-06,3,delivered,3,3,7160000.0
580,580,2024-09-24,2024-03-08,2,delivered,2,2,6784000.0
581,581,2024-10-17,2024-02-29,2,delivered,3,3,1610000.0
582,582,2024-06-13,2024-02-03,1,cancelled,1,3,3911000.0
583,583,2024-08-24,2024-05-13,2,delivered,1,3,5846000.0
584,584,2024-07-31,2024-07-31,3,cancelled,3,1,20092100.0
585,585,2024-10-28,2024-04-14,1,cancelled,4,1,1052000.0
586,586,2024-11-11,2024-09-18,3,cancelled,4,1,15864000.0
587,587,2024-11-09,2024-06-26,1,delivered,2,1,1578000.0
588,588,2024-08-13,2024-03-06,3,delivered,3,1,7744000.0
589,589,2024-08-09,2024-07-26,1,delivered,4,3,3144500.0
590,590,2024-07-17,2024-04-30,1,delivered,1,3,4236000.0
591,591,2024-09-07,2024-05-21,3,delivered,4,1,111678000.0
592,592,2024-07-03,2024-01-04,1,delivered,2,1,4420000.0
593,593,2024-11-08,2024-11-06,2,delivered,2,1,39124000.0
594,594,2024-09-11,2024-02-16,2,delivered,4,3,7087000.0
595,595,2024-04-05,2024-01-31,1,delivered,1,2,2449000.0
596,596,2024-05-20,2024-04-27,1,delivered,1,1,1231000.0
597,597,2024-09-12,2024-04-21,3,cancelled,1,1,8598000.0
598,598,2024-08-14,2024-03-16,1,delivered,1,3,3670000.0
599,599,2024-06-25,2024-01-24,3,delivered,4,1,4754250.0
600,600,2024-10-30,2024-03-05,3,delivered,3,1,36019450.0
601,601,2024-11-01,2024-10-02,3,cancelled,2,3,63732000.0
602,602,2024-10-21,2024-05-26,3,delivered,2,3,17704000.0
603,603,2024-09-02,2024-06-13,1,delivered,2,3,1360000.0
604,604,2024-03-21,2024-01-16,3,cancelled,4,3,6992000.0
605,605,2024-10-25,2024-08-08,1,delivered,1,2,8553000.0
606,606,2024-09-12,2024-08-08,3,delivered,3,2,12020000.0
607,607,2024-06-24,2024-05-08,3,delivered,1,1,9991000.0
608,608,2024-11-11,2024-09-20,2,delivered,1,1,1173000.0
609,609,2024-11-10,2024-11-05,2,delivered,4,1,6758000.0
610,610,2024-09-16,2024-04-27,2,delivered,2,2,2903000.0
611,611,2024-06-03,2024-01-05,2,delivered,2,2,20302000.0
612,612,2024-09-12,2024-09-08,3,delivered,4,3,15862000.0
613,613,2024-10-28,2024-09-12,3,delivered,4,2,8121000.0
614,614,2024-05-15,2024-04-07,1,delivered,3,2,1336000.0
615,615,2024-10-23,2024-04-16,3,cancelled,3,3,11982000.0
616,616,2024-06-20,2024-03-28,1,delivered,3,1,2726000.0
617,617,2024-05-15,2024-03-17,3,delivered,2,2,4003000.0
618,618,2024-04-20,2024-03-01,2,delivered,2,1,7845000.0
619,619,2024-10-12,2024-07-09,1,delivered,2,2,1052000.0
620,620,2024-06-05,2024-04-10,3,delivered,2,1,8221800.0
621,621,2024-11-01,2024-10-16,1,cancelled,1,2,808000.0
622,622,2024-08-02,2024-05-06,3,delivered,1,1,56074000.0
623,623,2024-09-07,2024-02-24,2,cancelled,4,1,3039600.0
624,624,2024-10-24,2024-07-05,2,delivered,1,3,31787000.0
625,625,2024-05-29,2024-03-26,1,cancelled,2,3,1363000.0
626,626,2024-07-23,2024-05-08,3,delivered,4,2,12363300.0
627,627,2024-10-31,2024-07-14,3,delivered,1,3,7156150.0
628,628,2024-11-09,2024-05-02,1,delivered,1,3,526000.0
629,629,2024-07-22,2024-01-24,2,delivered,4,2,2657000.0
630,630,2024-08-29,2024-08-22,3,cancelled,4,1,11776000.0
631,631,2024-10-26,2024-07-25,1,delivered,2,3,11854000.0
632,632,2024-08-31,2024-04-12,2,delivered,1,3,7661300.0
633,633,2024-07-15,2024-06-11,3,delivered,2,2,9660000.0
634,634,2024-08-02,2024-03-11,3,delivered,3,1,41140000.0
635,635,2024-11-04,2024-04-13,1,delivered,4,2,2403000.0
636,636,2024-11-03,2024-10-30,1,delivered,3,1,5670000.0
637,637,2024-07-04,2024-06-06,2,delivered,1,2,9567000.0
638,638,2024-11-06,2024-08-17,2,delivered,2,3,8114000.0
639,639,2024-06-28,2024-01-25,1,delivered,4,1,812000.0
640,640,2024-06-27,2024-04-07,2,delivered,2,1,2558000.0
641,641,2024-06-24,2024-04-24,2,delivered,2,2,11415000.0
642,642,2024-03-26,2024-03-10,1,delivered,3,2,2624000.0
643,643,2024-10-18,2024-05-19,1,delivered,1,2,4430000.0
644,644,2024-08-27,2024-01-14,3,delivered,3,2,6310400.0
645,645,2024-11-01,2024-10-18,1,delivered,3,3,1836000.0
646,646,2024-09-06,2024-05-07,3,delivered,2,1,6108000.0
647,647,2024-08-22,2024-06-27,3,delivered,3,3,34047900.0
648,648,2024-08-27,2024-01-19,2,delivered,4,3,82845000.0
649,649,2024-09-30,2024-07-19,3,delivered,3,3,38891250.0
650,650,2024-10-04,2024-04-11,1,delivered,1,2,792300.0
651,651,2024-03-19,2024-02-03,3,delivered,1,1,7323750.0
652,652,2024-09-17,2024-08-06,1,delivered,4,2,2988000.0
653,653,2024-11-08,2024-09-18,3,delivered,3,3,38785000.0
654,654,2024-10-04,2024-07-17,1,delivered,1,1,31224000.0
655,655,2024-09-20,2024-09-09,3,delivered,3,3,17611000.0
656,656,2024-08-29,2024-06-18,3,cancelled,3,1,3213000.0
657,657,2024-10-31,2024-04-08,3,delivered,1,1,16345000.0
658,658,2024-03-29,2024-02-12,2,delivered,2,3,14423000.0
659,659,2024-11-11,2024-11-07,1,delivered,3,3,3624000.0
660,660,2024-07-21,2024-04-05,2,cancelled,1,1,5071000.0
661,661,2024-10-25,2024-03-13,2,delivered,1,3,4397000.0
662,662,2024-05-11,2024-04-07,1,delivered,4,3,991000.0
663,663,2024-05-15,2024-03-17,2,delivered,3,3,7456000.0
664,664,2024-10-01,2024-02-21,2,delivered,4,2,1039900.0
665,665,2024-09-20,2024-07-12,2,delivered,1,1,2828000.0
666,666,2024-08-11,2024-06-14,1,delivered,3,3,11015000.0
667,667,2024-11-06,2024-05-21,1,delivered,4,2,3734000.0
668,668,2024-09-09,2024-03-02,1,delivered,1,1,1179000.0
669,669,2024-07-12,2024-06-26,2,cancelled,4,2,45536000.0
670,670,2024-09-15,2024-09-12,2,delivered,3,1,31295000.0
671,671,2024-10-01,2024-09-07,3,delivered,4,2,168884400.0
672,672,2024-07-13,2024-02-11,2,delivered,1,1,4674000.0
673,673,2024-10-27,2024-10-26,2,delivered,2,3,36589900.0
674,674,2024-11-08,2024-11-06,3,cancelled,3,3,4285400.0
675,675,2024-10-30,2024-01-14,2,cancelled,1,2,8890000.0
676,676,2024-09-07,2024-08-13,1,delivered,2,3,31224000.0
677,677,2024-10-22,2024-10-07,2,delivered,1,1,4528000.0
678,678,2024-05-11,2024-05-02,2,delivered,2,1,4489000.0
679,679,2024-10-29,2024-03-03,2,delivered,2,1,7468000.0
680,680,2024-10-27,2024-06-24,1,delivered,3,3,69832000.0
681,681,2024-10-01,2024-03-14,1,delivered,4,1,90801000.0
682,682,2024-07-04,2024-05-29,1,delivered,3,1,2872000.0
683,683,2024-08-31,2024-08-01,2,delivered,4,3,12371000.0
684,684,2024-11-05,2024-11-01,2,delivered,1,3,12956000.0
685,685,2024-10-11,2024-07-28,2,delivered,4,1,3207000.0
686,686,2024-07-04,2024-02-10,3,cancelled,1,1,7275000.0
687,687,2024-07-07,2024-07-02,2,delivered,3,2,18874000.0
688,688,2024-09-15,2024-05-09,3,delivered,2,1,30961000.0
689,689,2024-10-23,2024-09-16,1,delivered,1,1,1908000.0
690,690,2024-10-23,2024-07-25,1,delivered,4,1,3250800.0
691,691,2024-08-18,2024-08-03,2,delivered,3,2,27708000.0
692,692,2024-09-30,2024-06-09,1,delivered,4,2,2263000.0
693,693,2024-09-30,2024-08-06,1,delivered,2,3,680000.0
694,694,2024-09-01,2024-06-10,1,delivered,2,3,5370000.0
695,695,2024-11-07,2024-10-01,1,delivered,1,1,15612000.0
696,696,2024-10-06,2024-05-08,1,delivered,3,1,3260000.0
697,697,2024-11-09,2024-03-13,3,delivered,3,1,13119000.0
698,698,2024-11-10,2024-11-10,1,delivered,4,1,46104000.0
699,699,2024-11-07,2024-10-20,2,cancelled,2,3,6453000.0
700,700,2024-09-25,2024-09-16,2,delivered,3,2,4431000.0
701,701,2024-11-03,2024-08-16,2,delivered,1,3,2021000.0
702,702,2024-07-23,2024-06-21,1,delivered,3,3,2136000.0
703,703,2024-07-05,2024-02-16,2,delivered,2,1,6691000.0
704,704,2024-02-04,2024-01-14,2,delivered,3,3,2577400.0
705,705,2024-11-07,2024-10-09,2,delivered,4,3,6827000.0
706,706,2024-10-06,2024-02-17,1,cancelled,2,3,17553000.0
707,707,2024-10-18,2024-03-29,3,delivered,1,2,34348000.0
708,708,2024-10-29,2024-10-17,2,delivered,4,2,53236600.0
709,709,2024-08-16,2024-02-17,3,delivered,4,3,8942000.0
710,710,2024-05-03,2024-03-20,3,delivered,1,3,29516000.0
711,711,2024-08-10,2024-04-24,3,delivered,2,3,6542700.0
712,712,2024-11-10,2024-08-13,2,delivered,4,2,7394850.0
713,713,2024-11-01,2024-08-28,2,delivered,3,1,50872000.0
714,714,2024-10-11,2024-07-30,2,delivered,2,2,11047000.0
715,715,2024-09-17,2024-02-14,1,delivered,1,1,2409000.0
716,716,2024-11-08,2024-09-23,2,delivered,3,3,4944750.0
717,717,2024-10-30,2024-04-18,2,cancelled,4,3,5851000.0
718,718,2024-04-07,2024-01-28,3,delivered,3,1,17053000.0
719,719,2024-09-26,2024-08-13,2,cancelled,3,2,7314000.0
720,720,2024-09-18,2024-05-22,1,delivered,3,3,4953000.0
721,721,2024-10-10,2024-03-21,1,cancelled,1,1,16141000.0
722,722,2024-08-16,2024-02-26,2,delivered,2,3,4556000.0
723,723,2024-03-13,2024-01-20,2,delivered,4,1,2613000.0
724,724,2024-05-15,2024-03-11,2,delivered,1,3,3827000.0
725,725,2024-06-09,2024-05-12,1,cancelled,3,1,1806000.0
726,726,2024-10-20,2024-06-28,2,delivered,3,3,38034000.0
727,727,2024-10-28,2024-02-05,2,delivered,2,3,24765000.0
728,728,2024-10-08,2024-08-28,1,cancelled,2,3,38907000.0
729,729,2024-05-27,2024-05-09,3,delivered,2,1,32573700.0
730,730,2024-08-05,2024-01-10,2,delivered,3,3,6196000.0
731,731,2024-07-03,2024-01-25,1,delivered,2,1,8646000.0
732,732,2024-10-29,2024-08-18,2,delivered,3,3,22661000.0
733,733,2024-06-16,2024-04-08,1,delivered,2,1,12903000.0
734,734,2024-09-16,2024-09-16,2,cancelled,1,2,3476000.0
735,735,2024-08-02,2024-05-13,3,delivered,2,1,13415000.0
736,736,2024-09-17,2024-03-07,2,delivered,4,1,4724000.0
737,737,2024-10-26,2024-10-20,2,delivered,2,3,4078000.0
738,738,2024-11-06,2024-10-27,3,delivered,4,1,9467000.0
739,739,2024-06-20,2024-04-28,3,delivered,1,1,18690000.0
740,740,2024-09-09,2024-08-15,3,delivered,3,2,11219450.0
741,741,2024-07-29,2024-07-16,1,cancelled,1,1,2556000.0
742,742,2024-07-15,2024-06-22,3,delivered,1,2,11998000.0
743,743,2024-05-22,2024-03-05,1,delivered,3,3,1078000.0
744,744,2024-05-12,2024-02-25,1,delivered,1,1,1968000.0
745,745,2024-10-14,2024-08-17,3,delivered,3,2,6667000.0
746,746,2024-04-29,2024-02-27,3,delivered,2,1,15298000.0
747,747,2024-09-21,2024-09-06,3,delivered,2,2,8948500.0
748,748,2024-05-05,2024-01-06,1,delivered,1,2,2302000.0
749,749,2024-07-26,2024-07-24,3,cancelled,3,3,35128000.0
750,750,2024-04-20,2024-04-07,2,delivered,3,2,3208000.0
751,751,2024-08-22,2024-03-17,1,delivered,3,1,1204000.0
752,752,2024-10-01,2024-09-08,1,delivered,1,1,1290000.0
753,753,2024-07-31,2024-03-06,2,delivered,3,3,14320000.0
754,754,2024-07-15,2024-02-13,3,delivered,3,2,3000000.0
755,755,2024-07-16,2024-05-04,3,delivered,3,1,6684900.0
756,756,2024-10-20,2024-08-23,3,delivered,1,3,93599900.0
757,757,2024-09-08,2024-08-22,2,delivered,3,1,19976000.0
758,758,2024-10-14,2024-08-13,3,delivered,4,3,17800000.0
759,759,2024-06-22,2024-06-09,1,delivered,1,3,4896000.0
760,760,2024-10-12,2024-10-04,3,delivered,3,2,21295000.0
761,761,2024-10-19,2024-01-05,2,delivered,2,3,4495000.0
762,762,2024-03-17,2024-02-26,2,delivered,4,3,4001000.0
763,763,2024-07-13,2024-04-04,2,cancelled,2,2,6086000.0
764,764,2024-08-06,2024-06-18,2,delivered,3,1,11561500.0
765,765,2024-06-12,2024-02-21,2,cancelled,4,3,11276000.0
766,766,2024-09-15,2024-05-18,2,delivered,1,2,40578000.0
767,767,2024-07-10,2024-05-29,2,delivered,1,3,3681300.0
768,768,2024-07-04,2024-05-06,3,delivered,2,3,83778000.0
769,769,2024-09-08,2024-01-09,3,delivered,4,2,7960000.0
770,770,2024-10-29,2024-05-22,2,delivered,4,1,2498200.0
771,771,2024-08-15,2024-07-20,1,delivered,1,1,6817000.0
772,772,2024-10-27,2024-10-27,1,delivered,3,2,3822000.0
773,773,2024-10-06,2024-09-23,1,delivered,2,3,3988000.0
774,774,2024-11-05,2024-08-17,1,delivered,3,2,1578000.0
775,775,2024-08-09,2024-06-05,2,delivered,3,2,4382000.0
776,776,2024-07-14,2024-01-17,2,delivered,4,2,38679000.0
777,777,2024-04-22,2024-03-02,3,delivered,3,2,30691000.0
778,778,2024-10-19,2024-10-11,2,delivered,2,3,3786000.0
779,779,2024-11-03,2024-10-17,2,delivered,4,2,2634000.0
780,780,2024-08-19,2024-07-27,3,delivered,4,3,9075850.0
781,781,2024-08-27,2024-08-26,2,delivered,1,1,33723000.0
782,782,2024-10-05,2024-07-14,1,delivered,4,1,9300000.0
783,783,2024-11-08,2024-11-07,1,delivered,1,3,5013000.0
784,784,2024-03-18,2024-01-03,1,delivered,4,1,33294000.0
785,785,2024-09-03,2024-07-15,1,cancelled,2,3,2754000.0
786,786,2024-05-21,2024-02-28,1,delivered,1,2,2162000.0
787,787,2024-10-16,2024-06-20,2,delivered,2,2,9112000.0
788,788,2024-07-24,2024-04-07,2,delivered,3,1,6140100.0
789,789,2024-11-09,2024-10-23,1,delivered,2,3,6015000.0
790,790,2024-11-05,2024-06-27,3,delivered,2,2,40468000.0
791,791,2024-10-31,2024-06-05,1,delivered,2,1,9492000.0
792,792,2024-09-25,2024-05-10,3,delivered,3,3,12116000.0
793,793,2024-07-16,2024-07-10,2,delivered,4,2,7213000.0
794,794,2024-10-13,2024-07-27,2,delivered,1,2,50958000.0
795,795,2024-11-03,2024-11-01,2,delivered,1,2,2925600.0
796,796,2024-10-11,2024-01-01,2,cancelled,1,2,4061900.0
797,797,2024-06-17,2024-01-05,2,delivered,4,2,3459000.0
798,798,2024-10-22,2024-02-03,2,delivered,4,2,5268000.0
799,799,2024-05-28,2024-01-07,3,cancelled,2,3,9415000.0
800,800,2024-10-02,2024-09-21,1,delivered,3,1,6390000.0
801,801,2024-10-26,2024-04-22,3,delivered,2,3,9964000.0
802,802,2024-07-24,2024-03-02,3,delivered,3,1,6856000.0
803,803,2024-06-23,2024-02-21,2,cancelled,2,1,287799000.0
804,804,2024-10-10,2024-09-18,3,delivered,4,2,6967900.0
805,805,2024-05-31,2024-03-12,3,delivered,4,1,5267000.0
806,806,2024-11-11,2024-10-19,2,delivered,3,2,84477000.0
807,807,2024-07-27,2024-02-06,3,delivered,1,3,15589000.0
808,808,2024-09-18,2024-06-06,1,delivered,1,1,4035000.0
809,809,2024-11-08,2024-10-24,2,delivered,2,3,7314000.0
810,810,2024-06-29,2024-06-13,2,delivered,4,1,3090000.0
811,811,2024-10-23,2024-02-04,3,delivered,3,3,27054000.0
812,812,2024-06-02,2024-02-05,1,delivered,4,2,2595000.0
813,813,2024-10-22,2024-06-14,3,delivered,3,2,9358000.0
814,814,2024-11-04,2024-11-02,2,cancelled,2,3,39385000.0
815,815,2024-09-06,2024-02-04,1,delivered,1,2,2480000.0
816,816,2024-03-15,2024-02-29,3,cancelled,2,1,8272000.0
817,817,2024-09-10,2024-01-06,2,delivered,2,3,9220000.0
818,818,2024-06-18,2024-01-18,3,delivered,1,1,8935000.0
819,819,2024-06-16,2024-05-18,1,delivered,2,1,1412000.0
820,820,2024-04-06,2024-02-25,1,delivered,2,3,1484000.0
821,821,2024-10-22,2024-10-12,3,delivered,2,3,32350000.0
822,822,2024-11-07,2024-10-23,3,delivered,1,2,6338000.0
823,823,2024-03-01,2024-02-25,2,delivered,4,3,5173000.0
824,824,2024-09-23,2024-08-29,1,delivered,3,1,873000.0
825,825,2024-08-07,2024-07-15,1,delivered,1,1,10708000.0
826,826,2024-05-25,2024-03-03,2,delivered,4,1,32326600.0
827,827,2024-10-16,2024-09-15,2,delivered,1,2,14390000.0
828,828,2024-10-14,2024-05-26,1,delivered,4,2,1011000.0
829,829,2024-05-08,2024-01-09,1,delivered,3,3,3178000.0
830,830,2024-11-04,2024-10-29,1,delivered,3,3,1013000.0
831,831,2024-10-12,2024-05-16,3,delivered,1,2,29101000.0
832,832,2024-10-17,2024-07-12,1,delivered,4,2,1240200.0
833,833,2024-10-14,2024-06-09,3,delivered,1,1,4652000.0
834,834,2024-07-11,2024-04-24,1,delivered,4,2,526000.0
835,835,2024-11-06,2024-11-05,1,delivered,3,1,4080000.0
836,836,2024-05-31,2024-05-27,2,delivered,3,2,9515000.0
837,837,2024-10-30,2024-10-26,1,delivered,3,2,3260000.0
838,838,2024-11-01,2024-05-04,3,delivered,1,3,30506000.0
839,839,2024-10-30,2024-08-21,3,delivered,4,3,15389000.0
840,840,2024-08-04,2024-07-10,3,delivered,3,3,4537000.0
841,841,2024-11-01,2024-10-13,1,delivered,1,1,23140000.0
842,842,2024-08-18,2024-05-14,2,delivered,3,1,6026000.0
843,843,2024-06-02,2024-06-02,3,delivered,1,1,36783700.0
844,844,2024-06-10,2024-06-07,1,cancelled,3,2,5252000.0
845,845,2024-08-27,2024-05-05,2,delivered,2,1,3972000.0
846,846,2024-10-17,2024-06-10,2,delivered,3,2,5819000.0
847,847,2024-08-25,2024-02-15,2,cancelled,2,3,3576000.0
848,848,2024-10-07,2024-09-16,2,delivered,2,3,4547000.0
849,849,2024-05-09,2024-04-28,2,cancelled,2,3,3548000.0
850,850,2024-06-24,2024-05-19,1,delivered,3,1,630000.0
851,851,2024-05-09,2024-01-10,3,cancelled,1,3,31378000.0
852,852,2024-11-09,2024-07-10,1,delivered,2,3,83520000.0
853,853,2024-08-25,2024-06-13,1,delivered,2,2,1130000.0
854,854,2024-06-15,2024-05-16,2,delivered,1,3,22168000.0
855,855,2024-11-11,2024-10-07,2,delivered,1,2,3358950.0
856,856,2024-08-11,2024-05-27,2,delivered,1,2,5092000.0
857,857,2024-10-07,2024-06-26,2,delivered,2,2,1578000.0
858,858,2024-08-11,2024-03-31,3,delivered,4,1,67674500.0
859,859,2024-10-15,2024-08-13,2,delivered,1,2,4568000.0
860,860,2024-11-09,2024-10-25,2,delivered,3,1,5757000.0
861,861,2024-08-21,2024-01-03,2,delivered,2,1,3912000.0
862,862,2024-10-24,2024-09-19,2,delivered,3,1,6316000.0
863,863,2024-09-23,2024-05-23,2,delivered,4,1,38001000.0
864,864,2024-08-07,2024-07-11,1,delivered,1,3,22698000.0
865,865,2024-03-12,2024-01-28,1,delivered,4,1,4478000.0
866,866,2024-09-11,2024-07-02,2,delivered,2,2,13863000.0
867,867,2024-10-23,2024-10-19,1,delivered,2,2,4401000.0
868,868,2024-06-23,2024-06-21,3,cancelled,4,2,28190800.0
869,869,2024-08-19,2024-07-31,3,delivered,4,3,22756000.0
870,870,2024-02-06,2024-02-04,1,delivered,4,2,3058000.0
871,871,2024-10-10,2024-09-05,2,delivered,3,3,12508000.0
872,872,2024-05-16,2024-04-13,1,delivered,1,3,1630000.0
873,873,2024-08-28,2024-05-31,1,delivered,2,3,1052000.0
874,874,2024-08-27,2024-01-23,2,delivered,4,1,2745000.0
875,875,2024-02-27,2024-02-25,1,delivered,2,2,4286000.0
876,876,2024-10-11,2024-06-13,3,delivered,2,1,14230000.0
877,877,2024-08-19,2024-08-04,1,delivered,2,2,1290000.0
878,878,2024-09-05,2024-01-13,3,delivered,2,3,26248000.0
879,879,2024-11-09,2024-10-14,1,delivered,4,2,1293900.0
880,880,2024-11-05,2024-10-17,2,delivered,2,1,23660000.0
881,881,2024-09-28,2024-09-13,3,delivered,2,3,14646100.0
882,882,2024-07-18,2024-05-20,2,delivered,1,1,5620200.0
883,883,2024-08-11,2024-02-26,2,delivered,4,1,5768000.0
884,884,2024-09-25,2024-06-19,3,delivered,3,3,5478000.0
885,885,2024-07-12,2024-03-03,3,delivered,1,3,10328800.0
886,886,2024-04-19,2024-01-17,2,delivered,3,1,14079000.0
887,887,2024-11-04,2024-10-17,1,delivered,2,2,8642000.0
888,888,2024-10-11,2024-08-09,1,delivered,4,2,5163000.0
889,889,2024-06-11,2024-04-08,1,cancelled,4,3,1163000.0
890,890,2024-09-08,2024-04-26,3,cancelled,2,2,17146700.0
891,891,2024-09-29,2024-07-23,3,delivered,3,1,14565000.0
892,892,2024-07-08,2024-05-26,3,delivered,1,3,7516000.0
893,893,2024-04-11,2024-01-11,1,delivered,2,2,8010000.0
894,894,2024-03-17,2024-03-17,1,delivered,1,2,526000.0
895,895,2024-11-01,2024-02-13,1,delivered,2,2,1578000.0
896,896,2024-11-06,2024-11-05,3,delivered,1,1,7931400.0
897,897,2024-10-07,2024-09-26,1,delivered,4,3,1782000.0
898,898,2024-10-17,2024-09-06,2,delivered,2,1,8153000.0
899,899,2024-09-29,2024-07-26,3,delivered,3,2,10636000.0
900,900,2024-08-28,2024-08-16,1,delivered,3,1,2898000.0
901,901,2024-09-15,2024-09-09,3,cancelled,1,1,10672000.0
902,902,2024-11-11,2024-02-17,1,delivered,1,2,2292000.0
903,903,2024-09-28,2024-03-11,3,delivered,2,2,18534000.0
904,904,2024-08-28,2024-08-03,3,delivered,4,2,5746400.0
905,905,2024-05-28,2024-04-19,2,cancelled,4,3,5353000.0
906,906,2024-03-08,2024-02-12,2,delivered,1,1,13388000.0
907,907,2024-07-08,2024-03-11,2,delivered,4,2,15488400.0
908,908,2024-07-20,2024-05-21,1,delivered,3,3,4054000.0
909,909,2024-11-05,2024-08-23,3,cancelled,2,2,10454800.0
910,910,2024-10-23,2024-08-29,3,delivered,4,1,8389000.0
911,911,2024-06-13,2024-05-06,2,delivered,1,3,3674000.0
912,912,2024-07-27,2024-04-02,1,delivered,3,1,1269200.0
913,913,2024-06-16,2024-01-04,1,cancelled,2,2,5013000.0
914,914,2024-03-05,2024-03-02,2,cancelled,2,2,3718500.0
915,915,2024-10-21,2024-08-30,3,delivered,3,2,4960550.0
916,916,2024-10-31,2024-06-13,1,delivered,1,3,1454000.0
917,917,2024-10-27,2024-03-29,2,delivered,2,1,2828000.0
918,918,2024-10-23,2024-08-21,2,delivered,3,3,8097000.0
919,919,2024-07-29,2024-04-12,1,delivered,3,1,3260000.0
920,920,2024-10-04,2024-07-09,1,delivered,3,2,526000.0
921,921,2024-08-04,2024-04-13,3,delivered,1,2,6243800.0
922,922,2024-11-04,2024-11-04,1,cancelled,3,2,526000.0
923,923,2024-10-13,2024-07-29,1,delivered,3,3,3549000.0
924,924,2024-09-07,2024-04-25,1,delivered,4,1,1949000.0
925,925,2024-08-13,2024-01-01,1,delivered,4,3,1512000.0
926,926,2024-11-09,2024-02-22,1,delivered,3,2,12889000.0
927,927,2024-08-14,2024-07-27,1,cancelled,4,2,288000.0
928,928,2024-11-09,2024-01-12,2,delivered,3,1,2943000.0
929,929,2024-06-20,2024-04-02,1,delivered,2,2,1294000.0
930,930,2024-06-22,2024-04-11,1,delivered,3,2,14124000.0
931,931,2024-09-29,2024-09-22,1,delivered,2,2,1566000.0
932,932,2024-09-18,2024-01-06,1,delivered,4,2,57480000.0
933,933,2024-11-10,2024-11-09,2,cancelled,1,3,20931000.0
934,934,2024-08-02,2024-05-12,2,cancelled,1,2,19361000.0
935,935,2024-10-18,2024-08-23,1,delivered,1,1,1360000.0
936,936,2024-07-30,2024-07-19,2,delivered,1,2,34789000.0
937,937,2024-09-15,2024-03-09,2,delivered,3,1,4359600.0
938,938,2024-08-09,2024-07-12,2,delivered,3,1,13774000.0
939,939,2024-09-01,2024-08-18,1,cancelled,3,2,105447000.0
940,940,2024-04-20,2024-01-01,3,delivered,3,3,5719250.0
941,941,2024-03-30,2024-01-18,1,delivered,3,1,1996000.0
942,942,2024-06-25,2024-01-19,2,delivered,2,2,5074150.0
943,943,2024-11-10,2024-03-03,1,delivered,2,2,624000.0
944,944,2024-03-22,2024-01-23,1,delivered,4,2,7125000.0
945,945,2024-05-17,2024-01-25,2,delivered,2,3,15303000.0
946,946,2024-06-11,2024-05-15,1,delivered,1,2,2331000.0
947,947,2024-10-30,2024-03-08,3,delivered,2,2,8819000.0
948,948,2024-03-24,2024-03-01,3,delivered,2,2,8358000.0
949,949,2024-10-24,2024-07-09,1,delivered,3,1,1446000.0
950,950,2024-09-20,2024-06-15,3,delivered,3,1,10216500.0
951,951,2024-06-01,2024-04-24,1,cancelled,3,1,621000.0
952,952,2024-09-22,2024-08-31,1,delivered,1,1,2655000.0
953,953,2024-11-09,2024-11-09,3,delivered,4,1,4330900.0
954,954,2024-10-14,2024-01-31,3,delivered,3,3,10613000.0
955,955,2024-09-21,2024-03-02,2,delivered,4,3,6961000.0
956,956,2024-07-06,2024-04-08,3,delivered,2,1,7704550.0
957,957,2024-11-07,2024-10-31,3,cancelled,4,1,7038000.0
958,958,2024-11-07,2024-10-21,1,delivered,4,1,2919000.0
959,959,2024-11-03,2024-04-04,1,delivered,3,3,20892600.0
960,960,2024-07-19,2024-06-14,1,cancelled,4,1,1410000.0
961,961,2024-08-04,2024-07-09,1,delivered,4,3,526000.0
962,962,2024-10-24,2024-06-12,1,delivered,4,3,1900000.0
963,963,2024-08-29,2024-07-04,1,delivered,4,1,526000.0
964,964,2024-11-06,2024-10-13,1,delivered,3,2,22919700.0
965,965,2024-02-27,2024-02-16,3,delivered,3,3,14398650.0
966,966,2024-10-31,2024-10-17,1,delivered,1,2,1416000.0
967,967,2024-08-12,2024-03-04,3,delivered,4,1,13722000.0
968,968,2024-10-04,2024-09-14,1,delivered,4,1,2672000.0
969,969,2024-05-09,2024-03-09,1,delivered,2,2,7308000.0
970,970,2024-06-28,2024-05-21,1,delivered,1,3,2035000.0
971,971,2024-01-25,2024-01-04,1,delivered,4,1,956000.0
972,972,2024-10-15,2024-06-12,2,cancelled,3,3,9364000.0
973,973,2024-06-13,2024-01-29,3,delivered,4,1,5365000.0
974,974,2024-10-31,2024-02-28,2,delivered,2,3,24620050.0
975,975,2024-07-13,2024-01-10,3,delivered,1,1,8842000.0
976,976,2024-10-14,2024-09-28,2,delivered,3,3,39319000.0
977,977,2024-10-23,2024-09-22,3,delivered,3,2,9635100.0
978,978,2024-09-10,2024-06-04,2,delivered,2,1,2551100.0
979,979,2024-09-25,2024-06-18,3,delivered,2,2,7529900.0
980,980,2024-10-25,2024-02-16,3,delivered,4,1,5398000.0
981,981,2024-07-30,2024-05-29,3,delivered,3,3,4104000.0
982,982,2024-02-02,2024-01-12,3,delivered,1,1,15468900.0
983,983,2024-05-21,2024-03-20,1,delivered,1,1,468000.0
984,984,2024-05-05,2024-02-27,1,delivered,2,3,1345000.0
985,985,2024-09-09,2024-04-26,1,delivered,3,2,696000.0
986,986,2024-10-09,2024-09-26,1,delivered,4,1,4116000.0
987,987,2024-08-26,2024-07-19,2,delivered,1,2,5832000.0
988,988,2024-05-08,2024-03-05,1,delivered,2,1,650000.0
989,989,2024-07-11,2024-02-09,3,delivered,1,1,188751000.0
990,990,2024-08-28,2024-05-20,1,delivered,4,2,2247000.0
991,991,2024-07-18,2024-04-23,2,delivered,3,1,14686000.0
992,992,2024-07-09,2024-06-21,1,delivered,3,2,4330800.0
993,993,2024-04-17,2024-02-14,3,delivered,4,3,75669000.0
994,994,2024-07-23,2024-07-09,3,delivered,1,3,11943000.0
995,995,2024-10-16,2024-10-07,2,cancelled,1,2,7769000.0
996,996,2024-11-09,2024-11-08,1,delivered,2,2,730000.0
997,997,2024-06-16,2024-01-07,3,delivered,2,1,10280450.0
998,998,2024-08-21,2024-04-01,1,delivered,3,1,3152000.0
999,999,2024-07-04,2024-06-01,1,delivered,3,1,5805000.0
1000,1000,2024-11-13,2024-11-13,2,delivered,1,3,2322000.0
1001,1001,2024-11-13,2024-11-13,1,delivered,4,3,1469000.0
1002,1002,2024-11-13,2024-11-11,3,shipped,4,2,15587000.0
1003,1003,2024-11-13,2024-11-13,1,shipped,4,3,940000.0
1004,1004,2024-11-13,2024-11-12,2,pending,2,3,3735000.0
1005,1005,2024-11-12,2024-11-12,2,delivered,4,1,1862000.0
1006,1006,2024-11-12,2024-11-11,3,shipped,4,1,51468200.0
1007,1007,2024-11-12,2024-11-11,1,delivered,4,3,49674000.0
1008,1008,2024-11-13,2024-11-12,1,cancelled,2,3,23475000.0
1009,1009,2024-11-12,2024-11-12,2,processing,3,2,7482000.0
1010,1010,2024-11-13,2024-11-13,1,pending,4,3,1052000.0
1011,1011,2024-11-13,2024-11-13,1,delivered,1,3,633000.0
1012,1012,2024-11-12,2024-11-12,1,shipped,3,3,999400.0
1013,1013,2024-11-13,2024-11-11,2,shipped,4,3,4325900.0
1014,1014,2024-11-13,2024-11-12,1,processing,3,1,253080000.0
1015,1015,2024-11-11,2024-11-11,3,shipped,4,2,4406000.0
1016,1016,2024-11-13,2024-11-13,2,pending,1,1,5862000.0
1017,1017,2024-11-13,2024-11-13,1,processing,2,2,37485000.0
1018,1018,2024-11-12,2024-11-11,2,cancelled,2,3,4353000.0
1019,1019,2024-11-11,2024-11-11,1,cancelled,1,2,4767000.0
1020,1020,2024-11-13,2024-11-12,2,shipped,3,3,6513000.0
1021,1021,2024-11-12,2024-11-12,1,cancelled,2,1,2932650.0
1022,1022,2024-11-13,2024-11-13,1,shipped,1,1,4566000.0
1023,1023,2024-11-12,2024-11-12,2,delivered,1,3,5678000.0
1024,1024,2024-11-13,2024-11-11,1,delivered,3,3,2099000.0
1025,1025,2024-11-13,2024-11-11,1,pending,2,3,2702000.0
1026,1026,2024-11-13,2024-11-13,2,shipped,1,2,6148800.0
1027,1027,2024-11-13,2024-11-12,3,cancelled,2,2,9204000.0
1028,1028,2024-11-13,2024-11-11,2,shipped,1,2,3821400.0
1029,1029,2024-11-13,2024-11-11,3,cancelled,2,1,10676500.0
1030,1030,2024-11-13,2024-11-12,2,shipped,4,3,5588000.0
1031,1031,2024-11-13,2024-11-12,3,cancelled,3,3,12400000.0
1032,1032,2024-11-13,2024-11-12,3,processing,1,3,7858000.0
1033,1033,2024-11-13,2024-11-13,3,processing,1,2,7683000.0
1034,1034,2024-11-12,2024-11-12,3,delivered,2,3,4958000.0
1035,1035,2024-11-11,2024-11-11,1,pending,3,1,2252000.0
1036,1036,2024-11-12,2024-11-12,2,delivered,3,3,12265000.0
1037,1037,2024-11-13,2024-11-13,2,pending,3,2,6424100.0
1038,1038,2024-11-13,2024-11-13,2,processing,2,3,1766000.0
1039,1039,2024-11-12,2024-11-12,2,pending,1,2,10595000.0
1040,1040,2024-11-13,2024-11-12,3,shipped,1,2,16790000.0
1041,1041,2024-11-13,2024-11-11,1,delivered,3,3,2781600.0
1042,1042,2024-11-13,2024-11-12,1,pending,2,2,1280000.0
1043,1043,2024-11-13,2024-11-11,3,cancelled,4,2,12561500.0
1044,1044,2024-11-13,2024-11-12,3,delivered,4,1,9351000.0
1045,1045,2024-11-12,2024-11-12,1,cancelled,3,2,2248200.0
1046,1046,2024-11-13,2024-11-13,3,processing,2,2,9932000.0
1047,1047,2024-11-13,2024-11-11,3,delivered,3,1,7040000.0
1048,1048,2024-11-13,2024-11-13,3,processing,1,2,7854200.0
1049,1049,2024-11-12,2024-11-11,1,pending,2,2,3656000.0
1050,1050,2024-11-12,2024-11-12,2,shipped,3,2,9089000.0
1051,1051,2024-11-12,2024-11-11,3,pending,2,2,3843000.0
1052,1052,2024-11-13,2024-11-12,2,pending,4,1,8921000.0
1053,1053,2024-11-13,2024-11-13,2,cancelled,2,1,106266000.0
1054,1054,2024-11-13,2024-11-12,2,cancelled,4,3,131002000.0
1055,1055,2024-11-11,2024-11-11,1,cancelled,1,2,4083000.0
1056,1056,2024-11-13,2024-11-13,1,delivered,1,3,3260000.0
1057,1057,2024-11-12,2024-11-11,2,pending,4,1,43987000.0
1058,1058,2024-11-13,2024-11-12,2,processing,1,3,3530000.0
1059,1059,2024-11-13,2024-11-13,1,processing,3,2,18378000.0
1060,1060,2024-11-13,2024-11-13,1,processing,2,1,969000.0
1061,1061,2024-11-12,2024-11-11,2,delivered,1,3,4809000.0
1062,1062,2024-11-11,2024-11-11,1,processing,4,1,1750000.0
1063,1063,2024-11-11,2024-11-11,2,cancelled,1,3,6239000.0
1064,1064,2024-11-12,2024-11-12,3,pending,3,2,28212000.0
1065,1065,2024-11-12,2024-11-12,2,shipped,3,2,8592000.0
1066,1066,2024-11-12,2024-11-11,3,pending,3,1,15268000.0
1067,1067,2024-11-11,2024-11-11,2,processing,3,3,6480000.0
1068,1068,2024-11-13,2024-11-13,2,pending,2,3,5208000.0
1069,1069,2024-11-13,2024-11-13,2,processing,3,2,7800000.0
1070,1070,2024-11-13,2024-11-13,2,cancelled,2,3,11310100.0
1071,1071,2024-11-13,2024-11-13,3,processing,4,3,31668000.0
1072,1072,2024-11-13,2024-11-12,2,shipped,1,2,10446000.0
1073,1073,2024-11-11,2024-11-11,2,pending,4,1,9391500.0
1074,1074,2024-11-13,2024-11-11,2,cancelled,3,1,2465000.0
1075,1075,2024-11-13,2024-11-12,3,delivered,3,1,6139000.0
1076,1076,2024-11-13,2024-11-11,1,pending,3,2,3734000.0
1077,1077,2024-11-13,2024-11-13,3,pending,3,2,9312000.0
1078,1078,2024-11-13,2024-11-13,3,pending,1,1,4816000.0
1079,1079,2024-11-13,2024-11-13,1,pending,1,2,28306000.0
1080,1080,2024-11-13,2024-11-12,1,shipped,2,2,61868000.0
1081,1081,2024-11-12,2024-11-12,3,cancelled,3,3,5061000.0
1082,1082,2024-11-13,2024-11-13,1,processing,4,2,1488600.0
1083,1083,2024-11-13,2024-11-11,2,shipped,4,1,4278000.0
1084,1084,2024-11-12,2024-11-12,2,pending,3,3,4896000.0
1085,1085,2024-11-13,2024-11-13,2,cancelled,4,3,21267000.0
1086,1086,2024-11-13,2024-11-13,2,delivered,4,3,3378600.0
1087,1087,2024-11-12,2024-11-12,2,delivered,3,1,3287000.0
1088,1088,2024-11-13,2024-11-13,2,delivered,4,2,3397000.0
1089,1089,2024-11-12,2024-11-12,2,cancelled,4,2,3960000.0
1090,1090,2024-11-13,2024-11-11,2,processing,3,3,4606000.0
1091,1091,2024-11-12,2024-11-11,3,processing,3,3,13770000.0
1092,1092,2024-11-12,2024-11-11,2,cancelled,3,2,21686000.0
1093,1093,2024-11-13,2024-11-13,1,pending,3,2,22994000.0
1094,1094,2024-11-11,2024-11-11,1,pending,1,1,2736000.0
1095,1095,2024-11-12,2024-11-12,2,delivered,3,1,1964000.0
1096,1096,2024-11-12,2024-11-12,1,cancelled,2,1,8553000.0
1097,1097,2024-11-11,2024-11-11,3,shipped,4,1,6819400.0
1098,1098,2024-11-13,2024-11-11,2,delivered,1,3,10052000.0
1099,1099,2024-11-13,2024-11-13,2,pending,4,1,2263000.0
1100,1100,2024-11-13,2024-11-13,1,processing,1,3,3510000.0
1101,1101,2024-11-11,2024-11-11,2,cancelled,4,2,6402000.0
1102,1102,2024-11-12,2024-11-12,2,delivered,3,2,2246000.0
1103,1103,2024-11-13,2024-11-13,1,delivered,4,3,1968000.0
1104,1104,2024-11-12,2024-11-11,2,delivered,3,2,4402000.0
1105,1105,2024-11-13,2024-11-11,3,delivered,2,3,29184400.0
1106,1106,2024-11-13,2024-11-12,2,pending,2,1,13731000.0
1107,1107,2024-11-13,2024-11-13,1,shipped,4,1,3982000.0
1108,1108,2024-11-11,2024-11-11,1,delivered,4,3,1970000.0
1109,1109,2024-11-13,2024-11-12,1,processing,2,2,13218000.0
1110,1110,2024-11-12,2024-11-12,1,pending,2,1,2181000.0
1111,1111,2024-11-13,2024-11-12,2,pending,4,2,22395000.0
1112,1112,2024-11-13,2024-11-12,3,pending,2,3,16789000.0
1113,1113,2024-11-12,2024-11-12,2,cancelled,4,3,7981900.0
1114,1114,2024-11-13,2024-11-13,3,cancelled,3,2,148234000.0
1115,1115,2024-11-13,2024-11-13,3,pending,4,3,23048000.0
1116,1116,2024-11-12,2024-11-12,2,delivered,2,1,5588000.0
1117,1117,2024-11-11,2024-11-11,1,delivered,2,3,7946000.0
1118,1118,2024-11-13,2024-11-13,3,delivered,2,3,6457800.0
1119,1119,2024-11-13,2024-11-13,1,shipped,1,1,1816000.0
1120,1120,2024-11-13,2024-11-11,3,pending,2,2,5195700.0
1121,1121,2024-11-13,2024-11-13,3,pending,4,1,4916000.0
1122,1122,2024-11-13,2024-11-12,3,pending,3,3,54788000.0
1123,1123,2024-11-12,2024-11-11,3,shipped,1,1,6790000.0
1124,1124,2024-11-12,2024-11-12,1,processing,2,2,526000.0
1125,1125,2024-11-13,2024-11-11,2,processing,2,2,6600000.0
1126,1126,2024-11-12,2024-11-11,1,pending,3,1,1548000.0
1127,1127,2024-11-13,2024-11-12,3,shipped,4,3,63054000.0
1128,1128,2024-11-13,2024-11-12,1,shipped,1,1,47882850.0
1129,1129,2024-11-12,2024-11-12,3,shipped,3,1,32833000.0
1130,1130,2024-11-13,2024-11-12,1,delivered,1,3,5169000.0
1131,1131,2024-11-12,2024-11-12,3,shipped,2,2,8381000.0
1132,1132,2024-11-12,2024-11-12,2,processing,4,3,4965000.0
1133,1133,2024-11-13,2024-11-13,3,cancelled,2,3,14550000.0
1134,1134,2024-11-12,2024-11-12,1,delivered,3,1,4704000.0
1135,1135,2024-11-13,2024-11-12,2,processing,4,1,16550000.0
1136,1136,2024-11-12,2024-11-12,3,shipped,4,3,22402000.0
1137,1137,2024-11-13,2024-11-13,2,shipped,1,1,1992000.0
1138,1138,2024-11-13,2024-11-11,3,delivered,1,2,12518000.0
1139,1139,2024-11-13,2024-11-11,1,delivered,3,3,1886000.0
1140,1140,2024-11-13,2024-11-13,1,shipped,4,3,4890000.0
1141,1141,2024-11-13,2024-11-13,2,pending,3,1,2051500.0
1142,1142,2024-11-13,2024-11-11,1,delivered,1,1,3260000.0
1143,1143,2024-11-12,2024-11-11,1,shipped,1,1,2322000.0
1144,1144,2024-11-13,2024-11-13,3,delivered,2,3,15956600.0
1145,1145,2024-11-13,2024-11-11,2,pending,4,1,6190000.0
1146,1146,2024-11-13,2024-11-12,1,pending,1,2,987000.0
1147,1147,2024-11-11,2024-11-11,3,pending,4,1,12157000.0
1148,1148,2024-11-13,2024-11-13,1,pending,1,2,13152000.0
1149,1149,2024-11-13,2024-11-13,3,processing,3,3,9331000.0
1150,1150,2024-11-13,2024-11-13,1,shipped,1,1,3594000.0
1151,1151,2024-11-13,2024-11-11,1,pending,3,3,31224000.0
1152,1152,2024-11-12,2024-11-12,3,delivered,2,3,20133000.0
1153,1153,2024-11-13,2024-11-13,3,pending,1,3,5671300.0
1154,1154,2024-11-11,2024-11-11,2,processing,2,2,4597000.0
1155,1155,2024-11-12,2024-11-11,3,cancelled,2,3,61844700.0
1156,1156,2024-11-13,2024-11-12,2,shipped,2,3,6230000.0
1157,1157,2024-11-11,2024-11-11,1,cancelled,1,3,2514000.0
1158,1158,2024-11-11,2024-11-11,1,cancelled,2,3,1630000.0
1159,1159,2024-11-12,2024-11-11,3,cancelled,1,2,27122000.0
1160,1160,2024-11-13,2024-11-12,3,processing,3,3,5213100.0
1161,1161,2024-11-12,2024-11-12,1,processing,4,2,4890000.0
1162,1162,2024-11-11,2024-11-11,1,shipped,3,3,7467000.0
1163,1163,2024-11-13,2024-11-13,2,cancelled,4,1,8739000.0
1164,1164,2024-11-13,2024-11-13,1,delivered,3,1,885000.0
1165,1165,2024-11-13,2024-11-13,1,delivered,3,1,2610000.0
1166,1166,2024-11-11,2024-11-11,1,delivered,1,2,6456000.0
1167,1167,2024-11-13,2024-11-12,1,cancelled,3,2,526000.0
1168,1168,2024-11-13,2024-11-12,3,delivered,1,1,35118000.0
1169,1169,2024-11-12,2024-11-12,2,processing,1,2,27172000.0
1170,1170,2024-11-13,2024-11-12,2,shipped,2,3,31118000.0
1171,1171,2024-11-13,2024-11-13,2,pending,4,1,26619000.0
1172,1172,2024-11-12,2024-11-12,3,cancelled,3,2,15213000.0
1173,1173,2024-11-12,2024-11-11,2,shipped,4,1,4288900.0
1174,1174,2024-11-13,2024-11-13,1,delivered,2,2,744000.0
1175,1175,2024-11-13,2024-11-11,3,shipped,2,1,6124000.0
1176,1176,2024-11-13,2024-11-13,1,pending,4,1,1246000.0
1177,1177,2024-11-11,2024-11-11,1,pending,3,3,34710000.0
1178,1178,2024-11-13,2024-11-11,1,processing,3,1,4820000.0
1179,1179,2024-11-13,2024-11-11,3,pending,1,1,31988900.0
1180,1180,2024-11-12,2024-11-11,1,delivered,2,2,3872000.0
1181,1181,2024-11-13,2024-11-13,1,cancelled,1,2,2991000.0
1182,1182,2024-11-13,2024-11-11,1,pending,4,3,131718000.0
1183,1183,2024-11-13,2024-11-13,2,pending,2,1,5416000.0
1184,1184,2024-11-12,2024-11-12,2,shipped,3,2,7974750.0
1185,1185,2024-11-13,2024-11-13,1,shipped,1,3,3726000.0
1186,1186,2024-11-13,2024-11-13,2,processing,1,3,22912000.0
1187,1187,2024-11-12,2024-11-12,1,delivered,1,1,5568000.0
1188,1188,2024-11-12,2024-11-11,3,processing,4,2,70555000.0
1189,1189,2024-11-12,2024-11-12,3,cancelled,2,2,6368000.0
1190,1190,2024-11-13,2024-11-13,3,delivered,4,3,6207000.0
1191,1191,2024-11-13,2024-11-13,3,pending,1,3,7522000.0
1192,1192,2024-11-12,2024-11-12,1,delivered,2,2,1578000.0
1193,1193,2024-11-13,2024-11-12,3,delivered,2,3,6562000.0
1194,1194,2024-11-11,2024-11-11,3,shipped,1,1,11487000.0
1195,1195,2024-11-13,2024-11-13,3,pending,4,1,10023700.0
1196,1196,2024-11-12,2024-11-12,2,shipped,2,1,8207000.0
1197,1197,2024-11-13,2024-11-11,1,pending,4,2,727000.0
1198,1198,2024-11-12,2024-11-11,1,pending,3,3,6015000.0
1199,1199,2024-11-11,2024-11-11,3,processing,2,2,15685850.0
